theta,kappa,components
0.0,0.0,2
0.0006111111111111111,0.0,2
0.0012222222222222222,0.0,2
0.0018333333333333333,0.0,2
0.0024444444444444444,0.0,2
0.0030555555555555553,0.0,2
0.0036666666666666666,0.0,2
0.004277777777777778,0.0,2
0.004888888888888889,0.0,2
0.0055,0.0,2
0.0061111111111111106,0.0,2
0.006722222222222222,0.0,2
0.007333333333333333,0.0,2
0.007944444444444445,0.0,2
0.008555555555555556,0.0,2
0.009166666666666667,0.0,2
0.009777777777777778,0.0,2
0.010388888888888888,0.0,2
0.011,0.0,2
0.01161111111111111,0.0,2
0.012222222222222221,0.0,2
0.012833333333333334,0.0,2
0.013444444444444445,0.0,2
0.014055555555555556,0.0,2
0.014666666666666666,0.0,2
0.015277777777777777,0.0,2
0.01588888888888889,0.0,2
0.0165,0.0,2
0.01711111111111111,0.0,2
0.017722222222222223,0.0,2
0.018333333333333333,0.0,2
0.018944444444444444,0.0,2
0.019555555555555555,0.0,2
0.020166666666666666,0.0,2
0.020777777777777777,0.0,2
0.021388888888888888,0.0,2
0.022,0.0,2
0.02261111111111111,0.0,2
0.02322222222222222,0.0,2
0.02383333333333333,0.0,2
0.024444444444444442,0.0,2
0.025055555555555557,0.0,2
0.025666666666666667,0.0,2
0.02627777777777778,0.0,2
0.02688888888888889,0.0,2
0.0275,0.0,2
0.02811111111111111,0.0,2
0.028722222222222222,0.0,2
0.029333333333333333,0.0,2
0.029944444444444444,0.0,2
0.030555555555555555,0.0,2
0.031166666666666665,0.0,2
0.03177777777777778,0.0,2
0.03238888888888889,0.0,2
0.033,0.0,2
0.03361111111111111,0.0,2
0.03422222222222222,0.0,2
0.034833333333333334,0.0,2
0.035444444444444445,0.0,2
0.036055555555555556,0.0,2
0.03666666666666667,0.0,2
0.03727777777777778,0.0,2
0.03788888888888889,0.0,2
0.0385,0.0,1
0.03911111111111111,0.0,1
0.03972222222222222,0.0,1
0.04033333333333333,0.0,1
0.04094444444444444,0.0,1
0.041555555555555554,0.0,1
0.042166666666666665,0.0,1
0.042777777777777776,0.0,1
0.04338888888888889,0.0,1
0.044,0.0,1
0.04461111111111111,0.0,1
0.04522222222222222,0.0,1
0.04583333333333333,0.0,1
0.04644444444444444,0.0,1
0.04705555555555555,0.0,1
0.04766666666666666,0.0,1
0.048277777777777774,0.0,1
0.048888888888888885,0.0,1
0.0495,0.0,1
0.05011111111111111,0.0,1
0.050722222222222224,0.0,1
0.051333333333333335,0.0,1
0.051944444444444446,0.0,1
0.05255555555555556,0.0,1
0.05316666666666667,0.0,1
0.05377777777777778,0.0,1
0.05438888888888889,0.0,1
0.055,0.0,1
0.0,0.00024444444444444443,2
0.0006111111111111111,0.00024444444444444443,2
0.0012222222222222222,0.00024444444444444443,2
0.0018333333333333333,0.00024444444444444443,2
0.0024444444444444444,0.00024444444444444443,2
0.0030555555555555553,0.00024444444444444443,2
0.0036666666666666666,0.00024444444444444443,2
0.004277777777777778,0.00024444444444444443,2
0.004888888888888889,0.00024444444444444443,2
0.0055,0.00024444444444444443,2
0.0061111111111111106,0.00024444444444444443,2
0.006722222222222222,0.00024444444444444443,2
0.007333333333333333,0.00024444444444444443,2
0.007944444444444445,0.00024444444444444443,2
0.008555555555555556,0.00024444444444444443,2
0.009166666666666667,0.00024444444444444443,2
0.009777777777777778,0.00024444444444444443,2
0.010388888888888888,0.00024444444444444443,2
0.011,0.00024444444444444443,2
0.01161111111111111,0.00024444444444444443,2
0.012222222222222221,0.00024444444444444443,2
0.012833333333333334,0.00024444444444444443,2
0.013444444444444445,0.00024444444444444443,2
0.014055555555555556,0.00024444444444444443,2
0.014666666666666666,0.00024444444444444443,2
0.015277777777777777,0.00024444444444444443,2
0.01588888888888889,0.00024444444444444443,2
0.0165,0.00024444444444444443,2
0.01711111111111111,0.00024444444444444443,2
0.017722222222222223,0.00024444444444444443,2
0.018333333333333333,0.00024444444444444443,2
0.018944444444444444,0.00024444444444444443,2
0.019555555555555555,0.00024444444444444443,2
0.020166666666666666,0.00024444444444444443,2
0.020777777777777777,0.00024444444444444443,2
0.021388888888888888,0.00024444444444444443,2
0.022,0.00024444444444444443,2
0.02261111111111111,0.00024444444444444443,2
0.02322222222222222,0.00024444444444444443,2
0.02383333333333333,0.00024444444444444443,2
0.024444444444444442,0.00024444444444444443,2
0.025055555555555557,0.00024444444444444443,2
0.025666666666666667,0.00024444444444444443,2
0.02627777777777778,0.00024444444444444443,2
0.02688888888888889,0.00024444444444444443,2
0.0275,0.00024444444444444443,2
0.02811111111111111,0.00024444444444444443,2
0.028722222222222222,0.00024444444444444443,2
0.029333333333333333,0.00024444444444444443,2
0.029944444444444444,0.00024444444444444443,2
0.030555555555555555,0.00024444444444444443,2
0.031166666666666665,0.00024444444444444443,2
0.03177777777777778,0.00024444444444444443,2
0.03238888888888889,0.00024444444444444443,2
0.033,0.00024444444444444443,2
0.03361111111111111,0.00024444444444444443,2
0.03422222222222222,0.00024444444444444443,2
0.034833333333333334,0.00024444444444444443,2
0.035444444444444445,0.00024444444444444443,2
0.036055555555555556,0.00024444444444444443,2
0.03666666666666667,0.00024444444444444443,2
0.03727777777777778,0.00024444444444444443,1
0.03788888888888889,0.00024444444444444443,1
0.0385,0.00024444444444444443,1
0.03911111111111111,0.00024444444444444443,1
0.03972222222222222,0.00024444444444444443,1
0.04033333333333333,0.00024444444444444443,1
0.04094444444444444,0.00024444444444444443,1
0.041555555555555554,0.00024444444444444443,1
0.042166666666666665,0.00024444444444444443,1
0.042777777777777776,0.00024444444444444443,1
0.04338888888888889,0.00024444444444444443,1
0.044,0.00024444444444444443,1
0.04461111111111111,0.00024444444444444443,1
0.04522222222222222,0.00024444444444444443,1
0.04583333333333333,0.00024444444444444443,1
0.04644444444444444,0.00024444444444444443,1
0.04705555555555555,0.00024444444444444443,1
0.04766666666666666,0.00024444444444444443,1
0.048277777777777774,0.00024444444444444443,1
0.048888888888888885,0.00024444444444444443,1
0.0495,0.00024444444444444443,1
0.05011111111111111,0.00024444444444444443,1
0.050722222222222224,0.00024444444444444443,1
0.051333333333333335,0.00024444444444444443,1
0.051944444444444446,0.00024444444444444443,1
0.05255555555555556,0.00024444444444444443,1
0.05316666666666667,0.00024444444444444443,1
0.05377777777777778,0.00024444444444444443,1
0.05438888888888889,0.00024444444444444443,1
0.055,0.00024444444444444443,1
0.0,0.0004888888888888889,2
0.0006111111111111111,0.0004888888888888889,2
0.0012222222222222222,0.0004888888888888889,2
0.0018333333333333333,0.0004888888888888889,2
0.0024444444444444444,0.0004888888888888889,2
0.0030555555555555553,0.0004888888888888889,2
0.0036666666666666666,0.0004888888888888889,2
0.004277777777777778,0.0004888888888888889,2
0.004888888888888889,0.0004888888888888889,2
0.0055,0.0004888888888888889,2
0.0061111111111111106,0.0004888888888888889,2
0.006722222222222222,0.0004888888888888889,2
0.007333333333333333,0.0004888888888888889,2
0.007944444444444445,0.0004888888888888889,2
0.008555555555555556,0.0004888888888888889,2
0.009166666666666667,0.0004888888888888889,2
0.009777777777777778,0.0004888888888888889,2
0.010388888888888888,0.0004888888888888889,2
0.011,0.0004888888888888889,2
0.01161111111111111,0.0004888888888888889,2
0.012222222222222221,0.0004888888888888889,2
0.012833333333333334,0.0004888888888888889,2
0.013444444444444445,0.0004888888888888889,2
0.014055555555555556,0.0004888888888888889,2
0.014666666666666666,0.0004888888888888889,2
0.015277777777777777,0.0004888888888888889,2
0.01588888888888889,0.0004888888888888889,2
0.0165,0.0004888888888888889,2
0.01711111111111111,0.0004888888888888889,2
0.017722222222222223,0.0004888888888888889,2
0.018333333333333333,0.0004888888888888889,2
0.018944444444444444,0.0004888888888888889,2
0.019555555555555555,0.0004888888888888889,2
0.020166666666666666,0.0004888888888888889,2
0.020777777777777777,0.0004888888888888889,2
0.021388888888888888,0.0004888888888888889,2
0.022,0.0004888888888888889,2
0.02261111111111111,0.0004888888888888889,2
0.02322222222222222,0.0004888888888888889,2
0.02383333333333333,0.0004888888888888889,2
0.024444444444444442,0.0004888888888888889,2
0.025055555555555557,0.0004888888888888889,2
0.025666666666666667,0.0004888888888888889,2
0.02627777777777778,0.0004888888888888889,2
0.02688888888888889,0.0004888888888888889,2
0.0275,0.0004888888888888889,2
0.02811111111111111,0.0004888888888888889,2
0.028722222222222222,0.0004888888888888889,2
0.029333333333333333,0.0004888888888888889,2
0.029944444444444444,0.0004888888888888889,2
0.030555555555555555,0.0004888888888888889,2
0.031166666666666665,0.0004888888888888889,2
0.03177777777777778,0.0004888888888888889,2
0.03238888888888889,0.0004888888888888889,2
0.033,0.0004888888888888889,2
0.03361111111111111,0.0004888888888888889,2
0.03422222222222222,0.0004888888888888889,2
0.034833333333333334,0.0004888888888888889,2
0.035444444444444445,0.0004888888888888889,2
0.036055555555555556,0.0004888888888888889,2
0.03666666666666667,0.0004888888888888889,1
0.03727777777777778,0.0004888888888888889,1
0.03788888888888889,0.0004888888888888889,1
0.0385,0.0004888888888888889,1
0.03911111111111111,0.0004888888888888889,1
0.03972222222222222,0.0004888888888888889,1
0.04033333333333333,0.0004888888888888889,1
0.04094444444444444,0.0004888888888888889,1
0.041555555555555554,0.0004888888888888889,1
0.042166666666666665,0.0004888888888888889,1
0.042777777777777776,0.0004888888888888889,1
0.04338888888888889,0.0004888888888888889,1
0.044,0.0004888888888888889,1
0.04461111111111111,0.0004888888888888889,1
0.04522222222222222,0.0004888888888888889,1
0.04583333333333333,0.0004888888888888889,1
0.04644444444444444,0.0004888888888888889,1
0.04705555555555555,0.0004888888888888889,1
0.04766666666666666,0.0004888888888888889,1
0.048277777777777774,0.0004888888888888889,1
0.048888888888888885,0.0004888888888888889,1
0.0495,0.0004888888888888889,1
0.05011111111111111,0.0004888888888888889,1
0.050722222222222224,0.0004888888888888889,1
0.051333333333333335,0.0004888888888888889,1
0.051944444444444446,0.0004888888888888889,1
0.05255555555555556,0.0004888888888888889,1
0.05316666666666667,0.0004888888888888889,1
0.05377777777777778,0.0004888888888888889,1
0.05438888888888889,0.0004888888888888889,1
0.055,0.0004888888888888889,1
0.0,0.0007333333333333332,2
0.0006111111111111111,0.0007333333333333332,2
0.0012222222222222222,0.0007333333333333332,2
0.0018333333333333333,0.0007333333333333332,2
0.0024444444444444444,0.0007333333333333332,2
0.0030555555555555553,0.0007333333333333332,2
0.0036666666666666666,0.0007333333333333332,2
0.004277777777777778,0.0007333333333333332,2
0.004888888888888889,0.0007333333333333332,2
0.0055,0.0007333333333333332,2
0.0061111111111111106,0.0007333333333333332,2
0.006722222222222222,0.0007333333333333332,2
0.007333333333333333,0.0007333333333333332,2
0.007944444444444445,0.0007333333333333332,2
0.008555555555555556,0.0007333333333333332,2
0.009166666666666667,0.0007333333333333332,2
0.009777777777777778,0.0007333333333333332,2
0.010388888888888888,0.0007333333333333332,2
0.011,0.0007333333333333332,2
0.01161111111111111,0.0007333333333333332,2
0.012222222222222221,0.0007333333333333332,2
0.012833333333333334,0.0007333333333333332,2
0.013444444444444445,0.0007333333333333332,2
0.014055555555555556,0.0007333333333333332,2
0.014666666666666666,0.0007333333333333332,2
0.015277777777777777,0.0007333333333333332,2
0.01588888888888889,0.0007333333333333332,2
0.0165,0.0007333333333333332,2
0.01711111111111111,0.0007333333333333332,2
0.017722222222222223,0.0007333333333333332,2
0.018333333333333333,0.0007333333333333332,2
0.018944444444444444,0.0007333333333333332,2
0.019555555555555555,0.0007333333333333332,2
0.020166666666666666,0.0007333333333333332,2
0.020777777777777777,0.0007333333333333332,2
0.021388888888888888,0.0007333333333333332,2
0.022,0.0007333333333333332,2
0.02261111111111111,0.0007333333333333332,2
0.02322222222222222,0.0007333333333333332,2
0.02383333333333333,0.0007333333333333332,2
0.024444444444444442,0.0007333333333333332,2
0.025055555555555557,0.0007333333333333332,2
0.025666666666666667,0.0007333333333333332,2
0.02627777777777778,0.0007333333333333332,2
0.02688888888888889,0.0007333333333333332,2
0.0275,0.0007333333333333332,2
0.02811111111111111,0.0007333333333333332,2
0.028722222222222222,0.0007333333333333332,2
0.029333333333333333,0.0007333333333333332,2
0.029944444444444444,0.0007333333333333332,2
0.030555555555555555,0.0007333333333333332,2
0.031166666666666665,0.0007333333333333332,2
0.03177777777777778,0.0007333333333333332,2
0.03238888888888889,0.0007333333333333332,2
0.033,0.0007333333333333332,2
0.03361111111111111,0.0007333333333333332,2
0.03422222222222222,0.0007333333333333332,2
0.034833333333333334,0.0007333333333333332,2
0.035444444444444445,0.0007333333333333332,1
0.036055555555555556,0.0007333333333333332,1
0.03666666666666667,0.0007333333333333332,1
0.03727777777777778,0.0007333333333333332,1
0.03788888888888889,0.0007333333333333332,1
0.0385,0.0007333333333333332,1
0.03911111111111111,0.0007333333333333332,1
0.03972222222222222,0.0007333333333333332,1
0.04033333333333333,0.0007333333333333332,1
0.04094444444444444,0.0007333333333333332,1
0.041555555555555554,0.0007333333333333332,1
0.042166666666666665,0.0007333333333333332,1
0.042777777777777776,0.0007333333333333332,1
0.04338888888888889,0.0007333333333333332,1
0.044,0.0007333333333333332,1
0.04461111111111111,0.0007333333333333332,1
0.04522222222222222,0.0007333333333333332,1
0.04583333333333333,0.0007333333333333332,1
0.04644444444444444,0.0007333333333333332,1
0.04705555555555555,0.0007333333333333332,1
0.04766666666666666,0.0007333333333333332,1
0.048277777777777774,0.0007333333333333332,1
0.048888888888888885,0.0007333333333333332,1
0.0495,0.0007333333333333332,1
0.05011111111111111,0.0007333333333333332,1
0.050722222222222224,0.0007333333333333332,1
0.051333333333333335,0.0007333333333333332,1
0.051944444444444446,0.0007333333333333332,1
0.05255555555555556,0.0007333333333333332,1
0.05316666666666667,0.0007333333333333332,1
0.05377777777777778,0.0007333333333333332,1
0.05438888888888889,0.0007333333333333332,1
0.055,0.0007333333333333332,1
0.0,0.0009777777777777777,2
0.0006111111111111111,0.0009777777777777777,2
0.0012222222222222222,0.0009777777777777777,2
0.0018333333333333333,0.0009777777777777777,2
0.0024444444444444444,0.0009777777777777777,2
0.0030555555555555553,0.0009777777777777777,2
0.0036666666666666666,0.0009777777777777777,2
0.004277777777777778,0.0009777777777777777,2
0.004888888888888889,0.0009777777777777777,2
0.0055,0.0009777777777777777,2
0.0061111111111111106,0.0009777777777777777,2
0.006722222222222222,0.0009777777777777777,2
0.007333333333333333,0.0009777777777777777,2
0.007944444444444445,0.0009777777777777777,2
0.008555555555555556,0.0009777777777777777,2
0.009166666666666667,0.0009777777777777777,2
0.009777777777777778,0.0009777777777777777,2
0.010388888888888888,0.0009777777777777777,2
0.011,0.0009777777777777777,2
0.01161111111111111,0.0009777777777777777,2
0.012222222222222221,0.0009777777777777777,2
0.012833333333333334,0.0009777777777777777,2
0.013444444444444445,0.0009777777777777777,2
0.014055555555555556,0.0009777777777777777,2
0.014666666666666666,0.0009777777777777777,2
0.015277777777777777,0.0009777777777777777,2
0.01588888888888889,0.0009777777777777777,2
0.0165,0.0009777777777777777,2
0.01711111111111111,0.0009777777777777777,2
0.017722222222222223,0.0009777777777777777,2
0.018333333333333333,0.0009777777777777777,2
0.018944444444444444,0.0009777777777777777,2
0.019555555555555555,0.0009777777777777777,2
0.020166666666666666,0.0009777777777777777,2
0.020777777777777777,0.0009777777777777777,2
0.021388888888888888,0.0009777777777777777,2
0.022,0.0009777777777777777,2
0.02261111111111111,0.0009777777777777777,2
0.02322222222222222,0.0009777777777777777,2
0.02383333333333333,0.0009777777777777777,2
0.024444444444444442,0.0009777777777777777,2
0.025055555555555557,0.0009777777777777777,2
0.025666666666666667,0.0009777777777777777,2
0.02627777777777778,0.0009777777777777777,2
0.02688888888888889,0.0009777777777777777,2
0.0275,0.0009777777777777777,2
0.02811111111111111,0.0009777777777777777,2
0.028722222222222222,0.0009777777777777777,2
0.029333333333333333,0.0009777777777777777,2
0.029944444444444444,0.0009777777777777777,2
0.030555555555555555,0.0009777777777777777,2
0.031166666666666665,0.0009777777777777777,2
0.03177777777777778,0.0009777777777777777,2
0.03238888888888889,0.0009777777777777777,2
0.033,0.0009777777777777777,2
0.03361111111111111,0.0009777777777777777,2
0.03422222222222222,0.0009777777777777777,2
0.034833333333333334,0.0009777777777777777,1
0.035444444444444445,0.0009777777777777777,1
0.036055555555555556,0.0009777777777777777,1
0.03666666666666667,0.0009777777777777777,1
0.03727777777777778,0.0009777777777777777,1
0.03788888888888889,0.0009777777777777777,1
0.0385,0.0009777777777777777,1
0.03911111111111111,0.0009777777777777777,1
0.03972222222222222,0.0009777777777777777,1
0.04033333333333333,0.0009777777777777777,1
0.04094444444444444,0.0009777777777777777,1
0.041555555555555554,0.0009777777777777777,1
0.042166666666666665,0.0009777777777777777,1
0.042777777777777776,0.0009777777777777777,1
0.04338888888888889,0.0009777777777777777,1
0.044,0.0009777777777777777,1
0.04461111111111111,0.0009777777777777777,1
0.04522222222222222,0.0009777777777777777,1
0.04583333333333333,0.0009777777777777777,1
0.04644444444444444,0.0009777777777777777,1
0.04705555555555555,0.0009777777777777777,1
0.04766666666666666,0.0009777777777777777,1
0.048277777777777774,0.0009777777777777777,1
0.048888888888888885,0.0009777777777777777,1
0.0495,0.0009777777777777777,1
0.05011111111111111,0.0009777777777777777,1
0.050722222222222224,0.0009777777777777777,1
0.051333333333333335,0.0009777777777777777,1
0.051944444444444446,0.0009777777777777777,1
0.05255555555555556,0.0009777777777777777,1
0.05316666666666667,0.0009777777777777777,1
0.05377777777777778,0.0009777777777777777,1
0.05438888888888889,0.0009777777777777777,1
0.055,0.0009777777777777777,1
0.0,0.0012222222222222222,2
0.0006111111111111111,0.0012222222222222222,2
0.0012222222222222222,0.0012222222222222222,2
0.0018333333333333333,0.0012222222222222222,2
0.0024444444444444444,0.0012222222222222222,2
0.0030555555555555553,0.0012222222222222222,2
0.0036666666666666666,0.0012222222222222222,2
0.004277777777777778,0.0012222222222222222,2
0.004888888888888889,0.0012222222222222222,2
0.0055,0.0012222222222222222,2
0.0061111111111111106,0.0012222222222222222,2
0.006722222222222222,0.0012222222222222222,2
0.007333333333333333,0.0012222222222222222,2
0.007944444444444445,0.0012222222222222222,2
0.008555555555555556,0.0012222222222222222,2
0.009166666666666667,0.0012222222222222222,2
0.009777777777777778,0.0012222222222222222,2
0.010388888888888888,0.0012222222222222222,2
0.011,0.0012222222222222222,2
0.01161111111111111,0.0012222222222222222,2
0.012222222222222221,0.0012222222222222222,2
0.012833333333333334,0.0012222222222222222,2
0.013444444444444445,0.0012222222222222222,2
0.014055555555555556,0.0012222222222222222,2
0.014666666666666666,0.0012222222222222222,2
0.015277777777777777,0.0012222222222222222,2
0.01588888888888889,0.0012222222222222222,2
0.0165,0.0012222222222222222,2
0.01711111111111111,0.0012222222222222222,2
0.017722222222222223,0.0012222222222222222,2
0.018333333333333333,0.0012222222222222222,2
0.018944444444444444,0.0012222222222222222,2
0.019555555555555555,0.0012222222222222222,2
0.020166666666666666,0.0012222222222222222,2
0.020777777777777777,0.0012222222222222222,2
0.021388888888888888,0.0012222222222222222,2
0.022,0.0012222222222222222,2
0.02261111111111111,0.0012222222222222222,2
0.02322222222222222,0.0012222222222222222,2
0.02383333333333333,0.0012222222222222222,2
0.024444444444444442,0.0012222222222222222,2
0.025055555555555557,0.0012222222222222222,2
0.025666666666666667,0.0012222222222222222,2
0.02627777777777778,0.0012222222222222222,2
0.02688888888888889,0.0012222222222222222,2
0.0275,0.0012222222222222222,2
0.02811111111111111,0.0012222222222222222,2
0.028722222222222222,0.0012222222222222222,2
0.029333333333333333,0.0012222222222222222,2
0.029944444444444444,0.0012222222222222222,2
0.030555555555555555,0.0012222222222222222,2
0.031166666666666665,0.0012222222222222222,2
0.03177777777777778,0.0012222222222222222,2
0.03238888888888889,0.0012222222222222222,2
0.033,0.0012222222222222222,2
0.03361111111111111,0.0012222222222222222,2
0.03422222222222222,0.0012222222222222222,1
0.034833333333333334,0.0012222222222222222,1
0.035444444444444445,0.0012222222222222222,1
0.036055555555555556,0.0012222222222222222,1
0.03666666666666667,0.0012222222222222222,1
0.03727777777777778,0.0012222222222222222,1
0.03788888888888889,0.0012222222222222222,1
0.0385,0.0012222222222222222,1
0.03911111111111111,0.0012222222222222222,1
0.03972222222222222,0.0012222222222222222,1
0.04033333333333333,0.0012222222222222222,1
0.04094444444444444,0.0012222222222222222,1
0.041555555555555554,0.0012222222222222222,1
0.042166666666666665,0.0012222222222222222,1
0.042777777777777776,0.0012222222222222222,1
0.04338888888888889,0.0012222222222222222,1
0.044,0.0012222222222222222,1
0.04461111111111111,0.0012222222222222222,1
0.04522222222222222,0.0012222222222222222,1
0.04583333333333333,0.0012222222222222222,1
0.04644444444444444,0.0012222222222222222,1
0.04705555555555555,0.0012222222222222222,1
0.04766666666666666,0.0012222222222222222,1
0.048277777777777774,0.0012222222222222222,1
0.048888888888888885,0.0012222222222222222,1
0.0495,0.0012222222222222222,1
0.05011111111111111,0.0012222222222222222,1
0.050722222222222224,0.0012222222222222222,1
0.051333333333333335,0.0012222222222222222,1
0.051944444444444446,0.0012222222222222222,1
0.05255555555555556,0.0012222222222222222,1
0.05316666666666667,0.0012222222222222222,1
0.05377777777777778,0.0012222222222222222,1
0.05438888888888889,0.0012222222222222222,1
0.055,0.0012222222222222222,1
0.0,0.0014666666666666665,2
0.0006111111111111111,0.0014666666666666665,2
0.0012222222222222222,0.0014666666666666665,2
0.0018333333333333333,0.0014666666666666665,2
0.0024444444444444444,0.0014666666666666665,2
0.0030555555555555553,0.0014666666666666665,2
0.0036666666666666666,0.0014666666666666665,2
0.004277777777777778,0.0014666666666666665,2
0.004888888888888889,0.0014666666666666665,2
0.0055,0.0014666666666666665,2
0.0061111111111111106,0.0014666666666666665,2
0.006722222222222222,0.0014666666666666665,2
0.007333333333333333,0.0014666666666666665,2
0.007944444444444445,0.0014666666666666665,2
0.008555555555555556,0.0014666666666666665,2
0.009166666666666667,0.0014666666666666665,2
0.009777777777777778,0.0014666666666666665,2
0.010388888888888888,0.0014666666666666665,2
0.011,0.0014666666666666665,2
0.01161111111111111,0.0014666666666666665,2
0.012222222222222221,0.0014666666666666665,2
0.012833333333333334,0.0014666666666666665,2
0.013444444444444445,0.0014666666666666665,2
0.014055555555555556,0.0014666666666666665,2
0.014666666666666666,0.0014666666666666665,2
0.015277777777777777,0.0014666666666666665,2
0.01588888888888889,0.0014666666666666665,2
0.0165,0.0014666666666666665,2
0.01711111111111111,0.0014666666666666665,2
0.017722222222222223,0.0014666666666666665,2
0.018333333333333333,0.0014666666666666665,2
0.018944444444444444,0.0014666666666666665,2
0.019555555555555555,0.0014666666666666665,2
0.020166666666666666,0.0014666666666666665,2
0.020777777777777777,0.0014666666666666665,2
0.021388888888888888,0.0014666666666666665,2
0.022,0.0014666666666666665,2
0.02261111111111111,0.0014666666666666665,2
0.02322222222222222,0.0014666666666666665,2
0.02383333333333333,0.0014666666666666665,2
0.024444444444444442,0.0014666666666666665,2
0.025055555555555557,0.0014666666666666665,2
0.025666666666666667,0.0014666666666666665,2
0.02627777777777778,0.0014666666666666665,2
0.02688888888888889,0.0014666666666666665,2
0.0275,0.0014666666666666665,2
0.02811111111111111,0.0014666666666666665,2
0.028722222222222222,0.0014666666666666665,2
0.029333333333333333,0.0014666666666666665,2
0.029944444444444444,0.0014666666666666665,2
0.030555555555555555,0.0014666666666666665,2
0.031166666666666665,0.0014666666666666665,2
0.03177777777777778,0.0014666666666666665,2
0.03238888888888889,0.0014666666666666665,2
0.033,0.0014666666666666665,1
0.03361111111111111,0.0014666666666666665,1
0.03422222222222222,0.0014666666666666665,1
0.034833333333333334,0.0014666666666666665,1
0.035444444444444445,0.0014666666666666665,1
0.036055555555555556,0.0014666666666666665,1
0.03666666666666667,0.0014666666666666665,1
0.03727777777777778,0.0014666666666666665,1
0.03788888888888889,0.0014666666666666665,1
0.0385,0.0014666666666666665,1
0.03911111111111111,0.0014666666666666665,1
0.03972222222222222,0.0014666666666666665,1
0.04033333333333333,0.0014666666666666665,1
0.04094444444444444,0.0014666666666666665,1
0.041555555555555554,0.0014666666666666665,1
0.042166666666666665,0.0014666666666666665,1
0.042777777777777776,0.0014666666666666665,1
0.04338888888888889,0.0014666666666666665,1
0.044,0.0014666666666666665,1
0.04461111111111111,0.0014666666666666665,1
0.04522222222222222,0.0014666666666666665,1
0.04583333333333333,0.0014666666666666665,1
0.04644444444444444,0.0014666666666666665,1
0.04705555555555555,0.0014666666666666665,1
0.04766666666666666,0.0014666666666666665,1
0.048277777777777774,0.0014666666666666665,1
0.048888888888888885,0.0014666666666666665,1
0.0495,0.0014666666666666665,1
0.05011111111111111,0.0014666666666666665,1
0.050722222222222224,0.0014666666666666665,1
0.051333333333333335,0.0014666666666666665,1
0.051944444444444446,0.0014666666666666665,1
0.05255555555555556,0.0014666666666666665,1
0.05316666666666667,0.0014666666666666665,1
0.05377777777777778,0.0014666666666666665,1
0.05438888888888889,0.0014666666666666665,1
0.055,0.0014666666666666665,1
0.0,0.001711111111111111,2
0.0006111111111111111,0.001711111111111111,2
0.0012222222222222222,0.001711111111111111,2
0.0018333333333333333,0.001711111111111111,2
0.0024444444444444444,0.001711111111111111,2
0.0030555555555555553,0.001711111111111111,2
0.0036666666666666666,0.001711111111111111,2
0.004277777777777778,0.001711111111111111,2
0.004888888888888889,0.001711111111111111,2
0.0055,0.001711111111111111,2
0.0061111111111111106,0.001711111111111111,2
0.006722222222222222,0.001711111111111111,2
0.007333333333333333,0.001711111111111111,2
0.007944444444444445,0.001711111111111111,2
0.008555555555555556,0.001711111111111111,2
0.009166666666666667,0.001711111111111111,2
0.009777777777777778,0.001711111111111111,2
0.010388888888888888,0.001711111111111111,2
0.011,0.001711111111111111,2
0.01161111111111111,0.001711111111111111,2
0.012222222222222221,0.001711111111111111,2
0.012833333333333334,0.001711111111111111,2
0.013444444444444445,0.001711111111111111,2
0.014055555555555556,0.001711111111111111,2
0.014666666666666666,0.001711111111111111,2
0.015277777777777777,0.001711111111111111,2
0.01588888888888889,0.001711111111111111,2
0.0165,0.001711111111111111,2
0.01711111111111111,0.001711111111111111,2
0.017722222222222223,0.001711111111111111,2
0.018333333333333333,0.001711111111111111,2
0.018944444444444444,0.001711111111111111,2
0.019555555555555555,0.001711111111111111,2
0.020166666666666666,0.001711111111111111,2
0.020777777777777777,0.001711111111111111,2
0.021388888888888888,0.001711111111111111,2
0.022,0.001711111111111111,2
0.02261111111111111,0.001711111111111111,2
0.02322222222222222,0.001711111111111111,2
0.02383333333333333,0.001711111111111111,2
0.024444444444444442,0.001711111111111111,2
0.025055555555555557,0.001711111111111111,2
0.025666666666666667,0.001711111111111111,2
0.02627777777777778,0.001711111111111111,2
0.02688888888888889,0.001711111111111111,2
0.0275,0.001711111111111111,2
0.02811111111111111,0.001711111111111111,2
0.028722222222222222,0.001711111111111111,2
0.029333333333333333,0.001711111111111111,2
0.029944444444444444,0.001711111111111111,2
0.030555555555555555,0.001711111111111111,2
0.031166666666666665,0.001711111111111111,2
0.03177777777777778,0.001711111111111111,2
0.03238888888888889,0.001711111111111111,1
0.033,0.001711111111111111,1
0.03361111111111111,0.001711111111111111,1
0.03422222222222222,0.001711111111111111,1
0.034833333333333334,0.001711111111111111,1
0.035444444444444445,0.001711111111111111,1
0.036055555555555556,0.001711111111111111,1
0.03666666666666667,0.001711111111111111,1
0.03727777777777778,0.001711111111111111,1
0.03788888888888889,0.001711111111111111,1
0.0385,0.001711111111111111,1
0.03911111111111111,0.001711111111111111,1
0.03972222222222222,0.001711111111111111,1
0.04033333333333333,0.001711111111111111,1
0.04094444444444444,0.001711111111111111,1
0.041555555555555554,0.001711111111111111,1
0.042166666666666665,0.001711111111111111,1
0.042777777777777776,0.001711111111111111,1
0.04338888888888889,0.001711111111111111,1
0.044,0.001711111111111111,1
0.04461111111111111,0.001711111111111111,1
0.04522222222222222,0.001711111111111111,1
0.04583333333333333,0.001711111111111111,1
0.04644444444444444,0.001711111111111111,1
0.04705555555555555,0.001711111111111111,1
0.04766666666666666,0.001711111111111111,1
0.048277777777777774,0.001711111111111111,1
0.048888888888888885,0.001711111111111111,1
0.0495,0.001711111111111111,1
0.05011111111111111,0.001711111111111111,1
0.050722222222222224,0.001711111111111111,1
0.051333333333333335,0.001711111111111111,1
0.051944444444444446,0.001711111111111111,1
0.05255555555555556,0.001711111111111111,1
0.05316666666666667,0.001711111111111111,1
0.05377777777777778,0.001711111111111111,1
0.05438888888888889,0.001711111111111111,1
0.055,0.001711111111111111,1
0.0,0.0019555555555555554,2
0.0006111111111111111,0.0019555555555555554,2
0.0012222222222222222,0.0019555555555555554,2
0.0018333333333333333,0.0019555555555555554,2
0.0024444444444444444,0.0019555555555555554,2
0.0030555555555555553,0.0019555555555555554,2
0.0036666666666666666,0.0019555555555555554,2
0.004277777777777778,0.0019555555555555554,2
0.004888888888888889,0.0019555555555555554,2
0.0055,0.0019555555555555554,2
0.0061111111111111106,0.0019555555555555554,2
0.006722222222222222,0.0019555555555555554,2
0.007333333333333333,0.0019555555555555554,2
0.007944444444444445,0.0019555555555555554,2
0.008555555555555556,0.0019555555555555554,2
0.009166666666666667,0.0019555555555555554,2
0.009777777777777778,0.0019555555555555554,2
0.010388888888888888,0.0019555555555555554,2
0.011,0.0019555555555555554,2
0.01161111111111111,0.0019555555555555554,2
0.012222222222222221,0.0019555555555555554,2
0.012833333333333334,0.0019555555555555554,2
0.013444444444444445,0.0019555555555555554,2
0.014055555555555556,0.0019555555555555554,2
0.014666666666666666,0.0019555555555555554,2
0.015277777777777777,0.0019555555555555554,2
0.01588888888888889,0.0019555555555555554,2
0.0165,0.0019555555555555554,2
0.01711111111111111,0.0019555555555555554,2
0.017722222222222223,0.0019555555555555554,2
0.018333333333333333,0.0019555555555555554,2
0.018944444444444444,0.0019555555555555554,2
0.019555555555555555,0.0019555555555555554,2
0.020166666666666666,0.0019555555555555554,2
0.020777777777777777,0.0019555555555555554,2
0.021388888888888888,0.0019555555555555554,2
0.022,0.0019555555555555554,2
0.02261111111111111,0.0019555555555555554,2
0.02322222222222222,0.0019555555555555554,2
0.02383333333333333,0.0019555555555555554,2
0.024444444444444442,0.0019555555555555554,2
0.025055555555555557,0.0019555555555555554,2
0.025666666666666667,0.0019555555555555554,2
0.02627777777777778,0.0019555555555555554,2
0.02688888888888889,0.0019555555555555554,2
0.0275,0.0019555555555555554,2
0.02811111111111111,0.0019555555555555554,2
0.028722222222222222,0.0019555555555555554,2
0.029333333333333333,0.0019555555555555554,2
0.029944444444444444,0.0019555555555555554,2
0.030555555555555555,0.0019555555555555554,2
0.031166666666666665,0.0019555555555555554,2
0.03177777777777778,0.0019555555555555554,1
0.03238888888888889,0.0019555555555555554,1
0.033,0.0019555555555555554,1
0.03361111111111111,0.0019555555555555554,1
0.03422222222222222,0.0019555555555555554,1
0.034833333333333334,0.0019555555555555554,1
0.035444444444444445,0.0019555555555555554,1
0.036055555555555556,0.0019555555555555554,1
0.03666666666666667,0.0019555555555555554,1
0.03727777777777778,0.0019555555555555554,1
0.03788888888888889,0.0019555555555555554,1
0.0385,0.0019555555555555554,1
0.03911111111111111,0.0019555555555555554,1
0.03972222222222222,0.0019555555555555554,1
0.04033333333333333,0.0019555555555555554,1
0.04094444444444444,0.0019555555555555554,1
0.041555555555555554,0.0019555555555555554,1
0.042166666666666665,0.0019555555555555554,1
0.042777777777777776,0.0019555555555555554,1
0.04338888888888889,0.0019555555555555554,1
0.044,0.0019555555555555554,1
0.04461111111111111,0.0019555555555555554,1
0.04522222222222222,0.0019555555555555554,1
0.04583333333333333,0.0019555555555555554,1
0.04644444444444444,0.0019555555555555554,1
0.04705555555555555,0.0019555555555555554,1
0.04766666666666666,0.0019555555555555554,1
0.048277777777777774,0.0019555555555555554,1
0.048888888888888885,0.0019555555555555554,1
0.0495,0.0019555555555555554,1
0.05011111111111111,0.0019555555555555554,1
0.050722222222222224,0.0019555555555555554,1
0.051333333333333335,0.0019555555555555554,1
0.051944444444444446,0.0019555555555555554,1
0.05255555555555556,0.0019555555555555554,1
0.05316666666666667,0.0019555555555555554,1
0.05377777777777778,0.0019555555555555554,1
0.05438888888888889,0.0019555555555555554,1
0.055,0.0019555555555555554,1
0.0,0.0021999999999999997,2
0.0006111111111111111,0.0021999999999999997,2
0.0012222222222222222,0.0021999999999999997,2
0.0018333333333333333,0.0021999999999999997,2
0.0024444444444444444,0.0021999999999999997,2
0.0030555555555555553,0.0021999999999999997,2
0.0036666666666666666,0.0021999999999999997,2
0.004277777777777778,0.0021999999999999997,2
0.004888888888888889,0.0021999999999999997,2
0.0055,0.0021999999999999997,2
0.0061111111111111106,0.0021999999999999997,2
0.006722222222222222,0.0021999999999999997,2
0.007333333333333333,0.0021999999999999997,2
0.007944444444444445,0.0021999999999999997,2
0.008555555555555556,0.0021999999999999997,2
0.009166666666666667,0.0021999999999999997,2
0.009777777777777778,0.0021999999999999997,2
0.010388888888888888,0.0021999999999999997,2
0.011,0.0021999999999999997,2
0.01161111111111111,0.0021999999999999997,2
0.012222222222222221,0.0021999999999999997,2
0.012833333333333334,0.0021999999999999997,2
0.013444444444444445,0.0021999999999999997,2
0.014055555555555556,0.0021999999999999997,2
0.014666666666666666,0.0021999999999999997,2
0.015277777777777777,0.0021999999999999997,2
0.01588888888888889,0.0021999999999999997,2
0.0165,0.0021999999999999997,2
0.01711111111111111,0.0021999999999999997,2
0.017722222222222223,0.0021999999999999997,2
0.018333333333333333,0.0021999999999999997,2
0.018944444444444444,0.0021999999999999997,2
0.019555555555555555,0.0021999999999999997,2
0.020166666666666666,0.0021999999999999997,2
0.020777777777777777,0.0021999999999999997,2
0.021388888888888888,0.0021999999999999997,2
0.022,0.0021999999999999997,2
0.02261111111111111,0.0021999999999999997,2
0.02322222222222222,0.0021999999999999997,2
0.02383333333333333,0.0021999999999999997,2
0.024444444444444442,0.0021999999999999997,2
0.025055555555555557,0.0021999999999999997,2
0.025666666666666667,0.0021999999999999997,2
0.02627777777777778,0.0021999999999999997,2
0.02688888888888889,0.0021999999999999997,2
0.0275,0.0021999999999999997,2
0.02811111111111111,0.0021999999999999997,2
0.028722222222222222,0.0021999999999999997,2
0.029333333333333333,0.0021999999999999997,2
0.029944444444444444,0.0021999999999999997,2
0.030555555555555555,0.0021999999999999997,1
0.031166666666666665,0.0021999999999999997,1
0.03177777777777778,0.0021999999999999997,1
0.03238888888888889,0.0021999999999999997,1
0.033,0.0021999999999999997,1
0.03361111111111111,0.0021999999999999997,1
0.03422222222222222,0.0021999999999999997,1
0.034833333333333334,0.0021999999999999997,1
0.035444444444444445,0.0021999999999999997,1
0.036055555555555556,0.0021999999999999997,1
0.03666666666666667,0.0021999999999999997,1
0.03727777777777778,0.0021999999999999997,1
0.03788888888888889,0.0021999999999999997,1
0.0385,0.0021999999999999997,1
0.03911111111111111,0.0021999999999999997,1
0.03972222222222222,0.0021999999999999997,1
0.04033333333333333,0.0021999999999999997,1
0.04094444444444444,0.0021999999999999997,1
0.041555555555555554,0.0021999999999999997,1
0.042166666666666665,0.0021999999999999997,1
0.042777777777777776,0.0021999999999999997,1
0.04338888888888889,0.0021999999999999997,1
0.044,0.0021999999999999997,1
0.04461111111111111,0.0021999999999999997,1
0.04522222222222222,0.0021999999999999997,1
0.04583333333333333,0.0021999999999999997,1
0.04644444444444444,0.0021999999999999997,1
0.04705555555555555,0.0021999999999999997,1
0.04766666666666666,0.0021999999999999997,1
0.048277777777777774,0.0021999999999999997,1
0.048888888888888885,0.0021999999999999997,1
0.0495,0.0021999999999999997,1
0.05011111111111111,0.0021999999999999997,1
0.050722222222222224,0.0021999999999999997,1
0.051333333333333335,0.0021999999999999997,1
0.051944444444444446,0.0021999999999999997,1
0.05255555555555556,0.0021999999999999997,1
0.05316666666666667,0.0021999999999999997,1
0.05377777777777778,0.0021999999999999997,1
0.05438888888888889,0.0021999999999999997,1
0.055,0.0021999999999999997,1
0.0,0.0024444444444444444,2
0.0006111111111111111,0.0024444444444444444,2
0.0012222222222222222,0.0024444444444444444,2
0.0018333333333333333,0.0024444444444444444,2
0.0024444444444444444,0.0024444444444444444,2
0.0030555555555555553,0.0024444444444444444,2
0.0036666666666666666,0.0024444444444444444,2
0.004277777777777778,0.0024444444444444444,2
0.004888888888888889,0.0024444444444444444,2
0.0055,0.0024444444444444444,2
0.0061111111111111106,0.0024444444444444444,2
0.006722222222222222,0.0024444444444444444,2
0.007333333333333333,0.0024444444444444444,2
0.007944444444444445,0.0024444444444444444,2
0.008555555555555556,0.0024444444444444444,2
0.009166666666666667,0.0024444444444444444,2
0.009777777777777778,0.0024444444444444444,2
0.010388888888888888,0.0024444444444444444,2
0.011,0.0024444444444444444,2
0.01161111111111111,0.0024444444444444444,2
0.012222222222222221,0.0024444444444444444,2
0.012833333333333334,0.0024444444444444444,2
0.013444444444444445,0.0024444444444444444,2
0.014055555555555556,0.0024444444444444444,2
0.014666666666666666,0.0024444444444444444,2
0.015277777777777777,0.0024444444444444444,2
0.01588888888888889,0.0024444444444444444,2
0.0165,0.0024444444444444444,2
0.01711111111111111,0.0024444444444444444,2
0.017722222222222223,0.0024444444444444444,2
0.018333333333333333,0.0024444444444444444,2
0.018944444444444444,0.0024444444444444444,2
0.019555555555555555,0.0024444444444444444,2
0.020166666666666666,0.0024444444444444444,2
0.020777777777777777,0.0024444444444444444,2
0.021388888888888888,0.0024444444444444444,2
0.022,0.0024444444444444444,2
0.02261111111111111,0.0024444444444444444,2
0.02322222222222222,0.0024444444444444444,2
0.02383333333333333,0.0024444444444444444,2
0.024444444444444442,0.0024444444444444444,2
0.025055555555555557,0.0024444444444444444,2
0.025666666666666667,0.0024444444444444444,2
0.02627777777777778,0.0024444444444444444,2
0.02688888888888889,0.0024444444444444444,2
0.0275,0.0024444444444444444,2
0.02811111111111111,0.0024444444444444444,2
0.028722222222222222,0.0024444444444444444,2
0.029333333333333333,0.0024444444444444444,2
0.029944444444444444,0.0024444444444444444,1
0.030555555555555555,0.0024444444444444444,1
0.031166666666666665,0.0024444444444444444,1
0.03177777777777778,0.0024444444444444444,1
0.03238888888888889,0.0024444444444444444,1
0.033,0.0024444444444444444,1
0.03361111111111111,0.0024444444444444444,1
0.03422222222222222,0.0024444444444444444,1
0.034833333333333334,0.0024444444444444444,1
0.035444444444444445,0.0024444444444444444,1
0.036055555555555556,0.0024444444444444444,1
0.03666666666666667,0.0024444444444444444,1
0.03727777777777778,0.0024444444444444444,1
0.03788888888888889,0.0024444444444444444,1
0.0385,0.0024444444444444444,1
0.03911111111111111,0.0024444444444444444,1
0.03972222222222222,0.0024444444444444444,1
0.04033333333333333,0.0024444444444444444,1
0.04094444444444444,0.0024444444444444444,1
0.041555555555555554,0.0024444444444444444,1
0.042166666666666665,0.0024444444444444444,1
0.042777777777777776,0.0024444444444444444,1
0.04338888888888889,0.0024444444444444444,1
0.044,0.0024444444444444444,1
0.04461111111111111,0.0024444444444444444,1
0.04522222222222222,0.0024444444444444444,1
0.04583333333333333,0.0024444444444444444,1
0.04644444444444444,0.0024444444444444444,1
0.04705555555555555,0.0024444444444444444,1
0.04766666666666666,0.0024444444444444444,1
0.048277777777777774,0.0024444444444444444,1
0.048888888888888885,0.0024444444444444444,1
0.0495,0.0024444444444444444,1
0.05011111111111111,0.0024444444444444444,1
0.050722222222222224,0.0024444444444444444,1
0.051333333333333335,0.0024444444444444444,1
0.051944444444444446,0.0024444444444444444,1
0.05255555555555556,0.0024444444444444444,1
0.05316666666666667,0.0024444444444444444,1
0.05377777777777778,0.0024444444444444444,1
0.05438888888888889,0.0024444444444444444,1
0.055,0.0024444444444444444,1
0.0,0.0026888888888888887,2
0.0006111111111111111,0.0026888888888888887,2
0.0012222222222222222,0.0026888888888888887,2
0.0018333333333333333,0.0026888888888888887,2
0.0024444444444444444,0.0026888888888888887,2
0.0030555555555555553,0.0026888888888888887,2
0.0036666666666666666,0.0026888888888888887,2
0.004277777777777778,0.0026888888888888887,2
0.004888888888888889,0.0026888888888888887,2
0.0055,0.0026888888888888887,2
0.0061111111111111106,0.0026888888888888887,2
0.006722222222222222,0.0026888888888888887,2
0.007333333333333333,0.0026888888888888887,2
0.007944444444444445,0.0026888888888888887,2
0.008555555555555556,0.0026888888888888887,2
0.009166666666666667,0.0026888888888888887,2
0.009777777777777778,0.0026888888888888887,2
0.010388888888888888,0.0026888888888888887,2
0.011,0.0026888888888888887,2
0.01161111111111111,0.0026888888888888887,2
0.012222222222222221,0.0026888888888888887,2
0.012833333333333334,0.0026888888888888887,2
0.013444444444444445,0.0026888888888888887,2
0.014055555555555556,0.0026888888888888887,2
0.014666666666666666,0.0026888888888888887,2
0.015277777777777777,0.0026888888888888887,2
0.01588888888888889,0.0026888888888888887,2
0.0165,0.0026888888888888887,2
0.01711111111111111,0.0026888888888888887,2
0.017722222222222223,0.0026888888888888887,2
0.018333333333333333,0.0026888888888888887,2
0.018944444444444444,0.0026888888888888887,2
0.019555555555555555,0.0026888888888888887,2
0.020166666666666666,0.0026888888888888887,2
0.020777777777777777,0.0026888888888888887,2
0.021388888888888888,0.0026888888888888887,2
0.022,0.0026888888888888887,2
0.02261111111111111,0.0026888888888888887,2
0.02322222222222222,0.0026888888888888887,2
0.02383333333333333,0.0026888888888888887,2
0.024444444444444442,0.0026888888888888887,2
0.025055555555555557,0.0026888888888888887,2
0.025666666666666667,0.0026888888888888887,2
0.02627777777777778,0.0026888888888888887,2
0.02688888888888889,0.0026888888888888887,2
0.0275,0.0026888888888888887,2
0.02811111111111111,0.0026888888888888887,2
0.028722222222222222,0.0026888888888888887,2
0.029333333333333333,0.0026888888888888887,1
0.029944444444444444,0.0026888888888888887,1
0.030555555555555555,0.0026888888888888887,1
0.031166666666666665,0.0026888888888888887,1
0.03177777777777778,0.0026888888888888887,1
0.03238888888888889,0.0026888888888888887,1
0.033,0.0026888888888888887,1
0.03361111111111111,0.0026888888888888887,1
0.03422222222222222,0.0026888888888888887,1
0.034833333333333334,0.0026888888888888887,1
0.035444444444444445,0.0026888888888888887,1
0.036055555555555556,0.0026888888888888887,1
0.03666666666666667,0.0026888888888888887,1
0.03727777777777778,0.0026888888888888887,1
0.03788888888888889,0.0026888888888888887,1
0.0385,0.0026888888888888887,1
0.03911111111111111,0.0026888888888888887,1
0.03972222222222222,0.0026888888888888887,1
0.04033333333333333,0.0026888888888888887,1
0.04094444444444444,0.0026888888888888887,1
0.041555555555555554,0.0026888888888888887,1
0.042166666666666665,0.0026888888888888887,1
0.042777777777777776,0.0026888888888888887,1
0.04338888888888889,0.0026888888888888887,1
0.044,0.0026888888888888887,1
0.04461111111111111,0.0026888888888888887,1
0.04522222222222222,0.0026888888888888887,1
0.04583333333333333,0.0026888888888888887,1
0.04644444444444444,0.0026888888888888887,1
0.04705555555555555,0.0026888888888888887,1
0.04766666666666666,0.0026888888888888887,1
0.048277777777777774,0.0026888888888888887,1
0.048888888888888885,0.0026888888888888887,1
0.0495,0.0026888888888888887,1
0.05011111111111111,0.0026888888888888887,1
0.050722222222222224,0.0026888888888888887,1
0.051333333333333335,0.0026888888888888887,1
0.051944444444444446,0.0026888888888888887,1
0.05255555555555556,0.0026888888888888887,1
0.05316666666666667,0.0026888888888888887,1
0.05377777777777778,0.0026888888888888887,1
0.05438888888888889,0.0026888888888888887,1
0.055,0.0026888888888888887,1
0.0,0.002933333333333333,2
0.0006111111111111111,0.002933333333333333,2
0.0012222222222222222,0.002933333333333333,2
0.0018333333333333333,0.002933333333333333,2
0.0024444444444444444,0.002933333333333333,2
0.0030555555555555553,0.002933333333333333,2
0.0036666666666666666,0.002933333333333333,2
0.004277777777777778,0.002933333333333333,2
0.004888888888888889,0.002933333333333333,2
0.0055,0.002933333333333333,2
0.0061111111111111106,0.002933333333333333,2
0.006722222222222222,0.002933333333333333,2
0.007333333333333333,0.002933333333333333,2
0.007944444444444445,0.002933333333333333,2
0.008555555555555556,0.002933333333333333,2
0.009166666666666667,0.002933333333333333,2
0.009777777777777778,0.002933333333333333,2
0.010388888888888888,0.002933333333333333,2
0.011,0.002933333333333333,2
0.01161111111111111,0.002933333333333333,2
0.012222222222222221,0.002933333333333333,2
0.012833333333333334,0.002933333333333333,2
0.013444444444444445,0.002933333333333333,2
0.014055555555555556,0.002933333333333333,2
0.014666666666666666,0.002933333333333333,2
0.015277777777777777,0.002933333333333333,2
0.01588888888888889,0.002933333333333333,2
0.0165,0.002933333333333333,2
0.01711111111111111,0.002933333333333333,2
0.017722222222222223,0.002933333333333333,2
0.018333333333333333,0.002933333333333333,2
0.018944444444444444,0.002933333333333333,2
0.019555555555555555,0.002933333333333333,2
0.020166666666666666,0.002933333333333333,2
0.020777777777777777,0.002933333333333333,2
0.021388888888888888,0.002933333333333333,2
0.022,0.002933333333333333,2
0.02261111111111111,0.002933333333333333,2
0.02322222222222222,0.002933333333333333,2
0.02383333333333333,0.002933333333333333,2
0.024444444444444442,0.002933333333333333,2
0.025055555555555557,0.002933333333333333,2
0.025666666666666667,0.002933333333333333,2
0.02627777777777778,0.002933333333333333,2
0.02688888888888889,0.002933333333333333,2
0.0275,0.002933333333333333,2
0.02811111111111111,0.002933333333333333,2
0.028722222222222222,0.002933333333333333,1
0.029333333333333333,0.002933333333333333,1
0.029944444444444444,0.002933333333333333,1
0.030555555555555555,0.002933333333333333,1
0.031166666666666665,0.002933333333333333,1
0.03177777777777778,0.002933333333333333,1
0.03238888888888889,0.002933333333333333,1
0.033,0.002933333333333333,1
0.03361111111111111,0.002933333333333333,1
0.03422222222222222,0.002933333333333333,1
0.034833333333333334,0.002933333333333333,1
0.035444444444444445,0.002933333333333333,1
0.036055555555555556,0.002933333333333333,1
0.03666666666666667,0.002933333333333333,1
0.03727777777777778,0.002933333333333333,1
0.03788888888888889,0.002933333333333333,1
0.0385,0.002933333333333333,1
0.03911111111111111,0.002933333333333333,1
0.03972222222222222,0.002933333333333333,1
0.04033333333333333,0.002933333333333333,1
0.04094444444444444,0.002933333333333333,1
0.041555555555555554,0.002933333333333333,1
0.042166666666666665,0.002933333333333333,1
0.042777777777777776,0.002933333333333333,1
0.04338888888888889,0.002933333333333333,1
0.044,0.002933333333333333,1
0.04461111111111111,0.002933333333333333,1
0.04522222222222222,0.002933333333333333,1
0.04583333333333333,0.002933333333333333,1
0.04644444444444444,0.002933333333333333,1
0.04705555555555555,0.002933333333333333,1
0.04766666666666666,0.002933333333333333,1
0.048277777777777774,0.002933333333333333,1
0.048888888888888885,0.002933333333333333,1
0.0495,0.002933333333333333,1
0.05011111111111111,0.002933333333333333,1
0.050722222222222224,0.002933333333333333,1
0.051333333333333335,0.002933333333333333,1
0.051944444444444446,0.002933333333333333,1
0.05255555555555556,0.002933333333333333,1
0.05316666666666667,0.002933333333333333,1
0.05377777777777778,0.002933333333333333,1
0.05438888888888889,0.002933333333333333,1
0.055,0.002933333333333333,1
0.0,0.0031777777777777776,2
0.0006111111111111111,0.0031777777777777776,2
0.0012222222222222222,0.0031777777777777776,2
0.0018333333333333333,0.0031777777777777776,2
0.0024444444444444444,0.0031777777777777776,2
0.0030555555555555553,0.0031777777777777776,2
0.0036666666666666666,0.0031777777777777776,2
0.004277777777777778,0.0031777777777777776,2
0.004888888888888889,0.0031777777777777776,2
0.0055,0.0031777777777777776,2
0.0061111111111111106,0.0031777777777777776,2
0.006722222222222222,0.0031777777777777776,2
0.007333333333333333,0.0031777777777777776,2
0.007944444444444445,0.0031777777777777776,2
0.008555555555555556,0.0031777777777777776,2
0.009166666666666667,0.0031777777777777776,2
0.009777777777777778,0.0031777777777777776,2
0.010388888888888888,0.0031777777777777776,2
0.011,0.0031777777777777776,2
0.01161111111111111,0.0031777777777777776,2
0.012222222222222221,0.0031777777777777776,2
0.012833333333333334,0.0031777777777777776,2
0.013444444444444445,0.0031777777777777776,2
0.014055555555555556,0.0031777777777777776,2
0.014666666666666666,0.0031777777777777776,2
0.015277777777777777,0.0031777777777777776,2
0.01588888888888889,0.0031777777777777776,2
0.0165,0.0031777777777777776,2
0.01711111111111111,0.0031777777777777776,2
0.017722222222222223,0.0031777777777777776,2
0.018333333333333333,0.0031777777777777776,2
0.018944444444444444,0.0031777777777777776,2
0.019555555555555555,0.0031777777777777776,2
0.020166666666666666,0.0031777777777777776,2
0.020777777777777777,0.0031777777777777776,2
0.021388888888888888,0.0031777777777777776,2
0.022,0.0031777777777777776,2
0.02261111111111111,0.0031777777777777776,2
0.02322222222222222,0.0031777777777777776,2
0.02383333333333333,0.0031777777777777776,2
0.024444444444444442,0.0031777777777777776,2
0.025055555555555557,0.0031777777777777776,2
0.025666666666666667,0.0031777777777777776,2
0.02627777777777778,0.0031777777777777776,2
0.02688888888888889,0.0031777777777777776,2
0.0275,0.0031777777777777776,1
0.02811111111111111,0.0031777777777777776,1
0.028722222222222222,0.0031777777777777776,1
0.029333333333333333,0.0031777777777777776,1
0.029944444444444444,0.0031777777777777776,1
0.030555555555555555,0.0031777777777777776,1
0.031166666666666665,0.0031777777777777776,1
0.03177777777777778,0.0031777777777777776,1
0.03238888888888889,0.0031777777777777776,1
0.033,0.0031777777777777776,1
0.03361111111111111,0.0031777777777777776,1
0.03422222222222222,0.0031777777777777776,1
0.034833333333333334,0.0031777777777777776,1
0.035444444444444445,0.0031777777777777776,1
0.036055555555555556,0.0031777777777777776,1
0.03666666666666667,0.0031777777777777776,1
0.03727777777777778,0.0031777777777777776,1
0.03788888888888889,0.0031777777777777776,1
0.0385,0.0031777777777777776,1
0.03911111111111111,0.0031777777777777776,1
0.03972222222222222,0.0031777777777777776,1
0.04033333333333333,0.0031777777777777776,1
0.04094444444444444,0.0031777777777777776,1
0.041555555555555554,0.0031777777777777776,1
0.042166666666666665,0.0031777777777777776,1
0.042777777777777776,0.0031777777777777776,1
0.04338888888888889,0.0031777777777777776,1
0.044,0.0031777777777777776,1
0.04461111111111111,0.0031777777777777776,1
0.04522222222222222,0.0031777777777777776,1
0.04583333333333333,0.0031777777777777776,1
0.04644444444444444,0.0031777777777777776,1
0.04705555555555555,0.0031777777777777776,1
0.04766666666666666,0.0031777777777777776,1
0.048277777777777774,0.0031777777777777776,1
0.048888888888888885,0.0031777777777777776,1
0.0495,0.0031777777777777776,1
0.05011111111111111,0.0031777777777777776,1
0.050722222222222224,0.0031777777777777776,1
0.051333333333333335,0.0031777777777777776,1
0.051944444444444446,0.0031777777777777776,1
0.05255555555555556,0.0031777777777777776,1
0.05316666666666667,0.0031777777777777776,1
0.05377777777777778,0.0031777777777777776,1
0.05438888888888889,0.0031777777777777776,1
0.055,0.0031777777777777776,1
0.0,0.003422222222222222,2
0.0006111111111111111,0.003422222222222222,2
0.0012222222222222222,0.003422222222222222,2
0.0018333333333333333,0.003422222222222222,2
0.0024444444444444444,0.003422222222222222,2
0.0030555555555555553,0.003422222222222222,2
0.0036666666666666666,0.003422222222222222,2
0.004277777777777778,0.003422222222222222,2
0.004888888888888889,0.003422222222222222,2
0.0055,0.003422222222222222,2
0.0061111111111111106,0.003422222222222222,2
0.006722222222222222,0.003422222222222222,2
0.007333333333333333,0.003422222222222222,2
0.007944444444444445,0.003422222222222222,2
0.008555555555555556,0.003422222222222222,2
0.009166666666666667,0.003422222222222222,2
0.009777777777777778,0.003422222222222222,2
0.010388888888888888,0.003422222222222222,2
0.011,0.003422222222222222,2
0.01161111111111111,0.003422222222222222,2
0.012222222222222221,0.003422222222222222,2
0.012833333333333334,0.003422222222222222,2
0.013444444444444445,0.003422222222222222,2
0.014055555555555556,0.003422222222222222,2
0.014666666666666666,0.003422222222222222,2
0.015277777777777777,0.003422222222222222,2
0.01588888888888889,0.003422222222222222,2
0.0165,0.003422222222222222,2
0.01711111111111111,0.003422222222222222,2
0.017722222222222223,0.003422222222222222,2
0.018333333333333333,0.003422222222222222,2
0.018944444444444444,0.003422222222222222,2
0.019555555555555555,0.003422222222222222,2
0.020166666666666666,0.003422222222222222,2
0.020777777777777777,0.003422222222222222,2
0.021388888888888888,0.003422222222222222,2
0.022,0.003422222222222222,2
0.02261111111111111,0.003422222222222222,2
0.02322222222222222,0.003422222222222222,2
0.02383333333333333,0.003422222222222222,2
0.024444444444444442,0.003422222222222222,2
0.025055555555555557,0.003422222222222222,2
0.025666666666666667,0.003422222222222222,2
0.02627777777777778,0.003422222222222222,2
0.02688888888888889,0.003422222222222222,1
0.0275,0.003422222222222222,1
0.02811111111111111,0.003422222222222222,1
0.028722222222222222,0.003422222222222222,1
0.029333333333333333,0.003422222222222222,1
0.029944444444444444,0.003422222222222222,1
0.030555555555555555,0.003422222222222222,1
0.031166666666666665,0.003422222222222222,1
0.03177777777777778,0.003422222222222222,1
0.03238888888888889,0.003422222222222222,1
0.033,0.003422222222222222,1
0.03361111111111111,0.003422222222222222,1
0.03422222222222222,0.003422222222222222,1
0.034833333333333334,0.003422222222222222,1
0.035444444444444445,0.003422222222222222,1
0.036055555555555556,0.003422222222222222,1
0.03666666666666667,0.003422222222222222,1
0.03727777777777778,0.003422222222222222,1
0.03788888888888889,0.003422222222222222,1
0.0385,0.003422222222222222,1
0.03911111111111111,0.003422222222222222,1
0.03972222222222222,0.003422222222222222,1
0.04033333333333333,0.003422222222222222,1
0.04094444444444444,0.003422222222222222,1
0.041555555555555554,0.003422222222222222,1
0.042166666666666665,0.003422222222222222,1
0.042777777777777776,0.003422222222222222,1
0.04338888888888889,0.003422222222222222,1
0.044,0.003422222222222222,1
0.04461111111111111,0.003422222222222222,1
0.04522222222222222,0.003422222222222222,1
0.04583333333333333,0.003422222222222222,1
0.04644444444444444,0.003422222222222222,1
0.04705555555555555,0.003422222222222222,1
0.04766666666666666,0.003422222222222222,1
0.048277777777777774,0.003422222222222222,1
0.048888888888888885,0.003422222222222222,1
0.0495,0.003422222222222222,1
0.05011111111111111,0.003422222222222222,1
0.050722222222222224,0.003422222222222222,1
0.051333333333333335,0.003422222222222222,1
0.051944444444444446,0.003422222222222222,1
0.05255555555555556,0.003422222222222222,1
0.05316666666666667,0.003422222222222222,1
0.05377777777777778,0.003422222222222222,1
0.05438888888888889,0.003422222222222222,1
0.055,0.003422222222222222,1
0.0,0.0036666666666666666,2
0.0006111111111111111,0.0036666666666666666,2
0.0012222222222222222,0.0036666666666666666,2
0.0018333333333333333,0.0036666666666666666,2
0.0024444444444444444,0.0036666666666666666,2
0.0030555555555555553,0.0036666666666666666,2
0.0036666666666666666,0.0036666666666666666,2
0.004277777777777778,0.0036666666666666666,2
0.004888888888888889,0.0036666666666666666,2
0.0055,0.0036666666666666666,2
0.0061111111111111106,0.0036666666666666666,2
0.006722222222222222,0.0036666666666666666,2
0.007333333333333333,0.0036666666666666666,2
0.007944444444444445,0.0036666666666666666,2
0.008555555555555556,0.0036666666666666666,2
0.009166666666666667,0.0036666666666666666,2
0.009777777777777778,0.0036666666666666666,2
0.010388888888888888,0.0036666666666666666,2
0.011,0.0036666666666666666,2
0.01161111111111111,0.0036666666666666666,2
0.012222222222222221,0.0036666666666666666,2
0.012833333333333334,0.0036666666666666666,2
0.013444444444444445,0.0036666666666666666,2
0.014055555555555556,0.0036666666666666666,2
0.014666666666666666,0.0036666666666666666,2
0.015277777777777777,0.0036666666666666666,2
0.01588888888888889,0.0036666666666666666,2
0.0165,0.0036666666666666666,2
0.01711111111111111,0.0036666666666666666,2
0.017722222222222223,0.0036666666666666666,2
0.018333333333333333,0.0036666666666666666,2
0.018944444444444444,0.0036666666666666666,2
0.019555555555555555,0.0036666666666666666,2
0.020166666666666666,0.0036666666666666666,2
0.020777777777777777,0.0036666666666666666,2
0.021388888888888888,0.0036666666666666666,2
0.022,0.0036666666666666666,2
0.02261111111111111,0.0036666666666666666,2
0.02322222222222222,0.0036666666666666666,2
0.02383333333333333,0.0036666666666666666,2
0.024444444444444442,0.0036666666666666666,2
0.025055555555555557,0.0036666666666666666,2
0.025666666666666667,0.0036666666666666666,2
0.02627777777777778,0.0036666666666666666,1
0.02688888888888889,0.0036666666666666666,1
0.0275,0.0036666666666666666,1
0.02811111111111111,0.0036666666666666666,1
0.028722222222222222,0.0036666666666666666,1
0.029333333333333333,0.0036666666666666666,1
0.029944444444444444,0.0036666666666666666,1
0.030555555555555555,0.0036666666666666666,1
0.031166666666666665,0.0036666666666666666,1
0.03177777777777778,0.0036666666666666666,1
0.03238888888888889,0.0036666666666666666,1
0.033,0.0036666666666666666,1
0.03361111111111111,0.0036666666666666666,1
0.03422222222222222,0.0036666666666666666,1
0.034833333333333334,0.0036666666666666666,1
0.035444444444444445,0.0036666666666666666,1
0.036055555555555556,0.0036666666666666666,1
0.03666666666666667,0.0036666666666666666,1
0.03727777777777778,0.0036666666666666666,1
0.03788888888888889,0.0036666666666666666,1
0.0385,0.0036666666666666666,1
0.03911111111111111,0.0036666666666666666,1
0.03972222222222222,0.0036666666666666666,1
0.04033333333333333,0.0036666666666666666,1
0.04094444444444444,0.0036666666666666666,1
0.041555555555555554,0.0036666666666666666,1
0.042166666666666665,0.0036666666666666666,1
0.042777777777777776,0.0036666666666666666,1
0.04338888888888889,0.0036666666666666666,1
0.044,0.0036666666666666666,1
0.04461111111111111,0.0036666666666666666,1
0.04522222222222222,0.0036666666666666666,1
0.04583333333333333,0.0036666666666666666,1
0.04644444444444444,0.0036666666666666666,1
0.04705555555555555,0.0036666666666666666,1
0.04766666666666666,0.0036666666666666666,1
0.048277777777777774,0.0036666666666666666,1
0.048888888888888885,0.0036666666666666666,1
0.0495,0.0036666666666666666,1
0.05011111111111111,0.0036666666666666666,1
0.050722222222222224,0.0036666666666666666,1
0.051333333333333335,0.0036666666666666666,1
0.051944444444444446,0.0036666666666666666,1
0.05255555555555556,0.0036666666666666666,1
0.05316666666666667,0.0036666666666666666,1
0.05377777777777778,0.0036666666666666666,1
0.05438888888888889,0.0036666666666666666,1
0.055,0.0036666666666666666,1
0.0,0.003911111111111111,2
0.0006111111111111111,0.003911111111111111,2
0.0012222222222222222,0.003911111111111111,2
0.0018333333333333333,0.003911111111111111,2
0.0024444444444444444,0.003911111111111111,2
0.0030555555555555553,0.003911111111111111,2
0.0036666666666666666,0.003911111111111111,2
0.004277777777777778,0.003911111111111111,2
0.004888888888888889,0.003911111111111111,2
0.0055,0.003911111111111111,2
0.0061111111111111106,0.003911111111111111,2
0.006722222222222222,0.003911111111111111,2
0.007333333333333333,0.003911111111111111,2
0.007944444444444445,0.003911111111111111,2
0.008555555555555556,0.003911111111111111,2
0.009166666666666667,0.003911111111111111,2
0.009777777777777778,0.003911111111111111,2
0.010388888888888888,0.003911111111111111,2
0.011,0.003911111111111111,2
0.01161111111111111,0.003911111111111111,2
0.012222222222222221,0.003911111111111111,2
0.012833333333333334,0.003911111111111111,2
0.013444444444444445,0.003911111111111111,2
0.014055555555555556,0.003911111111111111,2
0.014666666666666666,0.003911111111111111,2
0.015277777777777777,0.003911111111111111,2
0.01588888888888889,0.003911111111111111,2
0.0165,0.003911111111111111,2
0.01711111111111111,0.003911111111111111,2
0.017722222222222223,0.003911111111111111,2
0.018333333333333333,0.003911111111111111,2
0.018944444444444444,0.003911111111111111,2
0.019555555555555555,0.003911111111111111,2
0.020166666666666666,0.003911111111111111,2
0.020777777777777777,0.003911111111111111,2
0.021388888888888888,0.003911111111111111,2
0.022,0.003911111111111111,2
0.02261111111111111,0.003911111111111111,2
0.02322222222222222,0.003911111111111111,2
0.02383333333333333,0.003911111111111111,2
0.024444444444444442,0.003911111111111111,2
0.025055555555555557,0.003911111111111111,1
0.025666666666666667,0.003911111111111111,1
0.02627777777777778,0.003911111111111111,1
0.02688888888888889,0.003911111111111111,1
0.0275,0.003911111111111111,1
0.02811111111111111,0.003911111111111111,1
0.028722222222222222,0.003911111111111111,1
0.029333333333333333,0.003911111111111111,1
0.029944444444444444,0.003911111111111111,1
0.030555555555555555,0.003911111111111111,1
0.031166666666666665,0.003911111111111111,1
0.03177777777777778,0.003911111111111111,1
0.03238888888888889,0.003911111111111111,1
0.033,0.003911111111111111,1
0.03361111111111111,0.003911111111111111,1
0.03422222222222222,0.003911111111111111,1
0.034833333333333334,0.003911111111111111,1
0.035444444444444445,0.003911111111111111,1
0.036055555555555556,0.003911111111111111,1
0.03666666666666667,0.003911111111111111,1
0.03727777777777778,0.003911111111111111,1
0.03788888888888889,0.003911111111111111,1
0.0385,0.003911111111111111,1
0.03911111111111111,0.003911111111111111,1
0.03972222222222222,0.003911111111111111,1
0.04033333333333333,0.003911111111111111,1
0.04094444444444444,0.003911111111111111,1
0.041555555555555554,0.003911111111111111,1
0.042166666666666665,0.003911111111111111,1
0.042777777777777776,0.003911111111111111,1
0.04338888888888889,0.003911111111111111,1
0.044,0.003911111111111111,1
0.04461111111111111,0.003911111111111111,1
0.04522222222222222,0.003911111111111111,1
0.04583333333333333,0.003911111111111111,1
0.04644444444444444,0.003911111111111111,1
0.04705555555555555,0.003911111111111111,1
0.04766666666666666,0.003911111111111111,1
0.048277777777777774,0.003911111111111111,1
0.048888888888888885,0.003911111111111111,1
0.0495,0.003911111111111111,1
0.05011111111111111,0.003911111111111111,1
0.050722222222222224,0.003911111111111111,1
0.051333333333333335,0.003911111111111111,1
0.051944444444444446,0.003911111111111111,1
0.05255555555555556,0.003911111111111111,1
0.05316666666666667,0.003911111111111111,1
0.05377777777777778,0.003911111111111111,1
0.05438888888888889,0.003911111111111111,1
0.055,0.003911111111111111,1
0.0,0.0041555555555555556,2
0.0006111111111111111,0.0041555555555555556,2
0.0012222222222222222,0.0041555555555555556,2
0.0018333333333333333,0.0041555555555555556,2
0.0024444444444444444,0.0041555555555555556,2
0.0030555555555555553,0.0041555555555555556,2
0.0036666666666666666,0.0041555555555555556,2
0.004277777777777778,0.0041555555555555556,2
0.004888888888888889,0.0041555555555555556,2
0.0055,0.0041555555555555556,2
0.0061111111111111106,0.0041555555555555556,2
0.006722222222222222,0.0041555555555555556,2
0.007333333333333333,0.0041555555555555556,2
0.007944444444444445,0.0041555555555555556,2
0.008555555555555556,0.0041555555555555556,2
0.009166666666666667,0.0041555555555555556,2
0.009777777777777778,0.0041555555555555556,2
0.010388888888888888,0.0041555555555555556,2
0.011,0.0041555555555555556,2
0.01161111111111111,0.0041555555555555556,2
0.012222222222222221,0.0041555555555555556,2
0.012833333333333334,0.0041555555555555556,2
0.013444444444444445,0.0041555555555555556,2
0.014055555555555556,0.0041555555555555556,2
0.014666666666666666,0.0041555555555555556,2
0.015277777777777777,0.0041555555555555556,2
0.01588888888888889,0.0041555555555555556,2
0.0165,0.0041555555555555556,2
0.01711111111111111,0.0041555555555555556,2
0.017722222222222223,0.0041555555555555556,2
0.018333333333333333,0.0041555555555555556,2
0.018944444444444444,0.0041555555555555556,2
0.019555555555555555,0.0041555555555555556,2
0.020166666666666666,0.0041555555555555556,2
0.020777777777777777,0.0041555555555555556,2
0.021388888888888888,0.0041555555555555556,2
0.022,0.0041555555555555556,2
0.02261111111111111,0.0041555555555555556,2
0.02322222222222222,0.0041555555555555556,2
0.02383333333333333,0.0041555555555555556,2
0.024444444444444442,0.0041555555555555556,1
0.025055555555555557,0.0041555555555555556,1
0.025666666666666667,0.0041555555555555556,1
0.02627777777777778,0.0041555555555555556,1
0.02688888888888889,0.0041555555555555556,1
0.0275,0.0041555555555555556,1
0.02811111111111111,0.0041555555555555556,1
0.028722222222222222,0.0041555555555555556,1
0.029333333333333333,0.0041555555555555556,1
0.029944444444444444,0.0041555555555555556,1
0.030555555555555555,0.0041555555555555556,1
0.031166666666666665,0.0041555555555555556,1
0.03177777777777778,0.0041555555555555556,1
0.03238888888888889,0.0041555555555555556,1
0.033,0.0041555555555555556,1
0.03361111111111111,0.0041555555555555556,1
0.03422222222222222,0.0041555555555555556,1
0.034833333333333334,0.0041555555555555556,1
0.035444444444444445,0.0041555555555555556,1
0.036055555555555556,0.0041555555555555556,1
0.03666666666666667,0.0041555555555555556,1
0.03727777777777778,0.0041555555555555556,1
0.03788888888888889,0.0041555555555555556,1
0.0385,0.0041555555555555556,1
0.03911111111111111,0.0041555555555555556,1
0.03972222222222222,0.0041555555555555556,1
0.04033333333333333,0.0041555555555555556,1
0.04094444444444444,0.0041555555555555556,1
0.041555555555555554,0.0041555555555555556,1
0.042166666666666665,0.0041555555555555556,1
0.042777777777777776,0.0041555555555555556,1
0.04338888888888889,0.0041555555555555556,1
0.044,0.0041555555555555556,1
0.04461111111111111,0.0041555555555555556,1
0.04522222222222222,0.0041555555555555556,1
0.04583333333333333,0.0041555555555555556,1
0.04644444444444444,0.0041555555555555556,1
0.04705555555555555,0.0041555555555555556,1
0.04766666666666666,0.0041555555555555556,1
0.048277777777777774,0.0041555555555555556,1
0.048888888888888885,0.0041555555555555556,1
0.0495,0.0041555555555555556,1
0.05011111111111111,0.0041555555555555556,1
0.050722222222222224,0.0041555555555555556,1
0.051333333333333335,0.0041555555555555556,1
0.051944444444444446,0.0041555555555555556,1
0.05255555555555556,0.0041555555555555556,1
0.05316666666666667,0.0041555555555555556,1
0.05377777777777778,0.0041555555555555556,1
0.05438888888888889,0.0041555555555555556,1
0.055,0.0041555555555555556,1
0.0,0.004399999999999999,2
0.0006111111111111111,0.004399999999999999,2
0.0012222222222222222,0.004399999999999999,2
0.0018333333333333333,0.004399999999999999,2
0.0024444444444444444,0.004399999999999999,2
0.0030555555555555553,0.004399999999999999,2
0.0036666666666666666,0.004399999999999999,2
0.004277777777777778,0.004399999999999999,2
0.004888888888888889,0.004399999999999999,2
0.0055,0.004399999999999999,2
0.0061111111111111106,0.004399999999999999,2
0.006722222222222222,0.004399999999999999,2
0.007333333333333333,0.004399999999999999,2
0.007944444444444445,0.004399999999999999,2
0.008555555555555556,0.004399999999999999,2
0.009166666666666667,0.004399999999999999,2
0.009777777777777778,0.004399999999999999,2
0.010388888888888888,0.004399999999999999,2
0.011,0.004399999999999999,2
0.01161111111111111,0.004399999999999999,2
0.012222222222222221,0.004399999999999999,2
0.012833333333333334,0.004399999999999999,2
0.013444444444444445,0.004399999999999999,2
0.014055555555555556,0.004399999999999999,2
0.014666666666666666,0.004399999999999999,2
0.015277777777777777,0.004399999999999999,2
0.01588888888888889,0.004399999999999999,2
0.0165,0.004399999999999999,2
0.01711111111111111,0.004399999999999999,2
0.017722222222222223,0.004399999999999999,2
0.018333333333333333,0.004399999999999999,2
0.018944444444444444,0.004399999999999999,2
0.019555555555555555,0.004399999999999999,2
0.020166666666666666,0.004399999999999999,2
0.020777777777777777,0.004399999999999999,2
0.021388888888888888,0.004399999999999999,2
0.022,0.004399999999999999,2
0.02261111111111111,0.004399999999999999,2
0.02322222222222222,0.004399999999999999,2
0.02383333333333333,0.004399999999999999,1
0.024444444444444442,0.004399999999999999,1
0.025055555555555557,0.004399999999999999,1
0.025666666666666667,0.004399999999999999,1
0.02627777777777778,0.004399999999999999,1
0.02688888888888889,0.004399999999999999,1
0.0275,0.004399999999999999,1
0.02811111111111111,0.004399999999999999,1
0.028722222222222222,0.004399999999999999,1
0.029333333333333333,0.004399999999999999,1
0.029944444444444444,0.004399999999999999,1
0.030555555555555555,0.004399999999999999,1
0.031166666666666665,0.004399999999999999,1
0.03177777777777778,0.004399999999999999,1
0.03238888888888889,0.004399999999999999,1
0.033,0.004399999999999999,1
0.03361111111111111,0.004399999999999999,1
0.03422222222222222,0.004399999999999999,1
0.034833333333333334,0.004399999999999999,1
0.035444444444444445,0.004399999999999999,1
0.036055555555555556,0.004399999999999999,1
0.03666666666666667,0.004399999999999999,1
0.03727777777777778,0.004399999999999999,1
0.03788888888888889,0.004399999999999999,1
0.0385,0.004399999999999999,1
0.03911111111111111,0.004399999999999999,1
0.03972222222222222,0.004399999999999999,1
0.04033333333333333,0.004399999999999999,1
0.04094444444444444,0.004399999999999999,1
0.041555555555555554,0.004399999999999999,1
0.042166666666666665,0.004399999999999999,1
0.042777777777777776,0.004399999999999999,1
0.04338888888888889,0.004399999999999999,1
0.044,0.004399999999999999,1
0.04461111111111111,0.004399999999999999,1
0.04522222222222222,0.004399999999999999,1
0.04583333333333333,0.004399999999999999,1
0.04644444444444444,0.004399999999999999,1
0.04705555555555555,0.004399999999999999,1
0.04766666666666666,0.004399999999999999,1
0.048277777777777774,0.004399999999999999,1
0.048888888888888885,0.004399999999999999,1
0.0495,0.004399999999999999,1
0.05011111111111111,0.004399999999999999,1
0.050722222222222224,0.004399999999999999,1
0.051333333333333335,0.004399999999999999,1
0.051944444444444446,0.004399999999999999,1
0.05255555555555556,0.004399999999999999,1
0.05316666666666667,0.004399999999999999,1
0.05377777777777778,0.004399999999999999,1
0.05438888888888889,0.004399999999999999,1
0.055,0.004399999999999999,1
0.0,0.004644444444444444,2
0.0006111111111111111,0.004644444444444444,2
0.0012222222222222222,0.004644444444444444,2
0.0018333333333333333,0.004644444444444444,2
0.0024444444444444444,0.004644444444444444,2
0.0030555555555555553,0.004644444444444444,2
0.0036666666666666666,0.004644444444444444,2
0.004277777777777778,0.004644444444444444,2
0.004888888888888889,0.004644444444444444,2
0.0055,0.004644444444444444,2
0.0061111111111111106,0.004644444444444444,2
0.006722222222222222,0.004644444444444444,2
0.007333333333333333,0.004644444444444444,2
0.007944444444444445,0.004644444444444444,2
0.008555555555555556,0.004644444444444444,2
0.009166666666666667,0.004644444444444444,2
0.009777777777777778,0.004644444444444444,2
0.010388888888888888,0.004644444444444444,2
0.011,0.004644444444444444,2
0.01161111111111111,0.004644444444444444,2
0.012222222222222221,0.004644444444444444,2
0.012833333333333334,0.004644444444444444,2
0.013444444444444445,0.004644444444444444,2
0.014055555555555556,0.004644444444444444,2
0.014666666666666666,0.004644444444444444,2
0.015277777777777777,0.004644444444444444,2
0.01588888888888889,0.004644444444444444,2
0.0165,0.004644444444444444,2
0.01711111111111111,0.004644444444444444,2
0.017722222222222223,0.004644444444444444,2
0.018333333333333333,0.004644444444444444,2
0.018944444444444444,0.004644444444444444,2
0.019555555555555555,0.004644444444444444,2
0.020166666666666666,0.004644444444444444,2
0.020777777777777777,0.004644444444444444,2
0.021388888888888888,0.004644444444444444,2
0.022,0.004644444444444444,2
0.02261111111111111,0.004644444444444444,2
0.02322222222222222,0.004644444444444444,1
0.02383333333333333,0.004644444444444444,1
0.024444444444444442,0.004644444444444444,1
0.025055555555555557,0.004644444444444444,1
0.025666666666666667,0.004644444444444444,1
0.02627777777777778,0.004644444444444444,1
0.02688888888888889,0.004644444444444444,1
0.0275,0.004644444444444444,1
0.02811111111111111,0.004644444444444444,1
0.028722222222222222,0.004644444444444444,1
0.029333333333333333,0.004644444444444444,1
0.029944444444444444,0.004644444444444444,1
0.030555555555555555,0.004644444444444444,1
0.031166666666666665,0.004644444444444444,1
0.03177777777777778,0.004644444444444444,1
0.03238888888888889,0.004644444444444444,1
0.033,0.004644444444444444,1
0.03361111111111111,0.004644444444444444,1
0.03422222222222222,0.004644444444444444,1
0.034833333333333334,0.004644444444444444,1
0.035444444444444445,0.004644444444444444,1
0.036055555555555556,0.004644444444444444,1
0.03666666666666667,0.004644444444444444,1
0.03727777777777778,0.004644444444444444,1
0.03788888888888889,0.004644444444444444,1
0.0385,0.004644444444444444,1
0.03911111111111111,0.004644444444444444,1
0.03972222222222222,0.004644444444444444,1
0.04033333333333333,0.004644444444444444,1
0.04094444444444444,0.004644444444444444,1
0.041555555555555554,0.004644444444444444,1
0.042166666666666665,0.004644444444444444,1
0.042777777777777776,0.004644444444444444,1
0.04338888888888889,0.004644444444444444,1
0.044,0.004644444444444444,1
0.04461111111111111,0.004644444444444444,1
0.04522222222222222,0.004644444444444444,1
0.04583333333333333,0.004644444444444444,1
0.04644444444444444,0.004644444444444444,1
0.04705555555555555,0.004644444444444444,1
0.04766666666666666,0.004644444444444444,1
0.048277777777777774,0.004644444444444444,1
0.048888888888888885,0.004644444444444444,1
0.0495,0.004644444444444444,1
0.05011111111111111,0.004644444444444444,1
0.050722222222222224,0.004644444444444444,1
0.051333333333333335,0.004644444444444444,1
0.051944444444444446,0.004644444444444444,1
0.05255555555555556,0.004644444444444444,1
0.05316666666666667,0.004644444444444444,1
0.05377777777777778,0.004644444444444444,1
0.05438888888888889,0.004644444444444444,1
0.055,0.004644444444444444,1
0.0,0.004888888888888889,2
0.0006111111111111111,0.004888888888888889,2
0.0012222222222222222,0.004888888888888889,2
0.0018333333333333333,0.004888888888888889,2
0.0024444444444444444,0.004888888888888889,2
0.0030555555555555553,0.004888888888888889,2
0.0036666666666666666,0.004888888888888889,2
0.004277777777777778,0.004888888888888889,2
0.004888888888888889,0.004888888888888889,2
0.0055,0.004888888888888889,2
0.0061111111111111106,0.004888888888888889,2
0.006722222222222222,0.004888888888888889,2
0.007333333333333333,0.004888888888888889,2
0.007944444444444445,0.004888888888888889,2
0.008555555555555556,0.004888888888888889,2
0.009166666666666667,0.004888888888888889,2
0.009777777777777778,0.004888888888888889,2
0.010388888888888888,0.004888888888888889,2
0.011,0.004888888888888889,2
0.01161111111111111,0.004888888888888889,2
0.012222222222222221,0.004888888888888889,2
0.012833333333333334,0.004888888888888889,2
0.013444444444444445,0.004888888888888889,2
0.014055555555555556,0.004888888888888889,2
0.014666666666666666,0.004888888888888889,2
0.015277777777777777,0.004888888888888889,2
0.01588888888888889,0.004888888888888889,2
0.0165,0.004888888888888889,2
0.01711111111111111,0.004888888888888889,2
0.017722222222222223,0.004888888888888889,2
0.018333333333333333,0.004888888888888889,2
0.018944444444444444,0.004888888888888889,2
0.019555555555555555,0.004888888888888889,2
0.020166666666666666,0.004888888888888889,2
0.020777777777777777,0.004888888888888889,2
0.021388888888888888,0.004888888888888889,2
0.022,0.004888888888888889,1
0.02261111111111111,0.004888888888888889,1
0.02322222222222222,0.004888888888888889,1
0.02383333333333333,0.004888888888888889,1
0.024444444444444442,0.004888888888888889,1
0.025055555555555557,0.004888888888888889,1
0.025666666666666667,0.004888888888888889,1
0.02627777777777778,0.004888888888888889,1
0.02688888888888889,0.004888888888888889,1
0.0275,0.004888888888888889,1
0.02811111111111111,0.004888888888888889,1
0.028722222222222222,0.004888888888888889,1
0.029333333333333333,0.004888888888888889,1
0.029944444444444444,0.004888888888888889,1
0.030555555555555555,0.004888888888888889,1
0.031166666666666665,0.004888888888888889,1
0.03177777777777778,0.004888888888888889,1
0.03238888888888889,0.004888888888888889,1
0.033,0.004888888888888889,1
0.03361111111111111,0.004888888888888889,1
0.03422222222222222,0.004888888888888889,1
0.034833333333333334,0.004888888888888889,1
0.035444444444444445,0.004888888888888889,1
0.036055555555555556,0.004888888888888889,1
0.03666666666666667,0.004888888888888889,1
0.03727777777777778,0.004888888888888889,1
0.03788888888888889,0.004888888888888889,1
0.0385,0.004888888888888889,1
0.03911111111111111,0.004888888888888889,1
0.03972222222222222,0.004888888888888889,1
0.04033333333333333,0.004888888888888889,1
0.04094444444444444,0.004888888888888889,1
0.041555555555555554,0.004888888888888889,1
0.042166666666666665,0.004888888888888889,1
0.042777777777777776,0.004888888888888889,1
0.04338888888888889,0.004888888888888889,1
0.044,0.004888888888888889,1
0.04461111111111111,0.004888888888888889,1
0.04522222222222222,0.004888888888888889,1
0.04583333333333333,0.004888888888888889,1
0.04644444444444444,0.004888888888888889,1
0.04705555555555555,0.004888888888888889,1
0.04766666666666666,0.004888888888888889,1
0.048277777777777774,0.004888888888888889,1
0.048888888888888885,0.004888888888888889,1
0.0495,0.004888888888888889,1
0.05011111111111111,0.004888888888888889,1
0.050722222222222224,0.004888888888888889,1
0.051333333333333335,0.004888888888888889,1
0.051944444444444446,0.004888888888888889,1
0.05255555555555556,0.004888888888888889,1
0.05316666666666667,0.004888888888888889,1
0.05377777777777778,0.004888888888888889,1
0.05438888888888889,0.004888888888888889,1
0.055,0.004888888888888889,1
0.0,0.005133333333333333,2
0.0006111111111111111,0.005133333333333333,2
0.0012222222222222222,0.005133333333333333,2
0.0018333333333333333,0.005133333333333333,2
0.0024444444444444444,0.005133333333333333,2
0.0030555555555555553,0.005133333333333333,2
0.0036666666666666666,0.005133333333333333,2
0.004277777777777778,0.005133333333333333,2
0.004888888888888889,0.005133333333333333,2
0.0055,0.005133333333333333,2
0.0061111111111111106,0.005133333333333333,2
0.006722222222222222,0.005133333333333333,2
0.007333333333333333,0.005133333333333333,2
0.007944444444444445,0.005133333333333333,2
0.008555555555555556,0.005133333333333333,2
0.009166666666666667,0.005133333333333333,2
0.009777777777777778,0.005133333333333333,2
0.010388888888888888,0.005133333333333333,2
0.011,0.005133333333333333,2
0.01161111111111111,0.005133333333333333,2
0.012222222222222221,0.005133333333333333,2
0.012833333333333334,0.005133333333333333,2
0.013444444444444445,0.005133333333333333,2
0.014055555555555556,0.005133333333333333,2
0.014666666666666666,0.005133333333333333,2
0.015277777777777777,0.005133333333333333,2
0.01588888888888889,0.005133333333333333,2
0.0165,0.005133333333333333,2
0.01711111111111111,0.005133333333333333,2
0.017722222222222223,0.005133333333333333,2
0.018333333333333333,0.005133333333333333,2
0.018944444444444444,0.005133333333333333,2
0.019555555555555555,0.005133333333333333,2
0.020166666666666666,0.005133333333333333,2
0.020777777777777777,0.005133333333333333,2
0.021388888888888888,0.005133333333333333,1
0.022,0.005133333333333333,1
0.02261111111111111,0.005133333333333333,1
0.02322222222222222,0.005133333333333333,1
0.02383333333333333,0.005133333333333333,1
0.024444444444444442,0.005133333333333333,1
0.025055555555555557,0.005133333333333333,1
0.025666666666666667,0.005133333333333333,1
0.02627777777777778,0.005133333333333333,1
0.02688888888888889,0.005133333333333333,1
0.0275,0.005133333333333333,1
0.02811111111111111,0.005133333333333333,1
0.028722222222222222,0.005133333333333333,1
0.029333333333333333,0.005133333333333333,1
0.029944444444444444,0.005133333333333333,1
0.030555555555555555,0.005133333333333333,1
0.031166666666666665,0.005133333333333333,1
0.03177777777777778,0.005133333333333333,1
0.03238888888888889,0.005133333333333333,1
0.033,0.005133333333333333,1
0.03361111111111111,0.005133333333333333,1
0.03422222222222222,0.005133333333333333,1
0.034833333333333334,0.005133333333333333,1
0.035444444444444445,0.005133333333333333,1
0.036055555555555556,0.005133333333333333,1
0.03666666666666667,0.005133333333333333,1
0.03727777777777778,0.005133333333333333,1
0.03788888888888889,0.005133333333333333,1
0.0385,0.005133333333333333,1
0.03911111111111111,0.005133333333333333,1
0.03972222222222222,0.005133333333333333,1
0.04033333333333333,0.005133333333333333,1
0.04094444444444444,0.005133333333333333,1
0.041555555555555554,0.005133333333333333,1
0.042166666666666665,0.005133333333333333,1
0.042777777777777776,0.005133333333333333,1
0.04338888888888889,0.005133333333333333,1
0.044,0.005133333333333333,1
0.04461111111111111,0.005133333333333333,1
0.04522222222222222,0.005133333333333333,1
0.04583333333333333,0.005133333333333333,1
0.04644444444444444,0.005133333333333333,1
0.04705555555555555,0.005133333333333333,1
0.04766666666666666,0.005133333333333333,1
0.048277777777777774,0.005133333333333333,1
0.048888888888888885,0.005133333333333333,1
0.0495,0.005133333333333333,1
0.05011111111111111,0.005133333333333333,1
0.050722222222222224,0.005133333333333333,1
0.051333333333333335,0.005133333333333333,1
0.051944444444444446,0.005133333333333333,1
0.05255555555555556,0.005133333333333333,1
0.05316666666666667,0.005133333333333333,1
0.05377777777777778,0.005133333333333333,1
0.05438888888888889,0.005133333333333333,1
0.055,0.005133333333333333,1
0.0,0.005377777777777777,2
0.0006111111111111111,0.005377777777777777,2
0.0012222222222222222,0.005377777777777777,2
0.0018333333333333333,0.005377777777777777,2
0.0024444444444444444,0.005377777777777777,2
0.0030555555555555553,0.005377777777777777,2
0.0036666666666666666,0.005377777777777777,2
0.004277777777777778,0.005377777777777777,2
0.004888888888888889,0.005377777777777777,2
0.0055,0.005377777777777777,2
0.0061111111111111106,0.005377777777777777,2
0.006722222222222222,0.005377777777777777,2
0.007333333333333333,0.005377777777777777,2
0.007944444444444445,0.005377777777777777,2
0.008555555555555556,0.005377777777777777,2
0.009166666666666667,0.005377777777777777,2
0.009777777777777778,0.005377777777777777,2
0.010388888888888888,0.005377777777777777,2
0.011,0.005377777777777777,2
0.01161111111111111,0.005377777777777777,2
0.012222222222222221,0.005377777777777777,2
0.012833333333333334,0.005377777777777777,2
0.013444444444444445,0.005377777777777777,2
0.014055555555555556,0.005377777777777777,2
0.014666666666666666,0.005377777777777777,2
0.015277777777777777,0.005377777777777777,2
0.01588888888888889,0.005377777777777777,2
0.0165,0.005377777777777777,2
0.01711111111111111,0.005377777777777777,2
0.017722222222222223,0.005377777777777777,2
0.018333333333333333,0.005377777777777777,2
0.018944444444444444,0.005377777777777777,2
0.019555555555555555,0.005377777777777777,2
0.020166666666666666,0.005377777777777777,2
0.020777777777777777,0.005377777777777777,1
0.021388888888888888,0.005377777777777777,1
0.022,0.005377777777777777,1
0.02261111111111111,0.005377777777777777,1
0.02322222222222222,0.005377777777777777,1
0.02383333333333333,0.005377777777777777,1
0.024444444444444442,0.005377777777777777,1
0.025055555555555557,0.005377777777777777,1
0.025666666666666667,0.005377777777777777,1
0.02627777777777778,0.005377777777777777,1
0.02688888888888889,0.005377777777777777,1
0.0275,0.005377777777777777,1
0.02811111111111111,0.005377777777777777,1
0.028722222222222222,0.005377777777777777,1
0.029333333333333333,0.005377777777777777,1
0.029944444444444444,0.005377777777777777,1
0.030555555555555555,0.005377777777777777,1
0.031166666666666665,0.005377777777777777,1
0.03177777777777778,0.005377777777777777,1
0.03238888888888889,0.005377777777777777,1
0.033,0.005377777777777777,1
0.03361111111111111,0.005377777777777777,1
0.03422222222222222,0.005377777777777777,1
0.034833333333333334,0.005377777777777777,1
0.035444444444444445,0.005377777777777777,1
0.036055555555555556,0.005377777777777777,1
0.03666666666666667,0.005377777777777777,1
0.03727777777777778,0.005377777777777777,1
0.03788888888888889,0.005377777777777777,1
0.0385,0.005377777777777777,1
0.03911111111111111,0.005377777777777777,1
0.03972222222222222,0.005377777777777777,1
0.04033333333333333,0.005377777777777777,1
0.04094444444444444,0.005377777777777777,1
0.041555555555555554,0.005377777777777777,1
0.042166666666666665,0.005377777777777777,1
0.042777777777777776,0.005377777777777777,1
0.04338888888888889,0.005377777777777777,1
0.044,0.005377777777777777,1
0.04461111111111111,0.005377777777777777,1
0.04522222222222222,0.005377777777777777,1
0.04583333333333333,0.005377777777777777,1
0.04644444444444444,0.005377777777777777,1
0.04705555555555555,0.005377777777777777,1
0.04766666666666666,0.005377777777777777,1
0.048277777777777774,0.005377777777777777,1
0.048888888888888885,0.005377777777777777,1
0.0495,0.005377777777777777,1
0.05011111111111111,0.005377777777777777,1
0.050722222222222224,0.005377777777777777,1
0.051333333333333335,0.005377777777777777,1
0.051944444444444446,0.005377777777777777,1
0.05255555555555556,0.005377777777777777,1
0.05316666666666667,0.005377777777777777,1
0.05377777777777778,0.005377777777777777,1
0.05438888888888889,0.005377777777777777,1
0.055,0.005377777777777777,1
0.0,0.005622222222222222,2
0.0006111111111111111,0.005622222222222222,2
0.0012222222222222222,0.005622222222222222,2
0.0018333333333333333,0.005622222222222222,2
0.0024444444444444444,0.005622222222222222,2
0.0030555555555555553,0.005622222222222222,2
0.0036666666666666666,0.005622222222222222,2
0.004277777777777778,0.005622222222222222,2
0.004888888888888889,0.005622222222222222,2
0.0055,0.005622222222222222,2
0.0061111111111111106,0.005622222222222222,2
0.006722222222222222,0.005622222222222222,2
0.007333333333333333,0.005622222222222222,2
0.007944444444444445,0.005622222222222222,2
0.008555555555555556,0.005622222222222222,2
0.009166666666666667,0.005622222222222222,2
0.009777777777777778,0.005622222222222222,2
0.010388888888888888,0.005622222222222222,2
0.011,0.005622222222222222,2
0.01161111111111111,0.005622222222222222,2
0.012222222222222221,0.005622222222222222,2
0.012833333333333334,0.005622222222222222,2
0.013444444444444445,0.005622222222222222,2
0.014055555555555556,0.005622222222222222,2
0.014666666666666666,0.005622222222222222,2
0.015277777777777777,0.005622222222222222,2
0.01588888888888889,0.005622222222222222,2
0.0165,0.005622222222222222,2
0.01711111111111111,0.005622222222222222,2
0.017722222222222223,0.005622222222222222,2
0.018333333333333333,0.005622222222222222,2
0.018944444444444444,0.005622222222222222,2
0.019555555555555555,0.005622222222222222,2
0.020166666666666666,0.005622222222222222,1
0.020777777777777777,0.005622222222222222,1
0.021388888888888888,0.005622222222222222,1
0.022,0.005622222222222222,1
0.02261111111111111,0.005622222222222222,1
0.02322222222222222,0.005622222222222222,1
0.02383333333333333,0.005622222222222222,1
0.024444444444444442,0.005622222222222222,1
0.025055555555555557,0.005622222222222222,1
0.025666666666666667,0.005622222222222222,1
0.02627777777777778,0.005622222222222222,1
0.02688888888888889,0.005622222222222222,1
0.0275,0.005622222222222222,1
0.02811111111111111,0.005622222222222222,1
0.028722222222222222,0.005622222222222222,1
0.029333333333333333,0.005622222222222222,1
0.029944444444444444,0.005622222222222222,1
0.030555555555555555,0.005622222222222222,1
0.031166666666666665,0.005622222222222222,1
0.03177777777777778,0.005622222222222222,1
0.03238888888888889,0.005622222222222222,1
0.033,0.005622222222222222,1
0.03361111111111111,0.005622222222222222,1
0.03422222222222222,0.005622222222222222,1
0.034833333333333334,0.005622222222222222,1
0.035444444444444445,0.005622222222222222,1
0.036055555555555556,0.005622222222222222,1
0.03666666666666667,0.005622222222222222,1
0.03727777777777778,0.005622222222222222,1
0.03788888888888889,0.005622222222222222,1
0.0385,0.005622222222222222,1
0.03911111111111111,0.005622222222222222,1
0.03972222222222222,0.005622222222222222,1
0.04033333333333333,0.005622222222222222,1
0.04094444444444444,0.005622222222222222,1
0.041555555555555554,0.005622222222222222,1
0.042166666666666665,0.005622222222222222,1
0.042777777777777776,0.005622222222222222,1
0.04338888888888889,0.005622222222222222,1
0.044,0.005622222222222222,1
0.04461111111111111,0.005622222222222222,1
0.04522222222222222,0.005622222222222222,1
0.04583333333333333,0.005622222222222222,1
0.04644444444444444,0.005622222222222222,1
0.04705555555555555,0.005622222222222222,1
0.04766666666666666,0.005622222222222222,1
0.048277777777777774,0.005622222222222222,1
0.048888888888888885,0.005622222222222222,1
0.0495,0.005622222222222222,1
0.05011111111111111,0.005622222222222222,1
0.050722222222222224,0.005622222222222222,1
0.051333333333333335,0.005622222222222222,1
0.051944444444444446,0.005622222222222222,1
0.05255555555555556,0.005622222222222222,1
0.05316666666666667,0.005622222222222222,1
0.05377777777777778,0.005622222222222222,1
0.05438888888888889,0.005622222222222222,1
0.055,0.005622222222222222,1
0.0,0.005866666666666666,2
0.0006111111111111111,0.005866666666666666,2
0.0012222222222222222,0.005866666666666666,2
0.0018333333333333333,0.005866666666666666,2
0.0024444444444444444,0.005866666666666666,2
0.0030555555555555553,0.005866666666666666,2
0.0036666666666666666,0.005866666666666666,2
0.004277777777777778,0.005866666666666666,2
0.004888888888888889,0.005866666666666666,2
0.0055,0.005866666666666666,2
0.0061111111111111106,0.005866666666666666,2
0.006722222222222222,0.005866666666666666,2
0.007333333333333333,0.005866666666666666,2
0.007944444444444445,0.005866666666666666,2
0.008555555555555556,0.005866666666666666,2
0.009166666666666667,0.005866666666666666,2
0.009777777777777778,0.005866666666666666,2
0.010388888888888888,0.005866666666666666,2
0.011,0.005866666666666666,2
0.01161111111111111,0.005866666666666666,2
0.012222222222222221,0.005866666666666666,2
0.012833333333333334,0.005866666666666666,2
0.013444444444444445,0.005866666666666666,2
0.014055555555555556,0.005866666666666666,2
0.014666666666666666,0.005866666666666666,2
0.015277777777777777,0.005866666666666666,2
0.01588888888888889,0.005866666666666666,2
0.0165,0.005866666666666666,2
0.01711111111111111,0.005866666666666666,2
0.017722222222222223,0.005866666666666666,2
0.018333333333333333,0.005866666666666666,2
0.018944444444444444,0.005866666666666666,2
0.019555555555555555,0.005866666666666666,1
0.020166666666666666,0.005866666666666666,1
0.020777777777777777,0.005866666666666666,1
0.021388888888888888,0.005866666666666666,1
0.022,0.005866666666666666,1
0.02261111111111111,0.005866666666666666,1
0.02322222222222222,0.005866666666666666,1
0.02383333333333333,0.005866666666666666,1
0.024444444444444442,0.005866666666666666,1
0.025055555555555557,0.005866666666666666,1
0.025666666666666667,0.005866666666666666,1
0.02627777777777778,0.005866666666666666,1
0.02688888888888889,0.005866666666666666,1
0.0275,0.005866666666666666,1
0.02811111111111111,0.005866666666666666,1
0.028722222222222222,0.005866666666666666,1
0.029333333333333333,0.005866666666666666,1
0.029944444444444444,0.005866666666666666,1
0.030555555555555555,0.005866666666666666,1
0.031166666666666665,0.005866666666666666,1
0.03177777777777778,0.005866666666666666,1
0.03238888888888889,0.005866666666666666,1
0.033,0.005866666666666666,1
0.03361111111111111,0.005866666666666666,1
0.03422222222222222,0.005866666666666666,1
0.034833333333333334,0.005866666666666666,1
0.035444444444444445,0.005866666666666666,1
0.036055555555555556,0.005866666666666666,1
0.03666666666666667,0.005866666666666666,1
0.03727777777777778,0.005866666666666666,1
0.03788888888888889,0.005866666666666666,1
0.0385,0.005866666666666666,1
0.03911111111111111,0.005866666666666666,1
0.03972222222222222,0.005866666666666666,1
0.04033333333333333,0.005866666666666666,1
0.04094444444444444,0.005866666666666666,1
0.041555555555555554,0.005866666666666666,1
0.042166666666666665,0.005866666666666666,1
0.042777777777777776,0.005866666666666666,1
0.04338888888888889,0.005866666666666666,1
0.044,0.005866666666666666,1
0.04461111111111111,0.005866666666666666,1
0.04522222222222222,0.005866666666666666,1
0.04583333333333333,0.005866666666666666,1
0.04644444444444444,0.005866666666666666,1
0.04705555555555555,0.005866666666666666,1
0.04766666666666666,0.005866666666666666,1
0.048277777777777774,0.005866666666666666,1
0.048888888888888885,0.005866666666666666,1
0.0495,0.005866666666666666,1
0.05011111111111111,0.005866666666666666,1
0.050722222222222224,0.005866666666666666,1
0.051333333333333335,0.005866666666666666,1
0.051944444444444446,0.005866666666666666,1
0.05255555555555556,0.005866666666666666,1
0.05316666666666667,0.005866666666666666,1
0.05377777777777778,0.005866666666666666,1
0.05438888888888889,0.005866666666666666,1
0.055,0.005866666666666666,1
0.0,0.0061111111111111106,2
0.0006111111111111111,0.0061111111111111106,2
0.0012222222222222222,0.0061111111111111106,2
0.0018333333333333333,0.0061111111111111106,2
0.0024444444444444444,0.0061111111111111106,2
0.0030555555555555553,0.0061111111111111106,2
0.0036666666666666666,0.0061111111111111106,2
0.004277777777777778,0.0061111111111111106,2
0.004888888888888889,0.0061111111111111106,2
0.0055,0.0061111111111111106,2
0.0061111111111111106,0.0061111111111111106,2
0.006722222222222222,0.0061111111111111106,2
0.007333333333333333,0.0061111111111111106,2
0.007944444444444445,0.0061111111111111106,2
0.008555555555555556,0.0061111111111111106,2
0.009166666666666667,0.0061111111111111106,2
0.009777777777777778,0.0061111111111111106,2
0.010388888888888888,0.0061111111111111106,2
0.011,0.0061111111111111106,2
0.01161111111111111,0.0061111111111111106,2
0.012222222222222221,0.0061111111111111106,2
0.012833333333333334,0.0061111111111111106,2
0.013444444444444445,0.0061111111111111106,2
0.014055555555555556,0.0061111111111111106,2
0.014666666666666666,0.0061111111111111106,2
0.015277777777777777,0.0061111111111111106,2
0.01588888888888889,0.0061111111111111106,2
0.0165,0.0061111111111111106,2
0.01711111111111111,0.0061111111111111106,2
0.017722222222222223,0.0061111111111111106,2
0.018333333333333333,0.0061111111111111106,1
0.018944444444444444,0.0061111111111111106,1
0.019555555555555555,0.0061111111111111106,1
0.020166666666666666,0.0061111111111111106,1
0.020777777777777777,0.0061111111111111106,1
0.021388888888888888,0.0061111111111111106,1
0.022,0.0061111111111111106,1
0.02261111111111111,0.0061111111111111106,1
0.02322222222222222,0.0061111111111111106,1
0.02383333333333333,0.0061111111111111106,1
0.024444444444444442,0.0061111111111111106,1
0.025055555555555557,0.0061111111111111106,1
0.025666666666666667,0.0061111111111111106,1
0.02627777777777778,0.0061111111111111106,1
0.02688888888888889,0.0061111111111111106,1
0.0275,0.0061111111111111106,1
0.02811111111111111,0.0061111111111111106,1
0.028722222222222222,0.0061111111111111106,1
0.029333333333333333,0.0061111111111111106,1
0.029944444444444444,0.0061111111111111106,1
0.030555555555555555,0.0061111111111111106,1
0.031166666666666665,0.0061111111111111106,1
0.03177777777777778,0.0061111111111111106,1
0.03238888888888889,0.0061111111111111106,1
0.033,0.0061111111111111106,1
0.03361111111111111,0.0061111111111111106,1
0.03422222222222222,0.0061111111111111106,1
0.034833333333333334,0.0061111111111111106,1
0.035444444444444445,0.0061111111111111106,1
0.036055555555555556,0.0061111111111111106,1
0.03666666666666667,0.0061111111111111106,1
0.03727777777777778,0.0061111111111111106,1
0.03788888888888889,0.0061111111111111106,1
0.0385,0.0061111111111111106,1
0.03911111111111111,0.0061111111111111106,1
0.03972222222222222,0.0061111111111111106,1
0.04033333333333333,0.0061111111111111106,1
0.04094444444444444,0.0061111111111111106,1
0.041555555555555554,0.0061111111111111106,1
0.042166666666666665,0.0061111111111111106,1
0.042777777777777776,0.0061111111111111106,1
0.04338888888888889,0.0061111111111111106,1
0.044,0.0061111111111111106,1
0.04461111111111111,0.0061111111111111106,1
0.04522222222222222,0.0061111111111111106,1
0.04583333333333333,0.0061111111111111106,1
0.04644444444444444,0.0061111111111111106,1
0.04705555555555555,0.0061111111111111106,1
0.04766666666666666,0.0061111111111111106,1
0.048277777777777774,0.0061111111111111106,1
0.048888888888888885,0.0061111111111111106,1
0.0495,0.0061111111111111106,1
0.05011111111111111,0.0061111111111111106,1
0.050722222222222224,0.0061111111111111106,1
0.051333333333333335,0.0061111111111111106,1
0.051944444444444446,0.0061111111111111106,1
0.05255555555555556,0.0061111111111111106,1
0.05316666666666667,0.0061111111111111106,1
0.05377777777777778,0.0061111111111111106,1
0.05438888888888889,0.0061111111111111106,1
0.055,0.0061111111111111106,1
0.0,0.006355555555555555,2
0.0006111111111111111,0.006355555555555555,2
0.0012222222222222222,0.006355555555555555,2
0.0018333333333333333,0.006355555555555555,2
0.0024444444444444444,0.006355555555555555,2
0.0030555555555555553,0.006355555555555555,2
0.0036666666666666666,0.006355555555555555,2
0.004277777777777778,0.006355555555555555,2
0.004888888888888889,0.006355555555555555,2
0.0055,0.006355555555555555,2
0.0061111111111111106,0.006355555555555555,2
0.006722222222222222,0.006355555555555555,2
0.007333333333333333,0.006355555555555555,2
0.007944444444444445,0.006355555555555555,2
0.008555555555555556,0.006355555555555555,2
0.009166666666666667,0.006355555555555555,2
0.009777777777777778,0.006355555555555555,2
0.010388888888888888,0.006355555555555555,2
0.011,0.006355555555555555,2
0.01161111111111111,0.006355555555555555,2
0.012222222222222221,0.006355555555555555,2
0.012833333333333334,0.006355555555555555,2
0.013444444444444445,0.006355555555555555,2
0.014055555555555556,0.006355555555555555,2
0.014666666666666666,0.006355555555555555,2
0.015277777777777777,0.006355555555555555,2
0.01588888888888889,0.006355555555555555,2
0.0165,0.006355555555555555,2
0.01711111111111111,0.006355555555555555,2
0.017722222222222223,0.006355555555555555,1
0.018333333333333333,0.006355555555555555,1
0.018944444444444444,0.006355555555555555,1
0.019555555555555555,0.006355555555555555,1
0.020166666666666666,0.006355555555555555,1
0.020777777777777777,0.006355555555555555,1
0.021388888888888888,0.006355555555555555,1
0.022,0.006355555555555555,1
0.02261111111111111,0.006355555555555555,1
0.02322222222222222,0.006355555555555555,1
0.02383333333333333,0.006355555555555555,1
0.024444444444444442,0.006355555555555555,1
0.025055555555555557,0.006355555555555555,1
0.025666666666666667,0.006355555555555555,1
0.02627777777777778,0.006355555555555555,1
0.02688888888888889,0.006355555555555555,1
0.0275,0.006355555555555555,1
0.02811111111111111,0.006355555555555555,1
0.028722222222222222,0.006355555555555555,1
0.029333333333333333,0.006355555555555555,1
0.029944444444444444,0.006355555555555555,1
0.030555555555555555,0.006355555555555555,1
0.031166666666666665,0.006355555555555555,1
0.03177777777777778,0.006355555555555555,1
0.03238888888888889,0.006355555555555555,1
0.033,0.006355555555555555,1
0.03361111111111111,0.006355555555555555,1
0.03422222222222222,0.006355555555555555,1
0.034833333333333334,0.006355555555555555,1
0.035444444444444445,0.006355555555555555,1
0.036055555555555556,0.006355555555555555,1
0.03666666666666667,0.006355555555555555,1
0.03727777777777778,0.006355555555555555,1
0.03788888888888889,0.006355555555555555,1
0.0385,0.006355555555555555,1
0.03911111111111111,0.006355555555555555,1
0.03972222222222222,0.006355555555555555,1
0.04033333333333333,0.006355555555555555,1
0.04094444444444444,0.006355555555555555,1
0.041555555555555554,0.006355555555555555,1
0.042166666666666665,0.006355555555555555,1
0.042777777777777776,0.006355555555555555,1
0.04338888888888889,0.006355555555555555,1
0.044,0.006355555555555555,1
0.04461111111111111,0.006355555555555555,1
0.04522222222222222,0.006355555555555555,1
0.04583333333333333,0.006355555555555555,1
0.04644444444444444,0.006355555555555555,1
0.04705555555555555,0.006355555555555555,1
0.04766666666666666,0.006355555555555555,1
0.048277777777777774,0.006355555555555555,1
0.048888888888888885,0.006355555555555555,1
0.0495,0.006355555555555555,1
0.05011111111111111,0.006355555555555555,1
0.050722222222222224,0.006355555555555555,1
0.051333333333333335,0.006355555555555555,1
0.051944444444444446,0.006355555555555555,1
0.05255555555555556,0.006355555555555555,1
0.05316666666666667,0.006355555555555555,1
0.05377777777777778,0.006355555555555555,1
0.05438888888888889,0.006355555555555555,1
0.055,0.006355555555555555,1
0.0,0.0066,2
0.0006111111111111111,0.0066,2
0.0012222222222222222,0.0066,2
0.0018333333333333333,0.0066,2
0.0024444444444444444,0.0066,2
0.0030555555555555553,0.0066,2
0.0036666666666666666,0.0066,2
0.004277777777777778,0.0066,2
0.004888888888888889,0.0066,2
0.0055,0.0066,2
0.0061111111111111106,0.0066,2
0.006722222222222222,0.0066,2
0.007333333333333333,0.0066,2
0.007944444444444445,0.0066,2
0.008555555555555556,0.0066,2
0.009166666666666667,0.0066,2
0.009777777777777778,0.0066,2
0.010388888888888888,0.0066,2
0.011,0.0066,2
0.01161111111111111,0.0066,2
0.012222222222222221,0.0066,2
0.012833333333333334,0.0066,2
0.013444444444444445,0.0066,2
0.014055555555555556,0.0066,2
0.014666666666666666,0.0066,2
0.015277777777777777,0.0066,2
0.01588888888888889,0.0066,2
0.0165,0.0066,2
0.01711111111111111,0.0066,1
0.017722222222222223,0.0066,1
0.018333333333333333,0.0066,1
0.018944444444444444,0.0066,1
0.019555555555555555,0.0066,1
0.020166666666666666,0.0066,1
0.020777777777777777,0.0066,1
0.021388888888888888,0.0066,1
0.022,0.0066,1
0.02261111111111111,0.0066,1
0.02322222222222222,0.0066,1
0.02383333333333333,0.0066,1
0.024444444444444442,0.0066,1
0.025055555555555557,0.0066,1
0.025666666666666667,0.0066,1
0.02627777777777778,0.0066,1
0.02688888888888889,0.0066,1
0.0275,0.0066,1
0.02811111111111111,0.0066,1
0.028722222222222222,0.0066,1
0.029333333333333333,0.0066,1
0.029944444444444444,0.0066,1
0.030555555555555555,0.0066,1
0.031166666666666665,0.0066,1
0.03177777777777778,0.0066,1
0.03238888888888889,0.0066,1
0.033,0.0066,1
0.03361111111111111,0.0066,1
0.03422222222222222,0.0066,1
0.034833333333333334,0.0066,1
0.035444444444444445,0.0066,1
0.036055555555555556,0.0066,1
0.03666666666666667,0.0066,1
0.03727777777777778,0.0066,1
0.03788888888888889,0.0066,1
0.0385,0.0066,1
0.03911111111111111,0.0066,1
0.03972222222222222,0.0066,1
0.04033333333333333,0.0066,1
0.04094444444444444,0.0066,1
0.041555555555555554,0.0066,1
0.042166666666666665,0.0066,1
0.042777777777777776,0.0066,1
0.04338888888888889,0.0066,1
0.044,0.0066,1
0.04461111111111111,0.0066,1
0.04522222222222222,0.0066,1
0.04583333333333333,0.0066,1
0.04644444444444444,0.0066,1
0.04705555555555555,0.0066,1
0.04766666666666666,0.0066,1
0.048277777777777774,0.0066,1
0.048888888888888885,0.0066,1
0.0495,0.0066,1
0.05011111111111111,0.0066,1
0.050722222222222224,0.0066,1
0.051333333333333335,0.0066,1
0.051944444444444446,0.0066,1
0.05255555555555556,0.0066,1
0.05316666666666667,0.0066,1
0.05377777777777778,0.0066,1
0.05438888888888889,0.0066,1
0.055,0.0066,1
0.0,0.006844444444444444,2
0.0006111111111111111,0.006844444444444444,2
0.0012222222222222222,0.006844444444444444,2
0.0018333333333333333,0.006844444444444444,2
0.0024444444444444444,0.006844444444444444,2
0.0030555555555555553,0.006844444444444444,2
0.0036666666666666666,0.006844444444444444,2
0.004277777777777778,0.006844444444444444,2
0.004888888888888889,0.006844444444444444,2
0.0055,0.006844444444444444,2
0.0061111111111111106,0.006844444444444444,2
0.006722222222222222,0.006844444444444444,2
0.007333333333333333,0.006844444444444444,2
0.007944444444444445,0.006844444444444444,2
0.008555555555555556,0.006844444444444444,2
0.009166666666666667,0.006844444444444444,2
0.009777777777777778,0.006844444444444444,2
0.010388888888888888,0.006844444444444444,2
0.011,0.006844444444444444,2
0.01161111111111111,0.006844444444444444,2
0.012222222222222221,0.006844444444444444,2
0.012833333333333334,0.006844444444444444,2
0.013444444444444445,0.006844444444444444,2
0.014055555555555556,0.006844444444444444,2
0.014666666666666666,0.006844444444444444,2
0.015277777777777777,0.006844444444444444,2
0.01588888888888889,0.006844444444444444,2
0.0165,0.006844444444444444,1
0.01711111111111111,0.006844444444444444,1
0.017722222222222223,0.006844444444444444,1
0.018333333333333333,0.006844444444444444,1
0.018944444444444444,0.006844444444444444,1
0.019555555555555555,0.006844444444444444,1
0.020166666666666666,0.006844444444444444,1
0.020777777777777777,0.006844444444444444,1
0.021388888888888888,0.006844444444444444,1
0.022,0.006844444444444444,1
0.02261111111111111,0.006844444444444444,1
0.02322222222222222,0.006844444444444444,1
0.02383333333333333,0.006844444444444444,1
0.024444444444444442,0.006844444444444444,1
0.025055555555555557,0.006844444444444444,1
0.025666666666666667,0.006844444444444444,1
0.02627777777777778,0.006844444444444444,1
0.02688888888888889,0.006844444444444444,1
0.0275,0.006844444444444444,1
0.02811111111111111,0.006844444444444444,1
0.028722222222222222,0.006844444444444444,1
0.029333333333333333,0.006844444444444444,1
0.029944444444444444,0.006844444444444444,1
0.030555555555555555,0.006844444444444444,1
0.031166666666666665,0.006844444444444444,1
0.03177777777777778,0.006844444444444444,1
0.03238888888888889,0.006844444444444444,1
0.033,0.006844444444444444,1
0.03361111111111111,0.006844444444444444,1
0.03422222222222222,0.006844444444444444,1
0.034833333333333334,0.006844444444444444,1
0.035444444444444445,0.006844444444444444,1
0.036055555555555556,0.006844444444444444,1
0.03666666666666667,0.006844444444444444,1
0.03727777777777778,0.006844444444444444,1
0.03788888888888889,0.006844444444444444,1
0.0385,0.006844444444444444,1
0.03911111111111111,0.006844444444444444,1
0.03972222222222222,0.006844444444444444,1
0.04033333333333333,0.006844444444444444,1
0.04094444444444444,0.006844444444444444,1
0.041555555555555554,0.006844444444444444,1
0.042166666666666665,0.006844444444444444,1
0.042777777777777776,0.006844444444444444,1
0.04338888888888889,0.006844444444444444,1
0.044,0.006844444444444444,1
0.04461111111111111,0.006844444444444444,1
0.04522222222222222,0.006844444444444444,1
0.04583333333333333,0.006844444444444444,1
0.04644444444444444,0.006844444444444444,1
0.04705555555555555,0.006844444444444444,1
0.04766666666666666,0.006844444444444444,1
0.048277777777777774,0.006844444444444444,1
0.048888888888888885,0.006844444444444444,1
0.0495,0.006844444444444444,1
0.05011111111111111,0.006844444444444444,1
0.050722222222222224,0.006844444444444444,1
0.051333333333333335,0.006844444444444444,1
0.051944444444444446,0.006844444444444444,1
0.05255555555555556,0.006844444444444444,1
0.05316666666666667,0.006844444444444444,1
0.05377777777777778,0.006844444444444444,1
0.05438888888888889,0.006844444444444444,1
0.055,0.006844444444444444,1
0.0,0.0070888888888888885,2
0.0006111111111111111,0.0070888888888888885,2
0.0012222222222222222,0.0070888888888888885,2
0.0018333333333333333,0.0070888888888888885,2
0.0024444444444444444,0.0070888888888888885,2
0.0030555555555555553,0.0070888888888888885,2
0.0036666666666666666,0.0070888888888888885,2
0.004277777777777778,0.0070888888888888885,2
0.004888888888888889,0.0070888888888888885,2
0.0055,0.0070888888888888885,2
0.0061111111111111106,0.0070888888888888885,2
0.006722222222222222,0.0070888888888888885,2
0.007333333333333333,0.0070888888888888885,2
0.007944444444444445,0.0070888888888888885,2
0.008555555555555556,0.0070888888888888885,2
0.009166666666666667,0.0070888888888888885,2
0.009777777777777778,0.0070888888888888885,2
0.010388888888888888,0.0070888888888888885,2
0.011,0.0070888888888888885,2
0.01161111111111111,0.0070888888888888885,2
0.012222222222222221,0.0070888888888888885,2
0.012833333333333334,0.0070888888888888885,2
0.013444444444444445,0.0070888888888888885,2
0.014055555555555556,0.0070888888888888885,2
0.014666666666666666,0.0070888888888888885,2
0.015277777777777777,0.0070888888888888885,1
0.01588888888888889,0.0070888888888888885,1
0.0165,0.0070888888888888885,1
0.01711111111111111,0.0070888888888888885,1
0.017722222222222223,0.0070888888888888885,1
0.018333333333333333,0.0070888888888888885,1
0.018944444444444444,0.0070888888888888885,1
0.019555555555555555,0.0070888888888888885,1
0.020166666666666666,0.0070888888888888885,1
0.020777777777777777,0.0070888888888888885,1
0.021388888888888888,0.0070888888888888885,1
0.022,0.0070888888888888885,1
0.02261111111111111,0.0070888888888888885,1
0.02322222222222222,0.0070888888888888885,1
0.02383333333333333,0.0070888888888888885,1
0.024444444444444442,0.0070888888888888885,1
0.025055555555555557,0.0070888888888888885,1
0.025666666666666667,0.0070888888888888885,1
0.02627777777777778,0.0070888888888888885,1
0.02688888888888889,0.0070888888888888885,1
0.0275,0.0070888888888888885,1
0.02811111111111111,0.0070888888888888885,1
0.028722222222222222,0.0070888888888888885,1
0.029333333333333333,0.0070888888888888885,1
0.029944444444444444,0.0070888888888888885,1
0.030555555555555555,0.0070888888888888885,1
0.031166666666666665,0.0070888888888888885,1
0.03177777777777778,0.0070888888888888885,1
0.03238888888888889,0.0070888888888888885,1
0.033,0.0070888888888888885,1
0.03361111111111111,0.0070888888888888885,1
0.03422222222222222,0.0070888888888888885,1
0.034833333333333334,0.0070888888888888885,1
0.035444444444444445,0.0070888888888888885,1
0.036055555555555556,0.0070888888888888885,1
0.03666666666666667,0.0070888888888888885,1
0.03727777777777778,0.0070888888888888885,1
0.03788888888888889,0.0070888888888888885,1
0.0385,0.0070888888888888885,1
0.03911111111111111,0.0070888888888888885,1
0.03972222222222222,0.0070888888888888885,1
0.04033333333333333,0.0070888888888888885,1
0.04094444444444444,0.0070888888888888885,1
0.041555555555555554,0.0070888888888888885,1
0.042166666666666665,0.0070888888888888885,1
0.042777777777777776,0.0070888888888888885,1
0.04338888888888889,0.0070888888888888885,1
0.044,0.0070888888888888885,1
0.04461111111111111,0.0070888888888888885,1
0.04522222222222222,0.0070888888888888885,1
0.04583333333333333,0.0070888888888888885,1
0.04644444444444444,0.0070888888888888885,1
0.04705555555555555,0.0070888888888888885,1
0.04766666666666666,0.0070888888888888885,1
0.048277777777777774,0.0070888888888888885,1
0.048888888888888885,0.0070888888888888885,1
0.0495,0.0070888888888888885,1
0.05011111111111111,0.0070888888888888885,1
0.050722222222222224,0.0070888888888888885,1
0.051333333333333335,0.0070888888888888885,1
0.051944444444444446,0.0070888888888888885,1
0.05255555555555556,0.0070888888888888885,1
0.05316666666666667,0.0070888888888888885,1
0.05377777777777778,0.0070888888888888885,1
0.05438888888888889,0.0070888888888888885,1
0.055,0.0070888888888888885,1
0.0,0.007333333333333333,2
0.0006111111111111111,0.007333333333333333,2
0.0012222222222222222,0.007333333333333333,2
0.0018333333333333333,0.007333333333333333,2
0.0024444444444444444,0.007333333333333333,2
0.0030555555555555553,0.007333333333333333,2
0.0036666666666666666,0.007333333333333333,2
0.004277777777777778,0.007333333333333333,2
0.004888888888888889,0.007333333333333333,2
0.0055,0.007333333333333333,2
0.0061111111111111106,0.007333333333333333,2
0.006722222222222222,0.007333333333333333,2
0.007333333333333333,0.007333333333333333,2
0.007944444444444445,0.007333333333333333,2
0.008555555555555556,0.007333333333333333,2
0.009166666666666667,0.007333333333333333,2
0.009777777777777778,0.007333333333333333,2
0.010388888888888888,0.007333333333333333,2
0.011,0.007333333333333333,2
0.01161111111111111,0.007333333333333333,2
0.012222222222222221,0.007333333333333333,2
0.012833333333333334,0.007333333333333333,2
0.013444444444444445,0.007333333333333333,2
0.014055555555555556,0.007333333333333333,2
0.014666666666666666,0.007333333333333333,1
0.015277777777777777,0.007333333333333333,1
0.01588888888888889,0.007333333333333333,1
0.0165,0.007333333333333333,1
0.01711111111111111,0.007333333333333333,1
0.017722222222222223,0.007333333333333333,1
0.018333333333333333,0.007333333333333333,1
0.018944444444444444,0.007333333333333333,1
0.019555555555555555,0.007333333333333333,1
0.020166666666666666,0.007333333333333333,1
0.020777777777777777,0.007333333333333333,1
0.021388888888888888,0.007333333333333333,1
0.022,0.007333333333333333,1
0.02261111111111111,0.007333333333333333,1
0.02322222222222222,0.007333333333333333,1
0.02383333333333333,0.007333333333333333,1
0.024444444444444442,0.007333333333333333,1
0.025055555555555557,0.007333333333333333,1
0.025666666666666667,0.007333333333333333,1
0.02627777777777778,0.007333333333333333,1
0.02688888888888889,0.007333333333333333,1
0.0275,0.007333333333333333,1
0.02811111111111111,0.007333333333333333,1
0.028722222222222222,0.007333333333333333,1
0.029333333333333333,0.007333333333333333,1
0.029944444444444444,0.007333333333333333,1
0.030555555555555555,0.007333333333333333,1
0.031166666666666665,0.007333333333333333,1
0.03177777777777778,0.007333333333333333,1
0.03238888888888889,0.007333333333333333,1
0.033,0.007333333333333333,1
0.03361111111111111,0.007333333333333333,1
0.03422222222222222,0.007333333333333333,1
0.034833333333333334,0.007333333333333333,1
0.035444444444444445,0.007333333333333333,1
0.036055555555555556,0.007333333333333333,1
0.03666666666666667,0.007333333333333333,1
0.03727777777777778,0.007333333333333333,1
0.03788888888888889,0.007333333333333333,1
0.0385,0.007333333333333333,1
0.03911111111111111,0.007333333333333333,1
0.03972222222222222,0.007333333333333333,1
0.04033333333333333,0.007333333333333333,1
0.04094444444444444,0.007333333333333333,1
0.041555555555555554,0.007333333333333333,1
0.042166666666666665,0.007333333333333333,1
0.042777777777777776,0.007333333333333333,1
0.04338888888888889,0.007333333333333333,1
0.044,0.007333333333333333,1
0.04461111111111111,0.007333333333333333,1
0.04522222222222222,0.007333333333333333,1
0.04583333333333333,0.007333333333333333,1
0.04644444444444444,0.007333333333333333,1
0.04705555555555555,0.007333333333333333,1
0.04766666666666666,0.007333333333333333,1
0.048277777777777774,0.007333333333333333,1
0.048888888888888885,0.007333333333333333,1
0.0495,0.007333333333333333,1
0.05011111111111111,0.007333333333333333,1
0.050722222222222224,0.007333333333333333,1
0.051333333333333335,0.007333333333333333,1
0.051944444444444446,0.007333333333333333,1
0.05255555555555556,0.007333333333333333,1
0.05316666666666667,0.007333333333333333,1
0.05377777777777778,0.007333333333333333,1
0.05438888888888889,0.007333333333333333,1
0.055,0.007333333333333333,1
0.0,0.007577777777777777,2
0.0006111111111111111,0.007577777777777777,2
0.0012222222222222222,0.007577777777777777,2
0.0018333333333333333,0.007577777777777777,2
0.0024444444444444444,0.007577777777777777,2
0.0030555555555555553,0.007577777777777777,2
0.0036666666666666666,0.007577777777777777,2
0.004277777777777778,0.007577777777777777,2
0.004888888888888889,0.007577777777777777,2
0.0055,0.007577777777777777,2
0.0061111111111111106,0.007577777777777777,2
0.006722222222222222,0.007577777777777777,2
0.007333333333333333,0.007577777777777777,2
0.007944444444444445,0.007577777777777777,2
0.008555555555555556,0.007577777777777777,2
0.009166666666666667,0.007577777777777777,2
0.009777777777777778,0.007577777777777777,2
0.010388888888888888,0.007577777777777777,2
0.011,0.007577777777777777,2
0.01161111111111111,0.007577777777777777,2
0.012222222222222221,0.007577777777777777,2
0.012833333333333334,0.007577777777777777,2
0.013444444444444445,0.007577777777777777,2
0.014055555555555556,0.007577777777777777,1
0.014666666666666666,0.007577777777777777,1
0.015277777777777777,0.007577777777777777,1
0.01588888888888889,0.007577777777777777,1
0.0165,0.007577777777777777,1
0.01711111111111111,0.007577777777777777,1
0.017722222222222223,0.007577777777777777,1
0.018333333333333333,0.007577777777777777,1
0.018944444444444444,0.007577777777777777,1
0.019555555555555555,0.007577777777777777,1
0.020166666666666666,0.007577777777777777,1
0.020777777777777777,0.007577777777777777,1
0.021388888888888888,0.007577777777777777,1
0.022,0.007577777777777777,1
0.02261111111111111,0.007577777777777777,1
0.02322222222222222,0.007577777777777777,1
0.02383333333333333,0.007577777777777777,1
0.024444444444444442,0.007577777777777777,1
0.025055555555555557,0.007577777777777777,1
0.025666666666666667,0.007577777777777777,1
0.02627777777777778,0.007577777777777777,1
0.02688888888888889,0.007577777777777777,1
0.0275,0.007577777777777777,1
0.02811111111111111,0.007577777777777777,1
0.028722222222222222,0.007577777777777777,1
0.029333333333333333,0.007577777777777777,1
0.029944444444444444,0.007577777777777777,1
0.030555555555555555,0.007577777777777777,1
0.031166666666666665,0.007577777777777777,1
0.03177777777777778,0.007577777777777777,1
0.03238888888888889,0.007577777777777777,1
0.033,0.007577777777777777,1
0.03361111111111111,0.007577777777777777,1
0.03422222222222222,0.007577777777777777,1
0.034833333333333334,0.007577777777777777,1
0.035444444444444445,0.007577777777777777,1
0.036055555555555556,0.007577777777777777,1
0.03666666666666667,0.007577777777777777,1
0.03727777777777778,0.007577777777777777,1
0.03788888888888889,0.007577777777777777,1
0.0385,0.007577777777777777,1
0.03911111111111111,0.007577777777777777,1
0.03972222222222222,0.007577777777777777,1
0.04033333333333333,0.007577777777777777,1
0.04094444444444444,0.007577777777777777,1
0.041555555555555554,0.007577777777777777,1
0.042166666666666665,0.007577777777777777,1
0.042777777777777776,0.007577777777777777,1
0.04338888888888889,0.007577777777777777,1
0.044,0.007577777777777777,1
0.04461111111111111,0.007577777777777777,1
0.04522222222222222,0.007577777777777777,1
0.04583333333333333,0.007577777777777777,1
0.04644444444444444,0.007577777777777777,1
0.04705555555555555,0.007577777777777777,1
0.04766666666666666,0.007577777777777777,1
0.048277777777777774,0.007577777777777777,1
0.048888888888888885,0.007577777777777777,1
0.0495,0.007577777777777777,1
0.05011111111111111,0.007577777777777777,1
0.050722222222222224,0.007577777777777777,1
0.051333333333333335,0.007577777777777777,1
0.051944444444444446,0.007577777777777777,1
0.05255555555555556,0.007577777777777777,1
0.05316666666666667,0.007577777777777777,1
0.05377777777777778,0.007577777777777777,1
0.05438888888888889,0.007577777777777777,1
0.055,0.007577777777777777,1
0.0,0.007822222222222222,2
0.0006111111111111111,0.007822222222222222,2
0.0012222222222222222,0.007822222222222222,2
0.0018333333333333333,0.007822222222222222,2
0.0024444444444444444,0.007822222222222222,2
0.0030555555555555553,0.007822222222222222,2
0.0036666666666666666,0.007822222222222222,2
0.004277777777777778,0.007822222222222222,2
0.004888888888888889,0.007822222222222222,2
0.0055,0.007822222222222222,2
0.0061111111111111106,0.007822222222222222,2
0.006722222222222222,0.007822222222222222,2
0.007333333333333333,0.007822222222222222,2
0.007944444444444445,0.007822222222222222,2
0.008555555555555556,0.007822222222222222,2
0.009166666666666667,0.007822222222222222,2
0.009777777777777778,0.007822222222222222,2
0.010388888888888888,0.007822222222222222,2
0.011,0.007822222222222222,2
0.01161111111111111,0.007822222222222222,2
0.012222222222222221,0.007822222222222222,2
0.012833333333333334,0.007822222222222222,2
0.013444444444444445,0.007822222222222222,1
0.014055555555555556,0.007822222222222222,1
0.014666666666666666,0.007822222222222222,1
0.015277777777777777,0.007822222222222222,1
0.01588888888888889,0.007822222222222222,1
0.0165,0.007822222222222222,1
0.01711111111111111,0.007822222222222222,1
0.017722222222222223,0.007822222222222222,1
0.018333333333333333,0.007822222222222222,1
0.018944444444444444,0.007822222222222222,1
0.019555555555555555,0.007822222222222222,1
0.020166666666666666,0.007822222222222222,1
0.020777777777777777,0.007822222222222222,1
0.021388888888888888,0.007822222222222222,1
0.022,0.007822222222222222,1
0.02261111111111111,0.007822222222222222,1
0.02322222222222222,0.007822222222222222,1
0.02383333333333333,0.007822222222222222,1
0.024444444444444442,0.007822222222222222,1
0.025055555555555557,0.007822222222222222,1
0.025666666666666667,0.007822222222222222,1
0.02627777777777778,0.007822222222222222,1
0.02688888888888889,0.007822222222222222,1
0.0275,0.007822222222222222,1
0.02811111111111111,0.007822222222222222,1
0.028722222222222222,0.007822222222222222,1
0.029333333333333333,0.007822222222222222,1
0.029944444444444444,0.007822222222222222,1
0.030555555555555555,0.007822222222222222,1
0.031166666666666665,0.007822222222222222,1
0.03177777777777778,0.007822222222222222,1
0.03238888888888889,0.007822222222222222,1
0.033,0.007822222222222222,1
0.03361111111111111,0.007822222222222222,1
0.03422222222222222,0.007822222222222222,1
0.034833333333333334,0.007822222222222222,1
0.035444444444444445,0.007822222222222222,1
0.036055555555555556,0.007822222222222222,1
0.03666666666666667,0.007822222222222222,1
0.03727777777777778,0.007822222222222222,1
0.03788888888888889,0.007822222222222222,1
0.0385,0.007822222222222222,1
0.03911111111111111,0.007822222222222222,1
0.03972222222222222,0.007822222222222222,1
0.04033333333333333,0.007822222222222222,1
0.04094444444444444,0.007822222222222222,1
0.041555555555555554,0.007822222222222222,1
0.042166666666666665,0.007822222222222222,1
0.042777777777777776,0.007822222222222222,1
0.04338888888888889,0.007822222222222222,1
0.044,0.007822222222222222,1
0.04461111111111111,0.007822222222222222,1
0.04522222222222222,0.007822222222222222,1
0.04583333333333333,0.007822222222222222,1
0.04644444444444444,0.007822222222222222,1
0.04705555555555555,0.007822222222222222,1
0.04766666666666666,0.007822222222222222,1
0.048277777777777774,0.007822222222222222,1
0.048888888888888885,0.007822222222222222,1
0.0495,0.007822222222222222,1
0.05011111111111111,0.007822222222222222,1
0.050722222222222224,0.007822222222222222,1
0.051333333333333335,0.007822222222222222,1
0.051944444444444446,0.007822222222222222,1
0.05255555555555556,0.007822222222222222,1
0.05316666666666667,0.007822222222222222,1
0.05377777777777778,0.007822222222222222,1
0.05438888888888889,0.007822222222222222,1
0.055,0.007822222222222222,1
0.0,0.008066666666666666,2
0.0006111111111111111,0.008066666666666666,2
0.0012222222222222222,0.008066666666666666,2
0.0018333333333333333,0.008066666666666666,2
0.0024444444444444444,0.008066666666666666,2
0.0030555555555555553,0.008066666666666666,2
0.0036666666666666666,0.008066666666666666,2
0.004277777777777778,0.008066666666666666,2
0.004888888888888889,0.008066666666666666,2
0.0055,0.008066666666666666,2
0.0061111111111111106,0.008066666666666666,2
0.006722222222222222,0.008066666666666666,2
0.007333333333333333,0.008066666666666666,2
0.007944444444444445,0.008066666666666666,2
0.008555555555555556,0.008066666666666666,2
0.009166666666666667,0.008066666666666666,2
0.009777777777777778,0.008066666666666666,2
0.010388888888888888,0.008066666666666666,2
0.011,0.008066666666666666,2
0.01161111111111111,0.008066666666666666,2
0.012222222222222221,0.008066666666666666,2
0.012833333333333334,0.008066666666666666,1
0.013444444444444445,0.008066666666666666,1
0.014055555555555556,0.008066666666666666,1
0.014666666666666666,0.008066666666666666,1
0.015277777777777777,0.008066666666666666,1
0.01588888888888889,0.008066666666666666,1
0.0165,0.008066666666666666,1
0.01711111111111111,0.008066666666666666,1
0.017722222222222223,0.008066666666666666,1
0.018333333333333333,0.008066666666666666,1
0.018944444444444444,0.008066666666666666,1
0.019555555555555555,0.008066666666666666,1
0.020166666666666666,0.008066666666666666,1
0.020777777777777777,0.008066666666666666,1
0.021388888888888888,0.008066666666666666,1
0.022,0.008066666666666666,1
0.02261111111111111,0.008066666666666666,1
0.02322222222222222,0.008066666666666666,1
0.02383333333333333,0.008066666666666666,1
0.024444444444444442,0.008066666666666666,1
0.025055555555555557,0.008066666666666666,1
0.025666666666666667,0.008066666666666666,1
0.02627777777777778,0.008066666666666666,1
0.02688888888888889,0.008066666666666666,1
0.0275,0.008066666666666666,1
0.02811111111111111,0.008066666666666666,1
0.028722222222222222,0.008066666666666666,1
0.029333333333333333,0.008066666666666666,1
0.029944444444444444,0.008066666666666666,1
0.030555555555555555,0.008066666666666666,1
0.031166666666666665,0.008066666666666666,1
0.03177777777777778,0.008066666666666666,1
0.03238888888888889,0.008066666666666666,1
0.033,0.008066666666666666,1
0.03361111111111111,0.008066666666666666,1
0.03422222222222222,0.008066666666666666,1
0.034833333333333334,0.008066666666666666,1
0.035444444444444445,0.008066666666666666,1
0.036055555555555556,0.008066666666666666,1
0.03666666666666667,0.008066666666666666,1
0.03727777777777778,0.008066666666666666,1
0.03788888888888889,0.008066666666666666,1
0.0385,0.008066666666666666,1
0.03911111111111111,0.008066666666666666,1
0.03972222222222222,0.008066666666666666,1
0.04033333333333333,0.008066666666666666,1
0.04094444444444444,0.008066666666666666,1
0.041555555555555554,0.008066666666666666,1
0.042166666666666665,0.008066666666666666,1
0.042777777777777776,0.008066666666666666,1
0.04338888888888889,0.008066666666666666,1
0.044,0.008066666666666666,1
0.04461111111111111,0.008066666666666666,1
0.04522222222222222,0.008066666666666666,1
0.04583333333333333,0.008066666666666666,1
0.04644444444444444,0.008066666666666666,1
0.04705555555555555,0.008066666666666666,1
0.04766666666666666,0.008066666666666666,1
0.048277777777777774,0.008066666666666666,1
0.048888888888888885,0.008066666666666666,1
0.0495,0.008066666666666666,1
0.05011111111111111,0.008066666666666666,1
0.050722222222222224,0.008066666666666666,1
0.051333333333333335,0.008066666666666666,1
0.051944444444444446,0.008066666666666666,1
0.05255555555555556,0.008066666666666666,1
0.05316666666666667,0.008066666666666666,1
0.05377777777777778,0.008066666666666666,1
0.05438888888888889,0.008066666666666666,1
0.055,0.008066666666666666,1
0.0,0.008311111111111111,2
0.0006111111111111111,0.008311111111111111,2
0.0012222222222222222,0.008311111111111111,2
0.0018333333333333333,0.008311111111111111,2
0.0024444444444444444,0.008311111111111111,2
0.0030555555555555553,0.008311111111111111,2
0.0036666666666666666,0.008311111111111111,2
0.004277777777777778,0.008311111111111111,2
0.004888888888888889,0.008311111111111111,2
0.0055,0.008311111111111111,2
0.0061111111111111106,0.008311111111111111,2
0.006722222222222222,0.008311111111111111,2
0.007333333333333333,0.008311111111111111,2
0.007944444444444445,0.008311111111111111,2
0.008555555555555556,0.008311111111111111,2
0.009166666666666667,0.008311111111111111,2
0.009777777777777778,0.008311111111111111,2
0.010388888888888888,0.008311111111111111,2
0.011,0.008311111111111111,2
0.01161111111111111,0.008311111111111111,2
0.012222222222222221,0.008311111111111111,1
0.012833333333333334,0.008311111111111111,1
0.013444444444444445,0.008311111111111111,1
0.014055555555555556,0.008311111111111111,1
0.014666666666666666,0.008311111111111111,1
0.015277777777777777,0.008311111111111111,1
0.01588888888888889,0.008311111111111111,1
0.0165,0.008311111111111111,1
0.01711111111111111,0.008311111111111111,1
0.017722222222222223,0.008311111111111111,1
0.018333333333333333,0.008311111111111111,1
0.018944444444444444,0.008311111111111111,1
0.019555555555555555,0.008311111111111111,1
0.020166666666666666,0.008311111111111111,1
0.020777777777777777,0.008311111111111111,1
0.021388888888888888,0.008311111111111111,1
0.022,0.008311111111111111,1
0.02261111111111111,0.008311111111111111,1
0.02322222222222222,0.008311111111111111,1
0.02383333333333333,0.008311111111111111,1
0.024444444444444442,0.008311111111111111,1
0.025055555555555557,0.008311111111111111,1
0.025666666666666667,0.008311111111111111,1
0.02627777777777778,0.008311111111111111,1
0.02688888888888889,0.008311111111111111,1
0.0275,0.008311111111111111,1
0.02811111111111111,0.008311111111111111,1
0.028722222222222222,0.008311111111111111,1
0.029333333333333333,0.008311111111111111,1
0.029944444444444444,0.008311111111111111,1
0.030555555555555555,0.008311111111111111,1
0.031166666666666665,0.008311111111111111,1
0.03177777777777778,0.008311111111111111,1
0.03238888888888889,0.008311111111111111,1
0.033,0.008311111111111111,1
0.03361111111111111,0.008311111111111111,1
0.03422222222222222,0.008311111111111111,1
0.034833333333333334,0.008311111111111111,1
0.035444444444444445,0.008311111111111111,1
0.036055555555555556,0.008311111111111111,1
0.03666666666666667,0.008311111111111111,1
0.03727777777777778,0.008311111111111111,1
0.03788888888888889,0.008311111111111111,1
0.0385,0.008311111111111111,1
0.03911111111111111,0.008311111111111111,1
0.03972222222222222,0.008311111111111111,1
0.04033333333333333,0.008311111111111111,1
0.04094444444444444,0.008311111111111111,1
0.041555555555555554,0.008311111111111111,1
0.042166666666666665,0.008311111111111111,1
0.042777777777777776,0.008311111111111111,1
0.04338888888888889,0.008311111111111111,1
0.044,0.008311111111111111,1
0.04461111111111111,0.008311111111111111,1
0.04522222222222222,0.008311111111111111,1
0.04583333333333333,0.008311111111111111,1
0.04644444444444444,0.008311111111111111,1
0.04705555555555555,0.008311111111111111,1
0.04766666666666666,0.008311111111111111,1
0.048277777777777774,0.008311111111111111,1
0.048888888888888885,0.008311111111111111,1
0.0495,0.008311111111111111,1
0.05011111111111111,0.008311111111111111,1
0.050722222222222224,0.008311111111111111,1
0.051333333333333335,0.008311111111111111,1
0.051944444444444446,0.008311111111111111,1
0.05255555555555556,0.008311111111111111,1
0.05316666666666667,0.008311111111111111,1
0.05377777777777778,0.008311111111111111,1
0.05438888888888889,0.008311111111111111,1
0.055,0.008311111111111111,1
0.0,0.008555555555555556,2
0.0006111111111111111,0.008555555555555556,2
0.0012222222222222222,0.008555555555555556,2
0.0018333333333333333,0.008555555555555556,2
0.0024444444444444444,0.008555555555555556,2
0.0030555555555555553,0.008555555555555556,2
0.0036666666666666666,0.008555555555555556,2
0.004277777777777778,0.008555555555555556,2
0.004888888888888889,0.008555555555555556,2
0.0055,0.008555555555555556,2
0.0061111111111111106,0.008555555555555556,2
0.006722222222222222,0.008555555555555556,2
0.007333333333333333,0.008555555555555556,2
0.007944444444444445,0.008555555555555556,2
0.008555555555555556,0.008555555555555556,2
0.009166666666666667,0.008555555555555556,2
0.009777777777777778,0.008555555555555556,2
0.010388888888888888,0.008555555555555556,2
0.011,0.008555555555555556,1
0.01161111111111111,0.008555555555555556,1
0.012222222222222221,0.008555555555555556,1
0.012833333333333334,0.008555555555555556,1
0.013444444444444445,0.008555555555555556,1
0.014055555555555556,0.008555555555555556,1
0.014666666666666666,0.008555555555555556,1
0.015277777777777777,0.008555555555555556,1
0.01588888888888889,0.008555555555555556,1
0.0165,0.008555555555555556,1
0.01711111111111111,0.008555555555555556,1
0.017722222222222223,0.008555555555555556,1
0.018333333333333333,0.008555555555555556,1
0.018944444444444444,0.008555555555555556,1
0.019555555555555555,0.008555555555555556,1
0.020166666666666666,0.008555555555555556,1
0.020777777777777777,0.008555555555555556,1
0.021388888888888888,0.008555555555555556,1
0.022,0.008555555555555556,1
0.02261111111111111,0.008555555555555556,1
0.02322222222222222,0.008555555555555556,1
0.02383333333333333,0.008555555555555556,1
0.024444444444444442,0.008555555555555556,1
0.025055555555555557,0.008555555555555556,1
0.025666666666666667,0.008555555555555556,1
0.02627777777777778,0.008555555555555556,1
0.02688888888888889,0.008555555555555556,1
0.0275,0.008555555555555556,1
0.02811111111111111,0.008555555555555556,1
0.028722222222222222,0.008555555555555556,1
0.029333333333333333,0.008555555555555556,1
0.029944444444444444,0.008555555555555556,1
0.030555555555555555,0.008555555555555556,1
0.031166666666666665,0.008555555555555556,1
0.03177777777777778,0.008555555555555556,1
0.03238888888888889,0.008555555555555556,1
0.033,0.008555555555555556,1
0.03361111111111111,0.008555555555555556,1
0.03422222222222222,0.008555555555555556,1
0.034833333333333334,0.008555555555555556,1
0.035444444444444445,0.008555555555555556,1
0.036055555555555556,0.008555555555555556,1
0.03666666666666667,0.008555555555555556,1
0.03727777777777778,0.008555555555555556,1
0.03788888888888889,0.008555555555555556,1
0.0385,0.008555555555555556,1
0.03911111111111111,0.008555555555555556,1
0.03972222222222222,0.008555555555555556,1
0.04033333333333333,0.008555555555555556,1
0.04094444444444444,0.008555555555555556,1
0.041555555555555554,0.008555555555555556,1
0.042166666666666665,0.008555555555555556,1
0.042777777777777776,0.008555555555555556,1
0.04338888888888889,0.008555555555555556,1
0.044,0.008555555555555556,1
0.04461111111111111,0.008555555555555556,1
0.04522222222222222,0.008555555555555556,1
0.04583333333333333,0.008555555555555556,1
0.04644444444444444,0.008555555555555556,1
0.04705555555555555,0.008555555555555556,1
0.04766666666666666,0.008555555555555556,1
0.048277777777777774,0.008555555555555556,1
0.048888888888888885,0.008555555555555556,1
0.0495,0.008555555555555556,1
0.05011111111111111,0.008555555555555556,1
0.050722222222222224,0.008555555555555556,1
0.051333333333333335,0.008555555555555556,1
0.051944444444444446,0.008555555555555556,1
0.05255555555555556,0.008555555555555556,1
0.05316666666666667,0.008555555555555556,1
0.05377777777777778,0.008555555555555556,1
0.05438888888888889,0.008555555555555556,1
0.055,0.008555555555555556,1
0.0,0.008799999999999999,2
0.0006111111111111111,0.008799999999999999,2
0.0012222222222222222,0.008799999999999999,2
0.0018333333333333333,0.008799999999999999,2
0.0024444444444444444,0.008799999999999999,2
0.0030555555555555553,0.008799999999999999,2
0.0036666666666666666,0.008799999999999999,2
0.004277777777777778,0.008799999999999999,2
0.004888888888888889,0.008799999999999999,2
0.0055,0.008799999999999999,2
0.0061111111111111106,0.008799999999999999,2
0.006722222222222222,0.008799999999999999,2
0.007333333333333333,0.008799999999999999,2
0.007944444444444445,0.008799999999999999,2
0.008555555555555556,0.008799999999999999,2
0.009166666666666667,0.008799999999999999,2
0.009777777777777778,0.008799999999999999,2
0.010388888888888888,0.008799999999999999,1
0.011,0.008799999999999999,1
0.01161111111111111,0.008799999999999999,1
0.012222222222222221,0.008799999999999999,1
0.012833333333333334,0.008799999999999999,1
0.013444444444444445,0.008799999999999999,1
0.014055555555555556,0.008799999999999999,1
0.014666666666666666,0.008799999999999999,1
0.015277777777777777,0.008799999999999999,1
0.01588888888888889,0.008799999999999999,1
0.0165,0.008799999999999999,1
0.01711111111111111,0.008799999999999999,1
0.017722222222222223,0.008799999999999999,1
0.018333333333333333,0.008799999999999999,1
0.018944444444444444,0.008799999999999999,1
0.019555555555555555,0.008799999999999999,1
0.020166666666666666,0.008799999999999999,1
0.020777777777777777,0.008799999999999999,1
0.021388888888888888,0.008799999999999999,1
0.022,0.008799999999999999,1
0.02261111111111111,0.008799999999999999,1
0.02322222222222222,0.008799999999999999,1
0.02383333333333333,0.008799999999999999,1
0.024444444444444442,0.008799999999999999,1
0.025055555555555557,0.008799999999999999,1
0.025666666666666667,0.008799999999999999,1
0.02627777777777778,0.008799999999999999,1
0.02688888888888889,0.008799999999999999,1
0.0275,0.008799999999999999,1
0.02811111111111111,0.008799999999999999,1
0.028722222222222222,0.008799999999999999,1
0.029333333333333333,0.008799999999999999,1
0.029944444444444444,0.008799999999999999,1
0.030555555555555555,0.008799999999999999,1
0.031166666666666665,0.008799999999999999,1
0.03177777777777778,0.008799999999999999,1
0.03238888888888889,0.008799999999999999,1
0.033,0.008799999999999999,1
0.03361111111111111,0.008799999999999999,1
0.03422222222222222,0.008799999999999999,1
0.034833333333333334,0.008799999999999999,1
0.035444444444444445,0.008799999999999999,1
0.036055555555555556,0.008799999999999999,1
0.03666666666666667,0.008799999999999999,1
0.03727777777777778,0.008799999999999999,1
0.03788888888888889,0.008799999999999999,1
0.0385,0.008799999999999999,1
0.03911111111111111,0.008799999999999999,1
0.03972222222222222,0.008799999999999999,1
0.04033333333333333,0.008799999999999999,1
0.04094444444444444,0.008799999999999999,1
0.041555555555555554,0.008799999999999999,1
0.042166666666666665,0.008799999999999999,1
0.042777777777777776,0.008799999999999999,1
0.04338888888888889,0.008799999999999999,1
0.044,0.008799999999999999,1
0.04461111111111111,0.008799999999999999,1
0.04522222222222222,0.008799999999999999,1
0.04583333333333333,0.008799999999999999,1
0.04644444444444444,0.008799999999999999,1
0.04705555555555555,0.008799999999999999,1
0.04766666666666666,0.008799999999999999,1
0.048277777777777774,0.008799999999999999,1
0.048888888888888885,0.008799999999999999,1
0.0495,0.008799999999999999,1
0.05011111111111111,0.008799999999999999,1
0.050722222222222224,0.008799999999999999,1
0.051333333333333335,0.008799999999999999,1
0.051944444444444446,0.008799999999999999,1
0.05255555555555556,0.008799999999999999,1
0.05316666666666667,0.008799999999999999,1
0.05377777777777778,0.008799999999999999,1
0.05438888888888889,0.008799999999999999,1
0.055,0.008799999999999999,1
0.0,0.009044444444444443,2
0.0006111111111111111,0.009044444444444443,2
0.0012222222222222222,0.009044444444444443,2
0.0018333333333333333,0.009044444444444443,2
0.0024444444444444444,0.009044444444444443,2
0.0030555555555555553,0.009044444444444443,2
0.0036666666666666666,0.009044444444444443,2
0.004277777777777778,0.009044444444444443,2
0.004888888888888889,0.009044444444444443,2
0.0055,0.009044444444444443,2
0.0061111111111111106,0.009044444444444443,2
0.006722222222222222,0.009044444444444443,2
0.007333333333333333,0.009044444444444443,2
0.007944444444444445,0.009044444444444443,2
0.008555555555555556,0.009044444444444443,2
0.009166666666666667,0.009044444444444443,2
0.009777777777777778,0.009044444444444443,1
0.010388888888888888,0.009044444444444443,1
0.011,0.009044444444444443,1
0.01161111111111111,0.009044444444444443,1
0.012222222222222221,0.009044444444444443,1
0.012833333333333334,0.009044444444444443,1
0.013444444444444445,0.009044444444444443,1
0.014055555555555556,0.009044444444444443,1
0.014666666666666666,0.009044444444444443,1
0.015277777777777777,0.009044444444444443,1
0.01588888888888889,0.009044444444444443,1
0.0165,0.009044444444444443,1
0.01711111111111111,0.009044444444444443,1
0.017722222222222223,0.009044444444444443,1
0.018333333333333333,0.009044444444444443,1
0.018944444444444444,0.009044444444444443,1
0.019555555555555555,0.009044444444444443,1
0.020166666666666666,0.009044444444444443,1
0.020777777777777777,0.009044444444444443,1
0.021388888888888888,0.009044444444444443,1
0.022,0.009044444444444443,1
0.02261111111111111,0.009044444444444443,1
0.02322222222222222,0.009044444444444443,1
0.02383333333333333,0.009044444444444443,1
0.024444444444444442,0.009044444444444443,1
0.025055555555555557,0.009044444444444443,1
0.025666666666666667,0.009044444444444443,1
0.02627777777777778,0.009044444444444443,1
0.02688888888888889,0.009044444444444443,1
0.0275,0.009044444444444443,1
0.02811111111111111,0.009044444444444443,1
0.028722222222222222,0.009044444444444443,1
0.029333333333333333,0.009044444444444443,1
0.029944444444444444,0.009044444444444443,1
0.030555555555555555,0.009044444444444443,1
0.031166666666666665,0.009044444444444443,1
0.03177777777777778,0.009044444444444443,1
0.03238888888888889,0.009044444444444443,1
0.033,0.009044444444444443,1
0.03361111111111111,0.009044444444444443,1
0.03422222222222222,0.009044444444444443,1
0.034833333333333334,0.009044444444444443,1
0.035444444444444445,0.009044444444444443,1
0.036055555555555556,0.009044444444444443,1
0.03666666666666667,0.009044444444444443,1
0.03727777777777778,0.009044444444444443,1
0.03788888888888889,0.009044444444444443,1
0.0385,0.009044444444444443,1
0.03911111111111111,0.009044444444444443,1
0.03972222222222222,0.009044444444444443,1
0.04033333333333333,0.009044444444444443,1
0.04094444444444444,0.009044444444444443,1
0.041555555555555554,0.009044444444444443,1
0.042166666666666665,0.009044444444444443,1
0.042777777777777776,0.009044444444444443,1
0.04338888888888889,0.009044444444444443,1
0.044,0.009044444444444443,1
0.04461111111111111,0.009044444444444443,1
0.04522222222222222,0.009044444444444443,1
0.04583333333333333,0.009044444444444443,1
0.04644444444444444,0.009044444444444443,1
0.04705555555555555,0.009044444444444443,1
0.04766666666666666,0.009044444444444443,1
0.048277777777777774,0.009044444444444443,1
0.048888888888888885,0.009044444444444443,1
0.0495,0.009044444444444443,1
0.05011111111111111,0.009044444444444443,1
0.050722222222222224,0.009044444444444443,1
0.051333333333333335,0.009044444444444443,1
0.051944444444444446,0.009044444444444443,1
0.05255555555555556,0.009044444444444443,1
0.05316666666666667,0.009044444444444443,1
0.05377777777777778,0.009044444444444443,1
0.05438888888888889,0.009044444444444443,1
0.055,0.009044444444444443,1
0.0,0.009288888888888888,2
0.0006111111111111111,0.009288888888888888,2
0.0012222222222222222,0.009288888888888888,2
0.0018333333333333333,0.009288888888888888,2
0.0024444444444444444,0.009288888888888888,2
0.0030555555555555553,0.009288888888888888,2
0.0036666666666666666,0.009288888888888888,2
0.004277777777777778,0.009288888888888888,2
0.004888888888888889,0.009288888888888888,2
0.0055,0.009288888888888888,2
0.0061111111111111106,0.009288888888888888,2
0.006722222222222222,0.009288888888888888,2
0.007333333333333333,0.009288888888888888,2
0.007944444444444445,0.009288888888888888,2
0.008555555555555556,0.009288888888888888,2
0.009166666666666667,0.009288888888888888,1
0.009777777777777778,0.009288888888888888,1
0.010388888888888888,0.009288888888888888,1
0.011,0.009288888888888888,1
0.01161111111111111,0.009288888888888888,1
0.012222222222222221,0.009288888888888888,1
0.012833333333333334,0.009288888888888888,1
0.013444444444444445,0.009288888888888888,1
0.014055555555555556,0.009288888888888888,1
0.014666666666666666,0.009288888888888888,1
0.015277777777777777,0.009288888888888888,1
0.01588888888888889,0.009288888888888888,1
0.0165,0.009288888888888888,1
0.01711111111111111,0.009288888888888888,1
0.017722222222222223,0.009288888888888888,1
0.018333333333333333,0.009288888888888888,1
0.018944444444444444,0.009288888888888888,1
0.019555555555555555,0.009288888888888888,1
0.020166666666666666,0.009288888888888888,1
0.020777777777777777,0.009288888888888888,1
0.021388888888888888,0.009288888888888888,1
0.022,0.009288888888888888,1
0.02261111111111111,0.009288888888888888,1
0.02322222222222222,0.009288888888888888,1
0.02383333333333333,0.009288888888888888,1
0.024444444444444442,0.009288888888888888,1
0.025055555555555557,0.009288888888888888,1
0.025666666666666667,0.009288888888888888,1
0.02627777777777778,0.009288888888888888,1
0.02688888888888889,0.009288888888888888,1
0.0275,0.009288888888888888,1
0.02811111111111111,0.009288888888888888,1
0.028722222222222222,0.009288888888888888,1
0.029333333333333333,0.009288888888888888,1
0.029944444444444444,0.009288888888888888,1
0.030555555555555555,0.009288888888888888,1
0.031166666666666665,0.009288888888888888,1
0.03177777777777778,0.009288888888888888,1
0.03238888888888889,0.009288888888888888,1
0.033,0.009288888888888888,1
0.03361111111111111,0.009288888888888888,1
0.03422222222222222,0.009288888888888888,1
0.034833333333333334,0.009288888888888888,1
0.035444444444444445,0.009288888888888888,1
0.036055555555555556,0.009288888888888888,1
0.03666666666666667,0.009288888888888888,1
0.03727777777777778,0.009288888888888888,1
0.03788888888888889,0.009288888888888888,1
0.0385,0.009288888888888888,1
0.03911111111111111,0.009288888888888888,1
0.03972222222222222,0.009288888888888888,1
0.04033333333333333,0.009288888888888888,1
0.04094444444444444,0.009288888888888888,1
0.041555555555555554,0.009288888888888888,1
0.042166666666666665,0.009288888888888888,1
0.042777777777777776,0.009288888888888888,1
0.04338888888888889,0.009288888888888888,1
0.044,0.009288888888888888,1
0.04461111111111111,0.009288888888888888,1
0.04522222222222222,0.009288888888888888,1
0.04583333333333333,0.009288888888888888,1
0.04644444444444444,0.009288888888888888,1
0.04705555555555555,0.009288888888888888,1
0.04766666666666666,0.009288888888888888,1
0.048277777777777774,0.009288888888888888,1
0.048888888888888885,0.009288888888888888,1
0.0495,0.009288888888888888,1
0.05011111111111111,0.009288888888888888,1
0.050722222222222224,0.009288888888888888,1
0.051333333333333335,0.009288888888888888,1
0.051944444444444446,0.009288888888888888,1
0.05255555555555556,0.009288888888888888,1
0.05316666666666667,0.009288888888888888,1
0.05377777777777778,0.009288888888888888,1
0.05438888888888889,0.009288888888888888,1
0.055,0.009288888888888888,1
0.0,0.009533333333333333,2
0.0006111111111111111,0.009533333333333333,2
0.0012222222222222222,0.009533333333333333,2
0.0018333333333333333,0.009533333333333333,2
0.0024444444444444444,0.009533333333333333,2
0.0030555555555555553,0.009533333333333333,2
0.0036666666666666666,0.009533333333333333,2
0.004277777777777778,0.009533333333333333,2
0.004888888888888889,0.009533333333333333,2
0.0055,0.009533333333333333,2
0.0061111111111111106,0.009533333333333333,2
0.006722222222222222,0.009533333333333333,2
0.007333333333333333,0.009533333333333333,2
0.007944444444444445,0.009533333333333333,2
0.008555555555555556,0.009533333333333333,1
0.009166666666666667,0.009533333333333333,1
0.009777777777777778,0.009533333333333333,1
0.010388888888888888,0.009533333333333333,1
0.011,0.009533333333333333,1
0.01161111111111111,0.009533333333333333,1
0.012222222222222221,0.009533333333333333,1
0.012833333333333334,0.009533333333333333,1
0.013444444444444445,0.009533333333333333,1
0.014055555555555556,0.009533333333333333,1
0.014666666666666666,0.009533333333333333,1
0.015277777777777777,0.009533333333333333,1
0.01588888888888889,0.009533333333333333,1
0.0165,0.009533333333333333,1
0.01711111111111111,0.009533333333333333,1
0.017722222222222223,0.009533333333333333,1
0.018333333333333333,0.009533333333333333,1
0.018944444444444444,0.009533333333333333,1
0.019555555555555555,0.009533333333333333,1
0.020166666666666666,0.009533333333333333,1
0.020777777777777777,0.009533333333333333,1
0.021388888888888888,0.009533333333333333,1
0.022,0.009533333333333333,1
0.02261111111111111,0.009533333333333333,1
0.02322222222222222,0.009533333333333333,1
0.02383333333333333,0.009533333333333333,1
0.024444444444444442,0.009533333333333333,1
0.025055555555555557,0.009533333333333333,1
0.025666666666666667,0.009533333333333333,1
0.02627777777777778,0.009533333333333333,1
0.02688888888888889,0.009533333333333333,1
0.0275,0.009533333333333333,1
0.02811111111111111,0.009533333333333333,1
0.028722222222222222,0.009533333333333333,1
0.029333333333333333,0.009533333333333333,1
0.029944444444444444,0.009533333333333333,1
0.030555555555555555,0.009533333333333333,1
0.031166666666666665,0.009533333333333333,1
0.03177777777777778,0.009533333333333333,1
0.03238888888888889,0.009533333333333333,1
0.033,0.009533333333333333,1
0.03361111111111111,0.009533333333333333,1
0.03422222222222222,0.009533333333333333,1
0.034833333333333334,0.009533333333333333,1
0.035444444444444445,0.009533333333333333,1
0.036055555555555556,0.009533333333333333,1
0.03666666666666667,0.009533333333333333,1
0.03727777777777778,0.009533333333333333,1
0.03788888888888889,0.009533333333333333,1
0.0385,0.009533333333333333,1
0.03911111111111111,0.009533333333333333,1
0.03972222222222222,0.009533333333333333,1
0.04033333333333333,0.009533333333333333,1
0.04094444444444444,0.009533333333333333,1
0.041555555555555554,0.009533333333333333,1
0.042166666666666665,0.009533333333333333,1
0.042777777777777776,0.009533333333333333,1
0.04338888888888889,0.009533333333333333,1
0.044,0.009533333333333333,1
0.04461111111111111,0.009533333333333333,1
0.04522222222222222,0.009533333333333333,1
0.04583333333333333,0.009533333333333333,1
0.04644444444444444,0.009533333333333333,1
0.04705555555555555,0.009533333333333333,1
0.04766666666666666,0.009533333333333333,1
0.048277777777777774,0.009533333333333333,1
0.048888888888888885,0.009533333333333333,1
0.0495,0.009533333333333333,1
0.05011111111111111,0.009533333333333333,1
0.050722222222222224,0.009533333333333333,1
0.051333333333333335,0.009533333333333333,1
0.051944444444444446,0.009533333333333333,1
0.05255555555555556,0.009533333333333333,1
0.05316666666666667,0.009533333333333333,1
0.05377777777777778,0.009533333333333333,1
0.05438888888888889,0.009533333333333333,1
0.055,0.009533333333333333,1
0.0,0.009777777777777778,2
0.0006111111111111111,0.009777777777777778,2
0.0012222222222222222,0.009777777777777778,2
0.0018333333333333333,0.009777777777777778,2
0.0024444444444444444,0.009777777777777778,2
0.0030555555555555553,0.009777777777777778,2
0.0036666666666666666,0.009777777777777778,2
0.004277777777777778,0.009777777777777778,2
0.004888888888888889,0.009777777777777778,2
0.0055,0.009777777777777778,2
0.0061111111111111106,0.009777777777777778,2
0.006722222222222222,0.009777777777777778,2
0.007333333333333333,0.009777777777777778,2
0.007944444444444445,0.009777777777777778,1
0.008555555555555556,0.009777777777777778,1
0.009166666666666667,0.009777777777777778,1
0.009777777777777778,0.009777777777777778,1
0.010388888888888888,0.009777777777777778,1
0.011,0.009777777777777778,1
0.01161111111111111,0.009777777777777778,1
0.012222222222222221,0.009777777777777778,1
0.012833333333333334,0.009777777777777778,1
0.013444444444444445,0.009777777777777778,1
0.014055555555555556,0.009777777777777778,1
0.014666666666666666,0.009777777777777778,1
0.015277777777777777,0.009777777777777778,1
0.01588888888888889,0.009777777777777778,1
0.0165,0.009777777777777778,1
0.01711111111111111,0.009777777777777778,1
0.017722222222222223,0.009777777777777778,1
0.018333333333333333,0.009777777777777778,1
0.018944444444444444,0.009777777777777778,1
0.019555555555555555,0.009777777777777778,1
0.020166666666666666,0.009777777777777778,1
0.020777777777777777,0.009777777777777778,1
0.021388888888888888,0.009777777777777778,1
0.022,0.009777777777777778,1
0.02261111111111111,0.009777777777777778,1
0.02322222222222222,0.009777777777777778,1
0.02383333333333333,0.009777777777777778,1
0.024444444444444442,0.009777777777777778,1
0.025055555555555557,0.009777777777777778,1
0.025666666666666667,0.009777777777777778,1
0.02627777777777778,0.009777777777777778,1
0.02688888888888889,0.009777777777777778,1
0.0275,0.009777777777777778,1
0.02811111111111111,0.009777777777777778,1
0.028722222222222222,0.009777777777777778,1
0.029333333333333333,0.009777777777777778,1
0.029944444444444444,0.009777777777777778,1
0.030555555555555555,0.009777777777777778,1
0.031166666666666665,0.009777777777777778,1
0.03177777777777778,0.009777777777777778,1
0.03238888888888889,0.009777777777777778,1
0.033,0.009777777777777778,1
0.03361111111111111,0.009777777777777778,1
0.03422222222222222,0.009777777777777778,1
0.034833333333333334,0.009777777777777778,1
0.035444444444444445,0.009777777777777778,1
0.036055555555555556,0.009777777777777778,1
0.03666666666666667,0.009777777777777778,1
0.03727777777777778,0.009777777777777778,1
0.03788888888888889,0.009777777777777778,1
0.0385,0.009777777777777778,1
0.03911111111111111,0.009777777777777778,1
0.03972222222222222,0.009777777777777778,1
0.04033333333333333,0.009777777777777778,1
0.04094444444444444,0.009777777777777778,1
0.041555555555555554,0.009777777777777778,1
0.042166666666666665,0.009777777777777778,1
0.042777777777777776,0.009777777777777778,1
0.04338888888888889,0.009777777777777778,1
0.044,0.009777777777777778,1
0.04461111111111111,0.009777777777777778,1
0.04522222222222222,0.009777777777777778,1
0.04583333333333333,0.009777777777777778,1
0.04644444444444444,0.009777777777777778,1
0.04705555555555555,0.009777777777777778,1
0.04766666666666666,0.009777777777777778,1
0.048277777777777774,0.009777777777777778,1
0.048888888888888885,0.009777777777777778,1
0.0495,0.009777777777777778,1
0.05011111111111111,0.009777777777777778,1
0.050722222222222224,0.009777777777777778,1
0.051333333333333335,0.009777777777777778,1
0.051944444444444446,0.009777777777777778,1
0.05255555555555556,0.009777777777777778,1
0.05316666666666667,0.009777777777777778,1
0.05377777777777778,0.009777777777777778,1
0.05438888888888889,0.009777777777777778,1
0.055,0.009777777777777778,1
0.0,0.010022222222222222,2
0.0006111111111111111,0.010022222222222222,2
0.0012222222222222222,0.010022222222222222,2
0.0018333333333333333,0.010022222222222222,2
0.0024444444444444444,0.010022222222222222,2
0.0030555555555555553,0.010022222222222222,2
0.0036666666666666666,0.010022222222222222,2
0.004277777777777778,0.010022222222222222,2
0.004888888888888889,0.010022222222222222,2
0.0055,0.010022222222222222,2
0.0061111111111111106,0.010022222222222222,2
0.006722222222222222,0.010022222222222222,2
0.007333333333333333,0.010022222222222222,1
0.007944444444444445,0.010022222222222222,1
0.008555555555555556,0.010022222222222222,1
0.009166666666666667,0.010022222222222222,1
0.009777777777777778,0.010022222222222222,1
0.010388888888888888,0.010022222222222222,1
0.011,0.010022222222222222,1
0.01161111111111111,0.010022222222222222,1
0.012222222222222221,0.010022222222222222,1
0.012833333333333334,0.010022222222222222,1
0.013444444444444445,0.010022222222222222,1
0.014055555555555556,0.010022222222222222,1
0.014666666666666666,0.010022222222222222,1
0.015277777777777777,0.010022222222222222,1
0.01588888888888889,0.010022222222222222,1
0.0165,0.010022222222222222,1
0.01711111111111111,0.010022222222222222,1
0.017722222222222223,0.010022222222222222,1
0.018333333333333333,0.010022222222222222,1
0.018944444444444444,0.010022222222222222,1
0.019555555555555555,0.010022222222222222,1
0.020166666666666666,0.010022222222222222,1
0.020777777777777777,0.010022222222222222,1
0.021388888888888888,0.010022222222222222,1
0.022,0.010022222222222222,1
0.02261111111111111,0.010022222222222222,1
0.02322222222222222,0.010022222222222222,1
0.02383333333333333,0.010022222222222222,1
0.024444444444444442,0.010022222222222222,1
0.025055555555555557,0.010022222222222222,1
0.025666666666666667,0.010022222222222222,1
0.02627777777777778,0.010022222222222222,1
0.02688888888888889,0.010022222222222222,1
0.0275,0.010022222222222222,1
0.02811111111111111,0.010022222222222222,1
0.028722222222222222,0.010022222222222222,1
0.029333333333333333,0.010022222222222222,1
0.029944444444444444,0.010022222222222222,1
0.030555555555555555,0.010022222222222222,1
0.031166666666666665,0.010022222222222222,1
0.03177777777777778,0.010022222222222222,1
0.03238888888888889,0.010022222222222222,1
0.033,0.010022222222222222,1
0.03361111111111111,0.010022222222222222,1
0.03422222222222222,0.010022222222222222,1
0.034833333333333334,0.010022222222222222,1
0.035444444444444445,0.010022222222222222,1
0.036055555555555556,0.010022222222222222,1
0.03666666666666667,0.010022222222222222,1
0.03727777777777778,0.010022222222222222,1
0.03788888888888889,0.010022222222222222,1
0.0385,0.010022222222222222,1
0.03911111111111111,0.010022222222222222,1
0.03972222222222222,0.010022222222222222,1
0.04033333333333333,0.010022222222222222,1
0.04094444444444444,0.010022222222222222,1
0.041555555555555554,0.010022222222222222,1
0.042166666666666665,0.010022222222222222,1
0.042777777777777776,0.010022222222222222,1
0.04338888888888889,0.010022222222222222,1
0.044,0.010022222222222222,1
0.04461111111111111,0.010022222222222222,1
0.04522222222222222,0.010022222222222222,1
0.04583333333333333,0.010022222222222222,1
0.04644444444444444,0.010022222222222222,1
0.04705555555555555,0.010022222222222222,1
0.04766666666666666,0.010022222222222222,1
0.048277777777777774,0.010022222222222222,1
0.048888888888888885,0.010022222222222222,1
0.0495,0.010022222222222222,1
0.05011111111111111,0.010022222222222222,1
0.050722222222222224,0.010022222222222222,1
0.051333333333333335,0.010022222222222222,1
0.051944444444444446,0.010022222222222222,1
0.05255555555555556,0.010022222222222222,1
0.05316666666666667,0.010022222222222222,1
0.05377777777777778,0.010022222222222222,1
0.05438888888888889,0.010022222222222222,1
0.055,0.010022222222222222,1
0.0,0.010266666666666665,2
0.0006111111111111111,0.010266666666666665,2
0.0012222222222222222,0.010266666666666665,2
0.0018333333333333333,0.010266666666666665,2
0.0024444444444444444,0.010266666666666665,2
0.0030555555555555553,0.010266666666666665,2
0.0036666666666666666,0.010266666666666665,2
0.004277777777777778,0.010266666666666665,2
0.004888888888888889,0.010266666666666665,2
0.0055,0.010266666666666665,2
0.0061111111111111106,0.010266666666666665,1
0.006722222222222222,0.010266666666666665,1
0.007333333333333333,0.010266666666666665,1
0.007944444444444445,0.010266666666666665,1
0.008555555555555556,0.010266666666666665,1
0.009166666666666667,0.010266666666666665,1
0.009777777777777778,0.010266666666666665,1
0.010388888888888888,0.010266666666666665,1
0.011,0.010266666666666665,1
0.01161111111111111,0.010266666666666665,1
0.012222222222222221,0.010266666666666665,1
0.012833333333333334,0.010266666666666665,1
0.013444444444444445,0.010266666666666665,1
0.014055555555555556,0.010266666666666665,1
0.014666666666666666,0.010266666666666665,1
0.015277777777777777,0.010266666666666665,1
0.01588888888888889,0.010266666666666665,1
0.0165,0.010266666666666665,1
0.01711111111111111,0.010266666666666665,1
0.017722222222222223,0.010266666666666665,1
0.018333333333333333,0.010266666666666665,1
0.018944444444444444,0.010266666666666665,1
0.019555555555555555,0.010266666666666665,1
0.020166666666666666,0.010266666666666665,1
0.020777777777777777,0.010266666666666665,1
0.021388888888888888,0.010266666666666665,1
0.022,0.010266666666666665,1
0.02261111111111111,0.010266666666666665,1
0.02322222222222222,0.010266666666666665,1
0.02383333333333333,0.010266666666666665,1
0.024444444444444442,0.010266666666666665,1
0.025055555555555557,0.010266666666666665,1
0.025666666666666667,0.010266666666666665,1
0.02627777777777778,0.010266666666666665,1
0.02688888888888889,0.010266666666666665,1
0.0275,0.010266666666666665,1
0.02811111111111111,0.010266666666666665,1
0.028722222222222222,0.010266666666666665,1
0.029333333333333333,0.010266666666666665,1
0.029944444444444444,0.010266666666666665,1
0.030555555555555555,0.010266666666666665,1
0.031166666666666665,0.010266666666666665,1
0.03177777777777778,0.010266666666666665,1
0.03238888888888889,0.010266666666666665,1
0.033,0.010266666666666665,1
0.03361111111111111,0.010266666666666665,1
0.03422222222222222,0.010266666666666665,1
0.034833333333333334,0.010266666666666665,1
0.035444444444444445,0.010266666666666665,1
0.036055555555555556,0.010266666666666665,1
0.03666666666666667,0.010266666666666665,1
0.03727777777777778,0.010266666666666665,1
0.03788888888888889,0.010266666666666665,1
0.0385,0.010266666666666665,1
0.03911111111111111,0.010266666666666665,1
0.03972222222222222,0.010266666666666665,1
0.04033333333333333,0.010266666666666665,1
0.04094444444444444,0.010266666666666665,1
0.041555555555555554,0.010266666666666665,1
0.042166666666666665,0.010266666666666665,1
0.042777777777777776,0.010266666666666665,1
0.04338888888888889,0.010266666666666665,1
0.044,0.010266666666666665,1
0.04461111111111111,0.010266666666666665,1
0.04522222222222222,0.010266666666666665,1
0.04583333333333333,0.010266666666666665,1
0.04644444444444444,0.010266666666666665,1
0.04705555555555555,0.010266666666666665,1
0.04766666666666666,0.010266666666666665,1
0.048277777777777774,0.010266666666666665,1
0.048888888888888885,0.010266666666666665,1
0.0495,0.010266666666666665,1
0.05011111111111111,0.010266666666666665,1
0.050722222222222224,0.010266666666666665,1
0.051333333333333335,0.010266666666666665,1
0.051944444444444446,0.010266666666666665,1
0.05255555555555556,0.010266666666666665,1
0.05316666666666667,0.010266666666666665,1
0.05377777777777778,0.010266666666666665,1
0.05438888888888889,0.010266666666666665,1
0.055,0.010266666666666665,1
0.0,0.01051111111111111,2
0.0006111111111111111,0.01051111111111111,2
0.0012222222222222222,0.01051111111111111,2
0.0018333333333333333,0.01051111111111111,2
0.0024444444444444444,0.01051111111111111,2
0.0030555555555555553,0.01051111111111111,2
0.0036666666666666666,0.01051111111111111,2
0.004277777777777778,0.01051111111111111,2
0.004888888888888889,0.01051111111111111,2
0.0055,0.01051111111111111,1
0.0061111111111111106,0.01051111111111111,1
0.006722222222222222,0.01051111111111111,1
0.007333333333333333,0.01051111111111111,1
0.007944444444444445,0.01051111111111111,1
0.008555555555555556,0.01051111111111111,1
0.009166666666666667,0.01051111111111111,1
0.009777777777777778,0.01051111111111111,1
0.010388888888888888,0.01051111111111111,1
0.011,0.01051111111111111,1
0.01161111111111111,0.01051111111111111,1
0.012222222222222221,0.01051111111111111,1
0.012833333333333334,0.01051111111111111,1
0.013444444444444445,0.01051111111111111,1
0.014055555555555556,0.01051111111111111,1
0.014666666666666666,0.01051111111111111,1
0.015277777777777777,0.01051111111111111,1
0.01588888888888889,0.01051111111111111,1
0.0165,0.01051111111111111,1
0.01711111111111111,0.01051111111111111,1
0.017722222222222223,0.01051111111111111,1
0.018333333333333333,0.01051111111111111,1
0.018944444444444444,0.01051111111111111,1
0.019555555555555555,0.01051111111111111,1
0.020166666666666666,0.01051111111111111,1
0.020777777777777777,0.01051111111111111,1
0.021388888888888888,0.01051111111111111,1
0.022,0.01051111111111111,1
0.02261111111111111,0.01051111111111111,1
0.02322222222222222,0.01051111111111111,1
0.02383333333333333,0.01051111111111111,1
0.024444444444444442,0.01051111111111111,1
0.025055555555555557,0.01051111111111111,1
0.025666666666666667,0.01051111111111111,1
0.02627777777777778,0.01051111111111111,1
0.02688888888888889,0.01051111111111111,1
0.0275,0.01051111111111111,1
0.02811111111111111,0.01051111111111111,1
0.028722222222222222,0.01051111111111111,1
0.029333333333333333,0.01051111111111111,1
0.029944444444444444,0.01051111111111111,1
0.030555555555555555,0.01051111111111111,1
0.031166666666666665,0.01051111111111111,1
0.03177777777777778,0.01051111111111111,1
0.03238888888888889,0.01051111111111111,1
0.033,0.01051111111111111,1
0.03361111111111111,0.01051111111111111,1
0.03422222222222222,0.01051111111111111,1
0.034833333333333334,0.01051111111111111,1
0.035444444444444445,0.01051111111111111,1
0.036055555555555556,0.01051111111111111,1
0.03666666666666667,0.01051111111111111,1
0.03727777777777778,0.01051111111111111,1
0.03788888888888889,0.01051111111111111,1
0.0385,0.01051111111111111,1
0.03911111111111111,0.01051111111111111,1
0.03972222222222222,0.01051111111111111,1
0.04033333333333333,0.01051111111111111,1
0.04094444444444444,0.01051111111111111,1
0.041555555555555554,0.01051111111111111,1
0.042166666666666665,0.01051111111111111,1
0.042777777777777776,0.01051111111111111,1
0.04338888888888889,0.01051111111111111,1
0.044,0.01051111111111111,1
0.04461111111111111,0.01051111111111111,1
0.04522222222222222,0.01051111111111111,1
0.04583333333333333,0.01051111111111111,1
0.04644444444444444,0.01051111111111111,1
0.04705555555555555,0.01051111111111111,1
0.04766666666666666,0.01051111111111111,1
0.048277777777777774,0.01051111111111111,1
0.048888888888888885,0.01051111111111111,1
0.0495,0.01051111111111111,1
0.05011111111111111,0.01051111111111111,1
0.050722222222222224,0.01051111111111111,1
0.051333333333333335,0.01051111111111111,1
0.051944444444444446,0.01051111111111111,1
0.05255555555555556,0.01051111111111111,1
0.05316666666666667,0.01051111111111111,1
0.05377777777777778,0.01051111111111111,1
0.05438888888888889,0.01051111111111111,1
0.055,0.01051111111111111,1
0.0,0.010755555555555555,2
0.0006111111111111111,0.010755555555555555,2
0.0012222222222222222,0.010755555555555555,2
0.0018333333333333333,0.010755555555555555,2
0.0024444444444444444,0.010755555555555555,2
0.0030555555555555553,0.010755555555555555,2
0.0036666666666666666,0.010755555555555555,2
0.004277777777777778,0.010755555555555555,2
0.004888888888888889,0.010755555555555555,1
0.0055,0.010755555555555555,1
0.0061111111111111106,0.010755555555555555,1
0.006722222222222222,0.010755555555555555,1
0.007333333333333333,0.010755555555555555,1
0.007944444444444445,0.010755555555555555,1
0.008555555555555556,0.010755555555555555,1
0.009166666666666667,0.010755555555555555,1
0.009777777777777778,0.010755555555555555,1
0.010388888888888888,0.010755555555555555,1
0.011,0.010755555555555555,1
0.01161111111111111,0.010755555555555555,1
0.012222222222222221,0.010755555555555555,1
0.012833333333333334,0.010755555555555555,1
0.013444444444444445,0.010755555555555555,1
0.014055555555555556,0.010755555555555555,1
0.014666666666666666,0.010755555555555555,1
0.015277777777777777,0.010755555555555555,1
0.01588888888888889,0.010755555555555555,1
0.0165,0.010755555555555555,1
0.01711111111111111,0.010755555555555555,1
0.017722222222222223,0.010755555555555555,1
0.018333333333333333,0.010755555555555555,1
0.018944444444444444,0.010755555555555555,1
0.019555555555555555,0.010755555555555555,1
0.020166666666666666,0.010755555555555555,1
0.020777777777777777,0.010755555555555555,1
0.021388888888888888,0.010755555555555555,1
0.022,0.010755555555555555,1
0.02261111111111111,0.010755555555555555,1
0.02322222222222222,0.010755555555555555,1
0.02383333333333333,0.010755555555555555,1
0.024444444444444442,0.010755555555555555,1
0.025055555555555557,0.010755555555555555,1
0.025666666666666667,0.010755555555555555,1
0.02627777777777778,0.010755555555555555,1
0.02688888888888889,0.010755555555555555,1
0.0275,0.010755555555555555,1
0.02811111111111111,0.010755555555555555,1
0.028722222222222222,0.010755555555555555,1
0.029333333333333333,0.010755555555555555,1
0.029944444444444444,0.010755555555555555,1
0.030555555555555555,0.010755555555555555,1
0.031166666666666665,0.010755555555555555,1
0.03177777777777778,0.010755555555555555,1
0.03238888888888889,0.010755555555555555,1
0.033,0.010755555555555555,1
0.03361111111111111,0.010755555555555555,1
0.03422222222222222,0.010755555555555555,1
0.034833333333333334,0.010755555555555555,1
0.035444444444444445,0.010755555555555555,1
0.036055555555555556,0.010755555555555555,1
0.03666666666666667,0.010755555555555555,1
0.03727777777777778,0.010755555555555555,1
0.03788888888888889,0.010755555555555555,1
0.0385,0.010755555555555555,1
0.03911111111111111,0.010755555555555555,1
0.03972222222222222,0.010755555555555555,1
0.04033333333333333,0.010755555555555555,1
0.04094444444444444,0.010755555555555555,1
0.041555555555555554,0.010755555555555555,1
0.042166666666666665,0.010755555555555555,1
0.042777777777777776,0.010755555555555555,1
0.04338888888888889,0.010755555555555555,1
0.044,0.010755555555555555,1
0.04461111111111111,0.010755555555555555,1
0.04522222222222222,0.010755555555555555,1
0.04583333333333333,0.010755555555555555,1
0.04644444444444444,0.010755555555555555,1
0.04705555555555555,0.010755555555555555,1
0.04766666666666666,0.010755555555555555,1
0.048277777777777774,0.010755555555555555,1
0.048888888888888885,0.010755555555555555,1
0.0495,0.010755555555555555,1
0.05011111111111111,0.010755555555555555,1
0.050722222222222224,0.010755555555555555,1
0.051333333333333335,0.010755555555555555,1
0.051944444444444446,0.010755555555555555,1
0.05255555555555556,0.010755555555555555,1
0.05316666666666667,0.010755555555555555,1
0.05377777777777778,0.010755555555555555,1
0.05438888888888889,0.010755555555555555,1
0.055,0.010755555555555555,1
0.0,0.011,2
0.0006111111111111111,0.011,2
0.0012222222222222222,0.011,2
0.0018333333333333333,0.011,2
0.0024444444444444444,0.011,2
0.0030555555555555553,0.011,2
0.0036666666666666666,0.011,2
0.004277777777777778,0.011,1
0.004888888888888889,0.011,1
0.0055,0.011,1
0.0061111111111111106,0.011,1
0.006722222222222222,0.011,1
0.007333333333333333,0.011,1
0.007944444444444445,0.011,1
0.008555555555555556,0.011,1
0.009166666666666667,0.011,1
0.009777777777777778,0.011,1
0.010388888888888888,0.011,1
0.011,0.011,1
0.01161111111111111,0.011,1
0.012222222222222221,0.011,1
0.012833333333333334,0.011,1
0.013444444444444445,0.011,1
0.014055555555555556,0.011,1
0.014666666666666666,0.011,1
0.015277777777777777,0.011,1
0.01588888888888889,0.011,1
0.0165,0.011,1
0.01711111111111111,0.011,1
0.017722222222222223,0.011,1
0.018333333333333333,0.011,1
0.018944444444444444,0.011,1
0.019555555555555555,0.011,1
0.020166666666666666,0.011,1
0.020777777777777777,0.011,1
0.021388888888888888,0.011,1
0.022,0.011,1
0.02261111111111111,0.011,1
0.02322222222222222,0.011,1
0.02383333333333333,0.011,1
0.024444444444444442,0.011,1
0.025055555555555557,0.011,1
0.025666666666666667,0.011,1
0.02627777777777778,0.011,1
0.02688888888888889,0.011,1
0.0275,0.011,1
0.02811111111111111,0.011,1
0.028722222222222222,0.011,1
0.029333333333333333,0.011,1
0.029944444444444444,0.011,1
0.030555555555555555,0.011,1
0.031166666666666665,0.011,1
0.03177777777777778,0.011,1
0.03238888888888889,0.011,1
0.033,0.011,1
0.03361111111111111,0.011,1
0.03422222222222222,0.011,1
0.034833333333333334,0.011,1
0.035444444444444445,0.011,1
0.036055555555555556,0.011,1
0.03666666666666667,0.011,1
0.03727777777777778,0.011,1
0.03788888888888889,0.011,1
0.0385,0.011,1
0.03911111111111111,0.011,1
0.03972222222222222,0.011,1
0.04033333333333333,0.011,1
0.04094444444444444,0.011,1
0.041555555555555554,0.011,1
0.042166666666666665,0.011,1
0.042777777777777776,0.011,1
0.04338888888888889,0.011,1
0.044,0.011,1
0.04461111111111111,0.011,1
0.04522222222222222,0.011,1
0.04583333333333333,0.011,1
0.04644444444444444,0.011,1
0.04705555555555555,0.011,1
0.04766666666666666,0.011,1
0.048277777777777774,0.011,1
0.048888888888888885,0.011,1
0.0495,0.011,1
0.05011111111111111,0.011,1
0.050722222222222224,0.011,1
0.051333333333333335,0.011,1
0.051944444444444446,0.011,1
0.05255555555555556,0.011,1
0.05316666666666667,0.011,1
0.05377777777777778,0.011,1
0.05438888888888889,0.011,1
0.055,0.011,1
0.0,0.011244444444444444,2
0.0006111111111111111,0.011244444444444444,2
0.0012222222222222222,0.011244444444444444,2
0.0018333333333333333,0.011244444444444444,2
0.0024444444444444444,0.011244444444444444,2
0.0030555555555555553,0.011244444444444444,2
0.0036666666666666666,0.011244444444444444,1
0.004277777777777778,0.011244444444444444,1
0.004888888888888889,0.011244444444444444,1
0.0055,0.011244444444444444,1
0.0061111111111111106,0.011244444444444444,1
0.006722222222222222,0.011244444444444444,1
0.007333333333333333,0.011244444444444444,1
0.007944444444444445,0.011244444444444444,1
0.008555555555555556,0.011244444444444444,1
0.009166666666666667,0.011244444444444444,1
0.009777777777777778,0.011244444444444444,1
0.010388888888888888,0.011244444444444444,1
0.011,0.011244444444444444,1
0.01161111111111111,0.011244444444444444,1
0.012222222222222221,0.011244444444444444,1
0.012833333333333334,0.011244444444444444,1
0.013444444444444445,0.011244444444444444,1
0.014055555555555556,0.011244444444444444,1
0.014666666666666666,0.011244444444444444,1
0.015277777777777777,0.011244444444444444,1
0.01588888888888889,0.011244444444444444,1
0.0165,0.011244444444444444,1
0.01711111111111111,0.011244444444444444,1
0.017722222222222223,0.011244444444444444,1
0.018333333333333333,0.011244444444444444,1
0.018944444444444444,0.011244444444444444,1
0.019555555555555555,0.011244444444444444,1
0.020166666666666666,0.011244444444444444,1
0.020777777777777777,0.011244444444444444,1
0.021388888888888888,0.011244444444444444,1
0.022,0.011244444444444444,1
0.02261111111111111,0.011244444444444444,1
0.02322222222222222,0.011244444444444444,1
0.02383333333333333,0.011244444444444444,1
0.024444444444444442,0.011244444444444444,1
0.025055555555555557,0.011244444444444444,1
0.025666666666666667,0.011244444444444444,1
0.02627777777777778,0.011244444444444444,1
0.02688888888888889,0.011244444444444444,1
0.0275,0.011244444444444444,1
0.02811111111111111,0.011244444444444444,1
0.028722222222222222,0.011244444444444444,1
0.029333333333333333,0.011244444444444444,1
0.029944444444444444,0.011244444444444444,1
0.030555555555555555,0.011244444444444444,1
0.031166666666666665,0.011244444444444444,1
0.03177777777777778,0.011244444444444444,1
0.03238888888888889,0.011244444444444444,1
0.033,0.011244444444444444,1
0.03361111111111111,0.011244444444444444,1
0.03422222222222222,0.011244444444444444,1
0.034833333333333334,0.011244444444444444,1
0.035444444444444445,0.011244444444444444,1
0.036055555555555556,0.011244444444444444,1
0.03666666666666667,0.011244444444444444,1
0.03727777777777778,0.011244444444444444,1
0.03788888888888889,0.011244444444444444,1
0.0385,0.011244444444444444,1
0.03911111111111111,0.011244444444444444,1
0.03972222222222222,0.011244444444444444,1
0.04033333333333333,0.011244444444444444,1
0.04094444444444444,0.011244444444444444,1
0.041555555555555554,0.011244444444444444,1
0.042166666666666665,0.011244444444444444,1
0.042777777777777776,0.011244444444444444,1
0.04338888888888889,0.011244444444444444,1
0.044,0.011244444444444444,1
0.04461111111111111,0.011244444444444444,1
0.04522222222222222,0.011244444444444444,1
0.04583333333333333,0.011244444444444444,1
0.04644444444444444,0.011244444444444444,1
0.04705555555555555,0.011244444444444444,1
0.04766666666666666,0.011244444444444444,1
0.048277777777777774,0.011244444444444444,1
0.048888888888888885,0.011244444444444444,1
0.0495,0.011244444444444444,1
0.05011111111111111,0.011244444444444444,1
0.050722222222222224,0.011244444444444444,1
0.051333333333333335,0.011244444444444444,1
0.051944444444444446,0.011244444444444444,1
0.05255555555555556,0.011244444444444444,1
0.05316666666666667,0.011244444444444444,1
0.05377777777777778,0.011244444444444444,1
0.05438888888888889,0.011244444444444444,1
0.055,0.011244444444444444,1
0.0,0.011488888888888889,2
0.0006111111111111111,0.011488888888888889,2
0.0012222222222222222,0.011488888888888889,2
0.0018333333333333333,0.011488888888888889,2
0.0024444444444444444,0.011488888888888889,2
0.0030555555555555553,0.011488888888888889,1
0.0036666666666666666,0.011488888888888889,1
0.004277777777777778,0.011488888888888889,1
0.004888888888888889,0.011488888888888889,1
0.0055,0.011488888888888889,1
0.0061111111111111106,0.011488888888888889,1
0.006722222222222222,0.011488888888888889,1
0.007333333333333333,0.011488888888888889,1
0.007944444444444445,0.011488888888888889,1
0.008555555555555556,0.011488888888888889,1
0.009166666666666667,0.011488888888888889,1
0.009777777777777778,0.011488888888888889,1
0.010388888888888888,0.011488888888888889,1
0.011,0.011488888888888889,1
0.01161111111111111,0.011488888888888889,1
0.012222222222222221,0.011488888888888889,1
0.012833333333333334,0.011488888888888889,1
0.013444444444444445,0.011488888888888889,1
0.014055555555555556,0.011488888888888889,1
0.014666666666666666,0.011488888888888889,1
0.015277777777777777,0.011488888888888889,1
0.01588888888888889,0.011488888888888889,1
0.0165,0.011488888888888889,1
0.01711111111111111,0.011488888888888889,1
0.017722222222222223,0.011488888888888889,1
0.018333333333333333,0.011488888888888889,1
0.018944444444444444,0.011488888888888889,1
0.019555555555555555,0.011488888888888889,1
0.020166666666666666,0.011488888888888889,1
0.020777777777777777,0.011488888888888889,1
0.021388888888888888,0.011488888888888889,1
0.022,0.011488888888888889,1
0.02261111111111111,0.011488888888888889,1
0.02322222222222222,0.011488888888888889,1
0.02383333333333333,0.011488888888888889,1
0.024444444444444442,0.011488888888888889,1
0.025055555555555557,0.011488888888888889,1
0.025666666666666667,0.011488888888888889,1
0.02627777777777778,0.011488888888888889,1
0.02688888888888889,0.011488888888888889,1
0.0275,0.011488888888888889,1
0.02811111111111111,0.011488888888888889,1
0.028722222222222222,0.011488888888888889,1
0.029333333333333333,0.011488888888888889,1
0.029944444444444444,0.011488888888888889,1
0.030555555555555555,0.011488888888888889,1
0.031166666666666665,0.011488888888888889,1
0.03177777777777778,0.011488888888888889,1
0.03238888888888889,0.011488888888888889,1
0.033,0.011488888888888889,1
0.03361111111111111,0.011488888888888889,1
0.03422222222222222,0.011488888888888889,1
0.034833333333333334,0.011488888888888889,1
0.035444444444444445,0.011488888888888889,1
0.036055555555555556,0.011488888888888889,1
0.03666666666666667,0.011488888888888889,1
0.03727777777777778,0.011488888888888889,1
0.03788888888888889,0.011488888888888889,1
0.0385,0.011488888888888889,1
0.03911111111111111,0.011488888888888889,1
0.03972222222222222,0.011488888888888889,1
0.04033333333333333,0.011488888888888889,1
0.04094444444444444,0.011488888888888889,1
0.041555555555555554,0.011488888888888889,1
0.042166666666666665,0.011488888888888889,1
0.042777777777777776,0.011488888888888889,1
0.04338888888888889,0.011488888888888889,1
0.044,0.011488888888888889,1
0.04461111111111111,0.011488888888888889,1
0.04522222222222222,0.011488888888888889,1
0.04583333333333333,0.011488888888888889,1
0.04644444444444444,0.011488888888888889,1
0.04705555555555555,0.011488888888888889,1
0.04766666666666666,0.011488888888888889,1
0.048277777777777774,0.011488888888888889,1
0.048888888888888885,0.011488888888888889,1
0.0495,0.011488888888888889,1
0.05011111111111111,0.011488888888888889,1
0.050722222222222224,0.011488888888888889,1
0.051333333333333335,0.011488888888888889,1
0.051944444444444446,0.011488888888888889,1
0.05255555555555556,0.011488888888888889,1
0.05316666666666667,0.011488888888888889,1
0.05377777777777778,0.011488888888888889,1
0.05438888888888889,0.011488888888888889,1
0.055,0.011488888888888889,1
0.0,0.011733333333333332,2
0.0006111111111111111,0.011733333333333332,2
0.0012222222222222222,0.011733333333333332,2
0.0018333333333333333,0.011733333333333332,2
0.0024444444444444444,0.011733333333333332,1
0.0030555555555555553,0.011733333333333332,1
0.0036666666666666666,0.011733333333333332,1
0.004277777777777778,0.011733333333333332,1
0.004888888888888889,0.011733333333333332,1
0.0055,0.011733333333333332,1
0.0061111111111111106,0.011733333333333332,1
0.006722222222222222,0.011733333333333332,1
0.007333333333333333,0.011733333333333332,1
0.007944444444444445,0.011733333333333332,1
0.008555555555555556,0.011733333333333332,1
0.009166666666666667,0.011733333333333332,1
0.009777777777777778,0.011733333333333332,1
0.010388888888888888,0.011733333333333332,1
0.011,0.011733333333333332,1
0.01161111111111111,0.011733333333333332,1
0.012222222222222221,0.011733333333333332,1
0.012833333333333334,0.011733333333333332,1
0.013444444444444445,0.011733333333333332,1
0.014055555555555556,0.011733333333333332,1
0.014666666666666666,0.011733333333333332,1
0.015277777777777777,0.011733333333333332,1
0.01588888888888889,0.011733333333333332,1
0.0165,0.011733333333333332,1
0.01711111111111111,0.011733333333333332,1
0.017722222222222223,0.011733333333333332,1
0.018333333333333333,0.011733333333333332,1
0.018944444444444444,0.011733333333333332,1
0.019555555555555555,0.011733333333333332,1
0.020166666666666666,0.011733333333333332,1
0.020777777777777777,0.011733333333333332,1
0.021388888888888888,0.011733333333333332,1
0.022,0.011733333333333332,1
0.02261111111111111,0.011733333333333332,1
0.02322222222222222,0.011733333333333332,1
0.02383333333333333,0.011733333333333332,1
0.024444444444444442,0.011733333333333332,1
0.025055555555555557,0.011733333333333332,1
0.025666666666666667,0.011733333333333332,1
0.02627777777777778,0.011733333333333332,1
0.02688888888888889,0.011733333333333332,1
0.0275,0.011733333333333332,1
0.02811111111111111,0.011733333333333332,1
0.028722222222222222,0.011733333333333332,1
0.029333333333333333,0.011733333333333332,1
0.029944444444444444,0.011733333333333332,1
0.030555555555555555,0.011733333333333332,1
0.031166666666666665,0.011733333333333332,1
0.03177777777777778,0.011733333333333332,1
0.03238888888888889,0.011733333333333332,1
0.033,0.011733333333333332,1
0.03361111111111111,0.011733333333333332,1
0.03422222222222222,0.011733333333333332,1
0.034833333333333334,0.011733333333333332,1
0.035444444444444445,0.011733333333333332,1
0.036055555555555556,0.011733333333333332,1
0.03666666666666667,0.011733333333333332,1
0.03727777777777778,0.011733333333333332,1
0.03788888888888889,0.011733333333333332,1
0.0385,0.011733333333333332,1
0.03911111111111111,0.011733333333333332,1
0.03972222222222222,0.011733333333333332,1
0.04033333333333333,0.011733333333333332,1
0.04094444444444444,0.011733333333333332,1
0.041555555555555554,0.011733333333333332,1
0.042166666666666665,0.011733333333333332,1
0.042777777777777776,0.011733333333333332,1
0.04338888888888889,0.011733333333333332,1
0.044,0.011733333333333332,1
0.04461111111111111,0.011733333333333332,1
0.04522222222222222,0.011733333333333332,1
0.04583333333333333,0.011733333333333332,1
0.04644444444444444,0.011733333333333332,1
0.04705555555555555,0.011733333333333332,1
0.04766666666666666,0.011733333333333332,1
0.048277777777777774,0.011733333333333332,1
0.048888888888888885,0.011733333333333332,1
0.0495,0.011733333333333332,1
0.05011111111111111,0.011733333333333332,1
0.050722222222222224,0.011733333333333332,1
0.051333333333333335,0.011733333333333332,1
0.051944444444444446,0.011733333333333332,1
0.05255555555555556,0.011733333333333332,1
0.05316666666666667,0.011733333333333332,1
0.05377777777777778,0.011733333333333332,1
0.05438888888888889,0.011733333333333332,1
0.055,0.011733333333333332,1
0.0,0.011977777777777776,2
0.0006111111111111111,0.011977777777777776,2
0.0012222222222222222,0.011977777777777776,2
0.0018333333333333333,0.011977777777777776,1
0.0024444444444444444,0.011977777777777776,1
0.0030555555555555553,0.011977777777777776,1
0.0036666666666666666,0.011977777777777776,1
0.004277777777777778,0.011977777777777776,1
0.004888888888888889,0.011977777777777776,1
0.0055,0.011977777777777776,1
0.0061111111111111106,0.011977777777777776,1
0.006722222222222222,0.011977777777777776,1
0.007333333333333333,0.011977777777777776,1
0.007944444444444445,0.011977777777777776,1
0.008555555555555556,0.011977777777777776,1
0.009166666666666667,0.011977777777777776,1
0.009777777777777778,0.011977777777777776,1
0.010388888888888888,0.011977777777777776,1
0.011,0.011977777777777776,1
0.01161111111111111,0.011977777777777776,1
0.012222222222222221,0.011977777777777776,1
0.012833333333333334,0.011977777777777776,1
0.013444444444444445,0.011977777777777776,1
0.014055555555555556,0.011977777777777776,1
0.014666666666666666,0.011977777777777776,1
0.015277777777777777,0.011977777777777776,1
0.01588888888888889,0.011977777777777776,1
0.0165,0.011977777777777776,1
0.01711111111111111,0.011977777777777776,1
0.017722222222222223,0.011977777777777776,1
0.018333333333333333,0.011977777777777776,1
0.018944444444444444,0.011977777777777776,1
0.019555555555555555,0.011977777777777776,1
0.020166666666666666,0.011977777777777776,1
0.020777777777777777,0.011977777777777776,1
0.021388888888888888,0.011977777777777776,1
0.022,0.011977777777777776,1
0.02261111111111111,0.011977777777777776,1
0.02322222222222222,0.011977777777777776,1
0.02383333333333333,0.011977777777777776,1
0.024444444444444442,0.011977777777777776,1
0.025055555555555557,0.011977777777777776,1
0.025666666666666667,0.011977777777777776,1
0.02627777777777778,0.011977777777777776,1
0.02688888888888889,0.011977777777777776,1
0.0275,0.011977777777777776,1
0.02811111111111111,0.011977777777777776,1
0.028722222222222222,0.011977777777777776,1
0.029333333333333333,0.011977777777777776,1
0.029944444444444444,0.011977777777777776,1
0.030555555555555555,0.011977777777777776,1
0.031166666666666665,0.011977777777777776,1
0.03177777777777778,0.011977777777777776,1
0.03238888888888889,0.011977777777777776,1
0.033,0.011977777777777776,1
0.03361111111111111,0.011977777777777776,1
0.03422222222222222,0.011977777777777776,1
0.034833333333333334,0.011977777777777776,1
0.035444444444444445,0.011977777777777776,1
0.036055555555555556,0.011977777777777776,1
0.03666666666666667,0.011977777777777776,1
0.03727777777777778,0.011977777777777776,1
0.03788888888888889,0.011977777777777776,1
0.0385,0.011977777777777776,1
0.03911111111111111,0.011977777777777776,1
0.03972222222222222,0.011977777777777776,1
0.04033333333333333,0.011977777777777776,1
0.04094444444444444,0.011977777777777776,1
0.041555555555555554,0.011977777777777776,1
0.042166666666666665,0.011977777777777776,1
0.042777777777777776,0.011977777777777776,1
0.04338888888888889,0.011977777777777776,1
0.044,0.011977777777777776,1
0.04461111111111111,0.011977777777777776,1
0.04522222222222222,0.011977777777777776,1
0.04583333333333333,0.011977777777777776,1
0.04644444444444444,0.011977777777777776,1
0.04705555555555555,0.011977777777777776,1
0.04766666666666666,0.011977777777777776,1
0.048277777777777774,0.011977777777777776,1
0.048888888888888885,0.011977777777777776,1
0.0495,0.011977777777777776,1
0.05011111111111111,0.011977777777777776,1
0.050722222222222224,0.011977777777777776,1
0.051333333333333335,0.011977777777777776,1
0.051944444444444446,0.011977777777777776,1
0.05255555555555556,0.011977777777777776,1
0.05316666666666667,0.011977777777777776,1
0.05377777777777778,0.011977777777777776,1
0.05438888888888889,0.011977777777777776,1
0.055,0.011977777777777776,1
0.0,0.012222222222222221,2
0.0006111111111111111,0.012222222222222221,2
0.0012222222222222222,0.012222222222222221,1
0.0018333333333333333,0.012222222222222221,1
0.0024444444444444444,0.012222222222222221,1
0.0030555555555555553,0.012222222222222221,1
0.0036666666666666666,0.012222222222222221,1
0.004277777777777778,0.012222222222222221,1
0.004888888888888889,0.012222222222222221,1
0.0055,0.012222222222222221,1
0.0061111111111111106,0.012222222222222221,1
0.006722222222222222,0.012222222222222221,1
0.007333333333333333,0.012222222222222221,1
0.007944444444444445,0.012222222222222221,1
0.008555555555555556,0.012222222222222221,1
0.009166666666666667,0.012222222222222221,1
0.009777777777777778,0.012222222222222221,1
0.010388888888888888,0.012222222222222221,1
0.011,0.012222222222222221,1
0.01161111111111111,0.012222222222222221,1
0.012222222222222221,0.012222222222222221,1
0.012833333333333334,0.012222222222222221,1
0.013444444444444445,0.012222222222222221,1
0.014055555555555556,0.012222222222222221,1
0.014666666666666666,0.012222222222222221,1
0.015277777777777777,0.012222222222222221,1
0.01588888888888889,0.012222222222222221,1
0.0165,0.012222222222222221,1
0.01711111111111111,0.012222222222222221,1
0.017722222222222223,0.012222222222222221,1
0.018333333333333333,0.012222222222222221,1
0.018944444444444444,0.012222222222222221,1
0.019555555555555555,0.012222222222222221,1
0.020166666666666666,0.012222222222222221,1
0.020777777777777777,0.012222222222222221,1
0.021388888888888888,0.012222222222222221,1
0.022,0.012222222222222221,1
0.02261111111111111,0.012222222222222221,1
0.02322222222222222,0.012222222222222221,1
0.02383333333333333,0.012222222222222221,1
0.024444444444444442,0.012222222222222221,1
0.025055555555555557,0.012222222222222221,1
0.025666666666666667,0.012222222222222221,1
0.02627777777777778,0.012222222222222221,1
0.02688888888888889,0.012222222222222221,1
0.0275,0.012222222222222221,1
0.02811111111111111,0.012222222222222221,1
0.028722222222222222,0.012222222222222221,1
0.029333333333333333,0.012222222222222221,1
0.029944444444444444,0.012222222222222221,1
0.030555555555555555,0.012222222222222221,1
0.031166666666666665,0.012222222222222221,1
0.03177777777777778,0.012222222222222221,1
0.03238888888888889,0.012222222222222221,1
0.033,0.012222222222222221,1
0.03361111111111111,0.012222222222222221,1
0.03422222222222222,0.012222222222222221,1
0.034833333333333334,0.012222222222222221,1
0.035444444444444445,0.012222222222222221,1
0.036055555555555556,0.012222222222222221,1
0.03666666666666667,0.012222222222222221,1
0.03727777777777778,0.012222222222222221,1
0.03788888888888889,0.012222222222222221,1
0.0385,0.012222222222222221,1
0.03911111111111111,0.012222222222222221,1
0.03972222222222222,0.012222222222222221,1
0.04033333333333333,0.012222222222222221,1
0.04094444444444444,0.012222222222222221,1
0.041555555555555554,0.012222222222222221,1
0.042166666666666665,0.012222222222222221,1
0.042777777777777776,0.012222222222222221,1
0.04338888888888889,0.012222222222222221,1
0.044,0.012222222222222221,1
0.04461111111111111,0.012222222222222221,1
0.04522222222222222,0.012222222222222221,1
0.04583333333333333,0.012222222222222221,1
0.04644444444444444,0.012222222222222221,1
0.04705555555555555,0.012222222222222221,1
0.04766666666666666,0.012222222222222221,1
0.048277777777777774,0.012222222222222221,1
0.048888888888888885,0.012222222222222221,1
0.0495,0.012222222222222221,1
0.05011111111111111,0.012222222222222221,1
0.050722222222222224,0.012222222222222221,1
0.051333333333333335,0.012222222222222221,1
0.051944444444444446,0.012222222222222221,1
0.05255555555555556,0.012222222222222221,1
0.05316666666666667,0.012222222222222221,1
0.05377777777777778,0.012222222222222221,1
0.05438888888888889,0.012222222222222221,1
0.055,0.012222222222222221,1
0.0,0.012466666666666666,1
0.0006111111111111111,0.012466666666666666,1
0.0012222222222222222,0.012466666666666666,1
0.0018333333333333333,0.012466666666666666,1
0.0024444444444444444,0.012466666666666666,1
0.0030555555555555553,0.012466666666666666,1
0.0036666666666666666,0.012466666666666666,1
0.004277777777777778,0.012466666666666666,1
0.004888888888888889,0.012466666666666666,1
0.0055,0.012466666666666666,1
0.0061111111111111106,0.012466666666666666,1
0.006722222222222222,0.012466666666666666,1
0.007333333333333333,0.012466666666666666,1
0.007944444444444445,0.012466666666666666,1
0.008555555555555556,0.012466666666666666,1
0.009166666666666667,0.012466666666666666,1
0.009777777777777778,0.012466666666666666,1
0.010388888888888888,0.012466666666666666,1
0.011,0.012466666666666666,1
0.01161111111111111,0.012466666666666666,1
0.012222222222222221,0.012466666666666666,1
0.012833333333333334,0.012466666666666666,1
0.013444444444444445,0.012466666666666666,1
0.014055555555555556,0.012466666666666666,1
0.014666666666666666,0.012466666666666666,1
0.015277777777777777,0.012466666666666666,1
0.01588888888888889,0.012466666666666666,1
0.0165,0.012466666666666666,1
0.01711111111111111,0.012466666666666666,1
0.017722222222222223,0.012466666666666666,1
0.018333333333333333,0.012466666666666666,1
0.018944444444444444,0.012466666666666666,1
0.019555555555555555,0.012466666666666666,1
0.020166666666666666,0.012466666666666666,1
0.020777777777777777,0.012466666666666666,1
0.021388888888888888,0.012466666666666666,1
0.022,0.012466666666666666,1
0.02261111111111111,0.012466666666666666,1
0.02322222222222222,0.012466666666666666,1
0.02383333333333333,0.012466666666666666,1
0.024444444444444442,0.012466666666666666,1
0.025055555555555557,0.012466666666666666,1
0.025666666666666667,0.012466666666666666,1
0.02627777777777778,0.012466666666666666,1
0.02688888888888889,0.012466666666666666,1
0.0275,0.012466666666666666,1
0.02811111111111111,0.012466666666666666,1
0.028722222222222222,0.012466666666666666,1
0.029333333333333333,0.012466666666666666,1
0.029944444444444444,0.012466666666666666,1
0.030555555555555555,0.012466666666666666,1
0.031166666666666665,0.012466666666666666,1
0.03177777777777778,0.012466666666666666,1
0.03238888888888889,0.012466666666666666,1
0.033,0.012466666666666666,1
0.03361111111111111,0.012466666666666666,1
0.03422222222222222,0.012466666666666666,1
0.034833333333333334,0.012466666666666666,1
0.035444444444444445,0.012466666666666666,1
0.036055555555555556,0.012466666666666666,1
0.03666666666666667,0.012466666666666666,1
0.03727777777777778,0.012466666666666666,1
0.03788888888888889,0.012466666666666666,1
0.0385,0.012466666666666666,1
0.03911111111111111,0.012466666666666666,1
0.03972222222222222,0.012466666666666666,1
0.04033333333333333,0.012466666666666666,1
0.04094444444444444,0.012466666666666666,1
0.041555555555555554,0.012466666666666666,1
0.042166666666666665,0.012466666666666666,1
0.042777777777777776,0.012466666666666666,1
0.04338888888888889,0.012466666666666666,1
0.044,0.012466666666666666,1
0.04461111111111111,0.012466666666666666,1
0.04522222222222222,0.012466666666666666,1
0.04583333333333333,0.012466666666666666,1
0.04644444444444444,0.012466666666666666,1
0.04705555555555555,0.012466666666666666,1
0.04766666666666666,0.012466666666666666,1
0.048277777777777774,0.012466666666666666,1
0.048888888888888885,0.012466666666666666,1
0.0495,0.012466666666666666,1
0.05011111111111111,0.012466666666666666,1
0.050722222222222224,0.012466666666666666,1
0.051333333333333335,0.012466666666666666,1
0.051944444444444446,0.012466666666666666,1
0.05255555555555556,0.012466666666666666,1
0.05316666666666667,0.012466666666666666,1
0.05377777777777778,0.012466666666666666,1
0.05438888888888889,0.012466666666666666,1
0.055,0.012466666666666666,1
0.0,0.01271111111111111,1
0.0006111111111111111,0.01271111111111111,1
0.0012222222222222222,0.01271111111111111,1
0.0018333333333333333,0.01271111111111111,1
0.0024444444444444444,0.01271111111111111,1
0.0030555555555555553,0.01271111111111111,1
0.0036666666666666666,0.01271111111111111,1
0.004277777777777778,0.01271111111111111,1
0.004888888888888889,0.01271111111111111,1
0.0055,0.01271111111111111,1
0.0061111111111111106,0.01271111111111111,1
0.006722222222222222,0.01271111111111111,1
0.007333333333333333,0.01271111111111111,1
0.007944444444444445,0.01271111111111111,1
0.008555555555555556,0.01271111111111111,1
0.009166666666666667,0.01271111111111111,1
0.009777777777777778,0.01271111111111111,1
0.010388888888888888,0.01271111111111111,1
0.011,0.01271111111111111,1
0.01161111111111111,0.01271111111111111,1
0.012222222222222221,0.01271111111111111,1
0.012833333333333334,0.01271111111111111,1
0.013444444444444445,0.01271111111111111,1
0.014055555555555556,0.01271111111111111,1
0.014666666666666666,0.01271111111111111,1
0.015277777777777777,0.01271111111111111,1
0.01588888888888889,0.01271111111111111,1
0.0165,0.01271111111111111,1
0.01711111111111111,0.01271111111111111,1
0.017722222222222223,0.01271111111111111,1
0.018333333333333333,0.01271111111111111,1
0.018944444444444444,0.01271111111111111,1
0.019555555555555555,0.01271111111111111,1
0.020166666666666666,0.01271111111111111,1
0.020777777777777777,0.01271111111111111,1
0.021388888888888888,0.01271111111111111,1
0.022,0.01271111111111111,1
0.02261111111111111,0.01271111111111111,1
0.02322222222222222,0.01271111111111111,1
0.02383333333333333,0.01271111111111111,1
0.024444444444444442,0.01271111111111111,1
0.025055555555555557,0.01271111111111111,1
0.025666666666666667,0.01271111111111111,1
0.02627777777777778,0.01271111111111111,1
0.02688888888888889,0.01271111111111111,1
0.0275,0.01271111111111111,1
0.02811111111111111,0.01271111111111111,1
0.028722222222222222,0.01271111111111111,1
0.029333333333333333,0.01271111111111111,1
0.029944444444444444,0.01271111111111111,1
0.030555555555555555,0.01271111111111111,1
0.031166666666666665,0.01271111111111111,1
0.03177777777777778,0.01271111111111111,1
0.03238888888888889,0.01271111111111111,1
0.033,0.01271111111111111,1
0.03361111111111111,0.01271111111111111,1
0.03422222222222222,0.01271111111111111,1
0.034833333333333334,0.01271111111111111,1
0.035444444444444445,0.01271111111111111,1
0.036055555555555556,0.01271111111111111,1
0.03666666666666667,0.01271111111111111,1
0.03727777777777778,0.01271111111111111,1
0.03788888888888889,0.01271111111111111,1
0.0385,0.01271111111111111,1
0.03911111111111111,0.01271111111111111,1
0.03972222222222222,0.01271111111111111,1
0.04033333333333333,0.01271111111111111,1
0.04094444444444444,0.01271111111111111,1
0.041555555555555554,0.01271111111111111,1
0.042166666666666665,0.01271111111111111,1
0.042777777777777776,0.01271111111111111,1
0.04338888888888889,0.01271111111111111,1
0.044,0.01271111111111111,1
0.04461111111111111,0.01271111111111111,1
0.04522222222222222,0.01271111111111111,1
0.04583333333333333,0.01271111111111111,1
0.04644444444444444,0.01271111111111111,1
0.04705555555555555,0.01271111111111111,1
0.04766666666666666,0.01271111111111111,1
0.048277777777777774,0.01271111111111111,1
0.048888888888888885,0.01271111111111111,1
0.0495,0.01271111111111111,1
0.05011111111111111,0.01271111111111111,1
0.050722222222222224,0.01271111111111111,1
0.051333333333333335,0.01271111111111111,1
0.051944444444444446,0.01271111111111111,1
0.05255555555555556,0.01271111111111111,1
0.05316666666666667,0.01271111111111111,1
0.05377777777777778,0.01271111111111111,1
0.05438888888888889,0.01271111111111111,1
0.055,0.01271111111111111,1
0.0,0.012955555555555555,1
0.0006111111111111111,0.012955555555555555,1
0.0012222222222222222,0.012955555555555555,1
0.0018333333333333333,0.012955555555555555,1
0.0024444444444444444,0.012955555555555555,1
0.0030555555555555553,0.012955555555555555,1
0.0036666666666666666,0.012955555555555555,1
0.004277777777777778,0.012955555555555555,1
0.004888888888888889,0.012955555555555555,1
0.0055,0.012955555555555555,1
0.0061111111111111106,0.012955555555555555,1
0.006722222222222222,0.012955555555555555,1
0.007333333333333333,0.012955555555555555,1
0.007944444444444445,0.012955555555555555,1
0.008555555555555556,0.012955555555555555,1
0.009166666666666667,0.012955555555555555,1
0.009777777777777778,0.012955555555555555,1
0.010388888888888888,0.012955555555555555,1
0.011,0.012955555555555555,1
0.01161111111111111,0.012955555555555555,1
0.012222222222222221,0.012955555555555555,1
0.012833333333333334,0.012955555555555555,1
0.013444444444444445,0.012955555555555555,1
0.014055555555555556,0.012955555555555555,1
0.014666666666666666,0.012955555555555555,1
0.015277777777777777,0.012955555555555555,1
0.01588888888888889,0.012955555555555555,1
0.0165,0.012955555555555555,1
0.01711111111111111,0.012955555555555555,1
0.017722222222222223,0.012955555555555555,1
0.018333333333333333,0.012955555555555555,1
0.018944444444444444,0.012955555555555555,1
0.019555555555555555,0.012955555555555555,1
0.020166666666666666,0.012955555555555555,1
0.020777777777777777,0.012955555555555555,1
0.021388888888888888,0.012955555555555555,1
0.022,0.012955555555555555,1
0.02261111111111111,0.012955555555555555,1
0.02322222222222222,0.012955555555555555,1
0.02383333333333333,0.012955555555555555,1
0.024444444444444442,0.012955555555555555,1
0.025055555555555557,0.012955555555555555,1
0.025666666666666667,0.012955555555555555,1
0.02627777777777778,0.012955555555555555,1
0.02688888888888889,0.012955555555555555,1
0.0275,0.012955555555555555,1
0.02811111111111111,0.012955555555555555,1
0.028722222222222222,0.012955555555555555,1
0.029333333333333333,0.012955555555555555,1
0.029944444444444444,0.012955555555555555,1
0.030555555555555555,0.012955555555555555,1
0.031166666666666665,0.012955555555555555,1
0.03177777777777778,0.012955555555555555,1
0.03238888888888889,0.012955555555555555,1
0.033,0.012955555555555555,1
0.03361111111111111,0.012955555555555555,1
0.03422222222222222,0.012955555555555555,1
0.034833333333333334,0.012955555555555555,1
0.035444444444444445,0.012955555555555555,1
0.036055555555555556,0.012955555555555555,1
0.03666666666666667,0.012955555555555555,1
0.03727777777777778,0.012955555555555555,1
0.03788888888888889,0.012955555555555555,1
0.0385,0.012955555555555555,1
0.03911111111111111,0.012955555555555555,1
0.03972222222222222,0.012955555555555555,1
0.04033333333333333,0.012955555555555555,1
0.04094444444444444,0.012955555555555555,1
0.041555555555555554,0.012955555555555555,1
0.042166666666666665,0.012955555555555555,1
0.042777777777777776,0.012955555555555555,1
0.04338888888888889,0.012955555555555555,1
0.044,0.012955555555555555,1
0.04461111111111111,0.012955555555555555,1
0.04522222222222222,0.012955555555555555,1
0.04583333333333333,0.012955555555555555,1
0.04644444444444444,0.012955555555555555,1
0.04705555555555555,0.012955555555555555,1
0.04766666666666666,0.012955555555555555,1
0.048277777777777774,0.012955555555555555,1
0.048888888888888885,0.012955555555555555,1
0.0495,0.012955555555555555,1
0.05011111111111111,0.012955555555555555,1
0.050722222222222224,0.012955555555555555,1
0.051333333333333335,0.012955555555555555,1
0.051944444444444446,0.012955555555555555,1
0.05255555555555556,0.012955555555555555,1
0.05316666666666667,0.012955555555555555,1
0.05377777777777778,0.012955555555555555,1
0.05438888888888889,0.012955555555555555,1
0.055,0.012955555555555555,1
0.0,0.0132,1
0.0006111111111111111,0.0132,1
0.0012222222222222222,0.0132,1
0.0018333333333333333,0.0132,1
0.0024444444444444444,0.0132,1
0.0030555555555555553,0.0132,1
0.0036666666666666666,0.0132,1
0.004277777777777778,0.0132,1
0.004888888888888889,0.0132,1
0.0055,0.0132,1
0.0061111111111111106,0.0132,1
0.006722222222222222,0.0132,1
0.007333333333333333,0.0132,1
0.007944444444444445,0.0132,1
0.008555555555555556,0.0132,1
0.009166666666666667,0.0132,1
0.009777777777777778,0.0132,1
0.010388888888888888,0.0132,1
0.011,0.0132,1
0.01161111111111111,0.0132,1
0.012222222222222221,0.0132,1
0.012833333333333334,0.0132,1
0.013444444444444445,0.0132,1
0.014055555555555556,0.0132,1
0.014666666666666666,0.0132,1
0.015277777777777777,0.0132,1
0.01588888888888889,0.0132,1
0.0165,0.0132,1
0.01711111111111111,0.0132,1
0.017722222222222223,0.0132,1
0.018333333333333333,0.0132,1
0.018944444444444444,0.0132,1
0.019555555555555555,0.0132,1
0.020166666666666666,0.0132,1
0.020777777777777777,0.0132,1
0.021388888888888888,0.0132,1
0.022,0.0132,1
0.02261111111111111,0.0132,1
0.02322222222222222,0.0132,1
0.02383333333333333,0.0132,1
0.024444444444444442,0.0132,1
0.025055555555555557,0.0132,1
0.025666666666666667,0.0132,1
0.02627777777777778,0.0132,1
0.02688888888888889,0.0132,1
0.0275,0.0132,1
0.02811111111111111,0.0132,1
0.028722222222222222,0.0132,1
0.029333333333333333,0.0132,1
0.029944444444444444,0.0132,1
0.030555555555555555,0.0132,1
0.031166666666666665,0.0132,1
0.03177777777777778,0.0132,1
0.03238888888888889,0.0132,1
0.033,0.0132,1
0.03361111111111111,0.0132,1
0.03422222222222222,0.0132,1
0.034833333333333334,0.0132,1
0.035444444444444445,0.0132,1
0.036055555555555556,0.0132,1
0.03666666666666667,0.0132,1
0.03727777777777778,0.0132,1
0.03788888888888889,0.0132,1
0.0385,0.0132,1
0.03911111111111111,0.0132,1
0.03972222222222222,0.0132,1
0.04033333333333333,0.0132,1
0.04094444444444444,0.0132,1
0.041555555555555554,0.0132,1
0.042166666666666665,0.0132,1
0.042777777777777776,0.0132,1
0.04338888888888889,0.0132,1
0.044,0.0132,1
0.04461111111111111,0.0132,1
0.04522222222222222,0.0132,1
0.04583333333333333,0.0132,1
0.04644444444444444,0.0132,1
0.04705555555555555,0.0132,1
0.04766666666666666,0.0132,1
0.048277777777777774,0.0132,1
0.048888888888888885,0.0132,1
0.0495,0.0132,1
0.05011111111111111,0.0132,1
0.050722222222222224,0.0132,1
0.051333333333333335,0.0132,1
0.051944444444444446,0.0132,1
0.05255555555555556,0.0132,1
0.05316666666666667,0.0132,1
0.05377777777777778,0.0132,1
0.05438888888888889,0.0132,1
0.055,0.0132,1
0.0,0.013444444444444443,1
0.0006111111111111111,0.013444444444444443,1
0.0012222222222222222,0.013444444444444443,1
0.0018333333333333333,0.013444444444444443,1
0.0024444444444444444,0.013444444444444443,1
0.0030555555555555553,0.013444444444444443,1
0.0036666666666666666,0.013444444444444443,1
0.004277777777777778,0.013444444444444443,1
0.004888888888888889,0.013444444444444443,1
0.0055,0.013444444444444443,1
0.0061111111111111106,0.013444444444444443,1
0.006722222222222222,0.013444444444444443,1
0.007333333333333333,0.013444444444444443,1
0.007944444444444445,0.013444444444444443,1
0.008555555555555556,0.013444444444444443,1
0.009166666666666667,0.013444444444444443,1
0.009777777777777778,0.013444444444444443,1
0.010388888888888888,0.013444444444444443,1
0.011,0.013444444444444443,1
0.01161111111111111,0.013444444444444443,1
0.012222222222222221,0.013444444444444443,1
0.012833333333333334,0.013444444444444443,1
0.013444444444444445,0.013444444444444443,1
0.014055555555555556,0.013444444444444443,1
0.014666666666666666,0.013444444444444443,1
0.015277777777777777,0.013444444444444443,1
0.01588888888888889,0.013444444444444443,1
0.0165,0.013444444444444443,1
0.01711111111111111,0.013444444444444443,1
0.017722222222222223,0.013444444444444443,1
0.018333333333333333,0.013444444444444443,1
0.018944444444444444,0.013444444444444443,1
0.019555555555555555,0.013444444444444443,1
0.020166666666666666,0.013444444444444443,1
0.020777777777777777,0.013444444444444443,1
0.021388888888888888,0.013444444444444443,1
0.022,0.013444444444444443,1
0.02261111111111111,0.013444444444444443,1
0.02322222222222222,0.013444444444444443,1
0.02383333333333333,0.013444444444444443,1
0.024444444444444442,0.013444444444444443,1
0.025055555555555557,0.013444444444444443,1
0.025666666666666667,0.013444444444444443,1
0.02627777777777778,0.013444444444444443,1
0.02688888888888889,0.013444444444444443,1
0.0275,0.013444444444444443,1
0.02811111111111111,0.013444444444444443,1
0.028722222222222222,0.013444444444444443,1
0.029333333333333333,0.013444444444444443,1
0.029944444444444444,0.013444444444444443,1
0.030555555555555555,0.013444444444444443,1
0.031166666666666665,0.013444444444444443,1
0.03177777777777778,0.013444444444444443,1
0.03238888888888889,0.013444444444444443,1
0.033,0.013444444444444443,1
0.03361111111111111,0.013444444444444443,1
0.03422222222222222,0.013444444444444443,1
0.034833333333333334,0.013444444444444443,1
0.035444444444444445,0.013444444444444443,1
0.036055555555555556,0.013444444444444443,1
0.03666666666666667,0.013444444444444443,1
0.03727777777777778,0.013444444444444443,1
0.03788888888888889,0.013444444444444443,1
0.0385,0.013444444444444443,1
0.03911111111111111,0.013444444444444443,1
0.03972222222222222,0.013444444444444443,1
0.04033333333333333,0.013444444444444443,1
0.04094444444444444,0.013444444444444443,1
0.041555555555555554,0.013444444444444443,1
0.042166666666666665,0.013444444444444443,1
0.042777777777777776,0.013444444444444443,1
0.04338888888888889,0.013444444444444443,1
0.044,0.013444444444444443,1
0.04461111111111111,0.013444444444444443,1
0.04522222222222222,0.013444444444444443,1
0.04583333333333333,0.013444444444444443,1
0.04644444444444444,0.013444444444444443,1
0.04705555555555555,0.013444444444444443,1
0.04766666666666666,0.013444444444444443,1
0.048277777777777774,0.013444444444444443,1
0.048888888888888885,0.013444444444444443,1
0.0495,0.013444444444444443,1
0.05011111111111111,0.013444444444444443,1
0.050722222222222224,0.013444444444444443,1
0.051333333333333335,0.013444444444444443,1
0.051944444444444446,0.013444444444444443,1
0.05255555555555556,0.013444444444444443,1
0.05316666666666667,0.013444444444444443,1
0.05377777777777778,0.013444444444444443,1
0.05438888888888889,0.013444444444444443,1
0.055,0.013444444444444443,1
0.0,0.013688888888888888,1
0.0006111111111111111,0.013688888888888888,1
0.0012222222222222222,0.013688888888888888,1
0.0018333333333333333,0.013688888888888888,1
0.0024444444444444444,0.013688888888888888,1
0.0030555555555555553,0.013688888888888888,1
0.0036666666666666666,0.013688888888888888,1
0.004277777777777778,0.013688888888888888,1
0.004888888888888889,0.013688888888888888,1
0.0055,0.013688888888888888,1
0.0061111111111111106,0.013688888888888888,1
0.006722222222222222,0.013688888888888888,1
0.007333333333333333,0.013688888888888888,1
0.007944444444444445,0.013688888888888888,1
0.008555555555555556,0.013688888888888888,1
0.009166666666666667,0.013688888888888888,1
0.009777777777777778,0.013688888888888888,1
0.010388888888888888,0.013688888888888888,1
0.011,0.013688888888888888,1
0.01161111111111111,0.013688888888888888,1
0.012222222222222221,0.013688888888888888,1
0.012833333333333334,0.013688888888888888,1
0.013444444444444445,0.013688888888888888,1
0.014055555555555556,0.013688888888888888,1
0.014666666666666666,0.013688888888888888,1
0.015277777777777777,0.013688888888888888,1
0.01588888888888889,0.013688888888888888,1
0.0165,0.013688888888888888,1
0.01711111111111111,0.013688888888888888,1
0.017722222222222223,0.013688888888888888,1
0.018333333333333333,0.013688888888888888,1
0.018944444444444444,0.013688888888888888,1
0.019555555555555555,0.013688888888888888,1
0.020166666666666666,0.013688888888888888,1
0.020777777777777777,0.013688888888888888,1
0.021388888888888888,0.013688888888888888,1
0.022,0.013688888888888888,1
0.02261111111111111,0.013688888888888888,1
0.02322222222222222,0.013688888888888888,1
0.02383333333333333,0.013688888888888888,1
0.024444444444444442,0.013688888888888888,1
0.025055555555555557,0.013688888888888888,1
0.025666666666666667,0.013688888888888888,1
0.02627777777777778,0.013688888888888888,1
0.02688888888888889,0.013688888888888888,1
0.0275,0.013688888888888888,1
0.02811111111111111,0.013688888888888888,1
0.028722222222222222,0.013688888888888888,1
0.029333333333333333,0.013688888888888888,1
0.029944444444444444,0.013688888888888888,1
0.030555555555555555,0.013688888888888888,1
0.031166666666666665,0.013688888888888888,1
0.03177777777777778,0.013688888888888888,1
0.03238888888888889,0.013688888888888888,1
0.033,0.013688888888888888,1
0.03361111111111111,0.013688888888888888,1
0.03422222222222222,0.013688888888888888,1
0.034833333333333334,0.013688888888888888,1
0.035444444444444445,0.013688888888888888,1
0.036055555555555556,0.013688888888888888,1
0.03666666666666667,0.013688888888888888,1
0.03727777777777778,0.013688888888888888,1
0.03788888888888889,0.013688888888888888,1
0.0385,0.013688888888888888,1
0.03911111111111111,0.013688888888888888,1
0.03972222222222222,0.013688888888888888,1
0.04033333333333333,0.013688888888888888,1
0.04094444444444444,0.013688888888888888,1
0.041555555555555554,0.013688888888888888,1
0.042166666666666665,0.013688888888888888,1
0.042777777777777776,0.013688888888888888,1
0.04338888888888889,0.013688888888888888,1
0.044,0.013688888888888888,1
0.04461111111111111,0.013688888888888888,1
0.04522222222222222,0.013688888888888888,1
0.04583333333333333,0.013688888888888888,1
0.04644444444444444,0.013688888888888888,1
0.04705555555555555,0.013688888888888888,1
0.04766666666666666,0.013688888888888888,1
0.048277777777777774,0.013688888888888888,1
0.048888888888888885,0.013688888888888888,1
0.0495,0.013688888888888888,1
0.05011111111111111,0.013688888888888888,1
0.050722222222222224,0.013688888888888888,1
0.051333333333333335,0.013688888888888888,1
0.051944444444444446,0.013688888888888888,1
0.05255555555555556,0.013688888888888888,1
0.05316666666666667,0.013688888888888888,1
0.05377777777777778,0.013688888888888888,1
0.05438888888888889,0.013688888888888888,1
0.055,0.013688888888888888,1
0.0,0.013933333333333332,1
0.0006111111111111111,0.013933333333333332,1
0.0012222222222222222,0.013933333333333332,1
0.0018333333333333333,0.013933333333333332,1
0.0024444444444444444,0.013933333333333332,1
0.0030555555555555553,0.013933333333333332,1
0.0036666666666666666,0.013933333333333332,1
0.004277777777777778,0.013933333333333332,1
0.004888888888888889,0.013933333333333332,1
0.0055,0.013933333333333332,1
0.0061111111111111106,0.013933333333333332,1
0.006722222222222222,0.013933333333333332,1
0.007333333333333333,0.013933333333333332,1
0.007944444444444445,0.013933333333333332,1
0.008555555555555556,0.013933333333333332,1
0.009166666666666667,0.013933333333333332,1
0.009777777777777778,0.013933333333333332,1
0.010388888888888888,0.013933333333333332,1
0.011,0.013933333333333332,1
0.01161111111111111,0.013933333333333332,1
0.012222222222222221,0.013933333333333332,1
0.012833333333333334,0.013933333333333332,1
0.013444444444444445,0.013933333333333332,1
0.014055555555555556,0.013933333333333332,1
0.014666666666666666,0.013933333333333332,1
0.015277777777777777,0.013933333333333332,1
0.01588888888888889,0.013933333333333332,1
0.0165,0.013933333333333332,1
0.01711111111111111,0.013933333333333332,1
0.017722222222222223,0.013933333333333332,1
0.018333333333333333,0.013933333333333332,1
0.018944444444444444,0.013933333333333332,1
0.019555555555555555,0.013933333333333332,1
0.020166666666666666,0.013933333333333332,1
0.020777777777777777,0.013933333333333332,1
0.021388888888888888,0.013933333333333332,1
0.022,0.013933333333333332,1
0.02261111111111111,0.013933333333333332,1
0.02322222222222222,0.013933333333333332,1
0.02383333333333333,0.013933333333333332,1
0.024444444444444442,0.013933333333333332,1
0.025055555555555557,0.013933333333333332,1
0.025666666666666667,0.013933333333333332,1
0.02627777777777778,0.013933333333333332,1
0.02688888888888889,0.013933333333333332,1
0.0275,0.013933333333333332,1
0.02811111111111111,0.013933333333333332,1
0.028722222222222222,0.013933333333333332,1
0.029333333333333333,0.013933333333333332,1
0.029944444444444444,0.013933333333333332,1
0.030555555555555555,0.013933333333333332,1
0.031166666666666665,0.013933333333333332,1
0.03177777777777778,0.013933333333333332,1
0.03238888888888889,0.013933333333333332,1
0.033,0.013933333333333332,1
0.03361111111111111,0.013933333333333332,1
0.03422222222222222,0.013933333333333332,1
0.034833333333333334,0.013933333333333332,1
0.035444444444444445,0.013933333333333332,1
0.036055555555555556,0.013933333333333332,1
0.03666666666666667,0.013933333333333332,1
0.03727777777777778,0.013933333333333332,1
0.03788888888888889,0.013933333333333332,1
0.0385,0.013933333333333332,1
0.03911111111111111,0.013933333333333332,1
0.03972222222222222,0.013933333333333332,1
0.04033333333333333,0.013933333333333332,1
0.04094444444444444,0.013933333333333332,1
0.041555555555555554,0.013933333333333332,1
0.042166666666666665,0.013933333333333332,1
0.042777777777777776,0.013933333333333332,1
0.04338888888888889,0.013933333333333332,1
0.044,0.013933333333333332,1
0.04461111111111111,0.013933333333333332,1
0.04522222222222222,0.013933333333333332,1
0.04583333333333333,0.013933333333333332,1
0.04644444444444444,0.013933333333333332,1
0.04705555555555555,0.013933333333333332,1
0.04766666666666666,0.013933333333333332,1
0.048277777777777774,0.013933333333333332,1
0.048888888888888885,0.013933333333333332,1
0.0495,0.013933333333333332,1
0.05011111111111111,0.013933333333333332,1
0.050722222222222224,0.013933333333333332,1
0.051333333333333335,0.013933333333333332,1
0.051944444444444446,0.013933333333333332,1
0.05255555555555556,0.013933333333333332,1
0.05316666666666667,0.013933333333333332,1
0.05377777777777778,0.013933333333333332,1
0.05438888888888889,0.013933333333333332,1
0.055,0.013933333333333332,1
0.0,0.014177777777777777,1
0.0006111111111111111,0.014177777777777777,1
0.0012222222222222222,0.014177777777777777,1
0.0018333333333333333,0.014177777777777777,1
0.0024444444444444444,0.014177777777777777,1
0.0030555555555555553,0.014177777777777777,1
0.0036666666666666666,0.014177777777777777,1
0.004277777777777778,0.014177777777777777,1
0.004888888888888889,0.014177777777777777,1
0.0055,0.014177777777777777,1
0.0061111111111111106,0.014177777777777777,1
0.006722222222222222,0.014177777777777777,1
0.007333333333333333,0.014177777777777777,1
0.007944444444444445,0.014177777777777777,1
0.008555555555555556,0.014177777777777777,1
0.009166666666666667,0.014177777777777777,1
0.009777777777777778,0.014177777777777777,1
0.010388888888888888,0.014177777777777777,1
0.011,0.014177777777777777,1
0.01161111111111111,0.014177777777777777,1
0.012222222222222221,0.014177777777777777,1
0.012833333333333334,0.014177777777777777,1
0.013444444444444445,0.014177777777777777,1
0.014055555555555556,0.014177777777777777,1
0.014666666666666666,0.014177777777777777,1
0.015277777777777777,0.014177777777777777,1
0.01588888888888889,0.014177777777777777,1
0.0165,0.014177777777777777,1
0.01711111111111111,0.014177777777777777,1
0.017722222222222223,0.014177777777777777,1
0.018333333333333333,0.014177777777777777,1
0.018944444444444444,0.014177777777777777,1
0.019555555555555555,0.014177777777777777,1
0.020166666666666666,0.014177777777777777,1
0.020777777777777777,0.014177777777777777,1
0.021388888888888888,0.014177777777777777,1
0.022,0.014177777777777777,1
0.02261111111111111,0.014177777777777777,1
0.02322222222222222,0.014177777777777777,1
0.02383333333333333,0.014177777777777777,1
0.024444444444444442,0.014177777777777777,1
0.025055555555555557,0.014177777777777777,1
0.025666666666666667,0.014177777777777777,1
0.02627777777777778,0.014177777777777777,1
0.02688888888888889,0.014177777777777777,1
0.0275,0.014177777777777777,1
0.02811111111111111,0.014177777777777777,1
0.028722222222222222,0.014177777777777777,1
0.029333333333333333,0.014177777777777777,1
0.029944444444444444,0.014177777777777777,1
0.030555555555555555,0.014177777777777777,1
0.031166666666666665,0.014177777777777777,1
0.03177777777777778,0.014177777777777777,1
0.03238888888888889,0.014177777777777777,1
0.033,0.014177777777777777,1
0.03361111111111111,0.014177777777777777,1
0.03422222222222222,0.014177777777777777,1
0.034833333333333334,0.014177777777777777,1
0.035444444444444445,0.014177777777777777,1
0.036055555555555556,0.014177777777777777,1
0.03666666666666667,0.014177777777777777,1
0.03727777777777778,0.014177777777777777,1
0.03788888888888889,0.014177777777777777,1
0.0385,0.014177777777777777,1
0.03911111111111111,0.014177777777777777,1
0.03972222222222222,0.014177777777777777,1
0.04033333333333333,0.014177777777777777,1
0.04094444444444444,0.014177777777777777,1
0.041555555555555554,0.014177777777777777,1
0.042166666666666665,0.014177777777777777,1
0.042777777777777776,0.014177777777777777,1
0.04338888888888889,0.014177777777777777,1
0.044,0.014177777777777777,1
0.04461111111111111,0.014177777777777777,1
0.04522222222222222,0.014177777777777777,1
0.04583333333333333,0.014177777777777777,1
0.04644444444444444,0.014177777777777777,1
0.04705555555555555,0.014177777777777777,1
0.04766666666666666,0.014177777777777777,1
0.048277777777777774,0.014177777777777777,1
0.048888888888888885,0.014177777777777777,1
0.0495,0.014177777777777777,1
0.05011111111111111,0.014177777777777777,1
0.050722222222222224,0.014177777777777777,1
0.051333333333333335,0.014177777777777777,1
0.051944444444444446,0.014177777777777777,1
0.05255555555555556,0.014177777777777777,1
0.05316666666666667,0.014177777777777777,1
0.05377777777777778,0.014177777777777777,1
0.05438888888888889,0.014177777777777777,1
0.055,0.014177777777777777,1
0.0,0.014422222222222222,1
0.0006111111111111111,0.014422222222222222,1
0.0012222222222222222,0.014422222222222222,1
0.0018333333333333333,0.014422222222222222,1
0.0024444444444444444,0.014422222222222222,1
0.0030555555555555553,0.014422222222222222,1
0.0036666666666666666,0.014422222222222222,1
0.004277777777777778,0.014422222222222222,1
0.004888888888888889,0.014422222222222222,1
0.0055,0.014422222222222222,1
0.0061111111111111106,0.014422222222222222,1
0.006722222222222222,0.014422222222222222,1
0.007333333333333333,0.014422222222222222,1
0.007944444444444445,0.014422222222222222,1
0.008555555555555556,0.014422222222222222,1
0.009166666666666667,0.014422222222222222,1
0.009777777777777778,0.014422222222222222,1
0.010388888888888888,0.014422222222222222,1
0.011,0.014422222222222222,1
0.01161111111111111,0.014422222222222222,1
0.012222222222222221,0.014422222222222222,1
0.012833333333333334,0.014422222222222222,1
0.013444444444444445,0.014422222222222222,1
0.014055555555555556,0.014422222222222222,1
0.014666666666666666,0.014422222222222222,1
0.015277777777777777,0.014422222222222222,1
0.01588888888888889,0.014422222222222222,1
0.0165,0.014422222222222222,1
0.01711111111111111,0.014422222222222222,1
0.017722222222222223,0.014422222222222222,1
0.018333333333333333,0.014422222222222222,1
0.018944444444444444,0.014422222222222222,1
0.019555555555555555,0.014422222222222222,1
0.020166666666666666,0.014422222222222222,1
0.020777777777777777,0.014422222222222222,1
0.021388888888888888,0.014422222222222222,1
0.022,0.014422222222222222,1
0.02261111111111111,0.014422222222222222,1
0.02322222222222222,0.014422222222222222,1
0.02383333333333333,0.014422222222222222,1
0.024444444444444442,0.014422222222222222,1
0.025055555555555557,0.014422222222222222,1
0.025666666666666667,0.014422222222222222,1
0.02627777777777778,0.014422222222222222,1
0.02688888888888889,0.014422222222222222,1
0.0275,0.014422222222222222,1
0.02811111111111111,0.014422222222222222,1
0.028722222222222222,0.014422222222222222,1
0.029333333333333333,0.014422222222222222,1
0.029944444444444444,0.014422222222222222,1
0.030555555555555555,0.014422222222222222,1
0.031166666666666665,0.014422222222222222,1
0.03177777777777778,0.014422222222222222,1
0.03238888888888889,0.014422222222222222,1
0.033,0.014422222222222222,1
0.03361111111111111,0.014422222222222222,1
0.03422222222222222,0.014422222222222222,1
0.034833333333333334,0.014422222222222222,1
0.035444444444444445,0.014422222222222222,1
0.036055555555555556,0.014422222222222222,1
0.03666666666666667,0.014422222222222222,1
0.03727777777777778,0.014422222222222222,1
0.03788888888888889,0.014422222222222222,1
0.0385,0.014422222222222222,1
0.03911111111111111,0.014422222222222222,1
0.03972222222222222,0.014422222222222222,1
0.04033333333333333,0.014422222222222222,1
0.04094444444444444,0.014422222222222222,1
0.041555555555555554,0.014422222222222222,1
0.042166666666666665,0.014422222222222222,1
0.042777777777777776,0.014422222222222222,1
0.04338888888888889,0.014422222222222222,1
0.044,0.014422222222222222,1
0.04461111111111111,0.014422222222222222,1
0.04522222222222222,0.014422222222222222,1
0.04583333333333333,0.014422222222222222,1
0.04644444444444444,0.014422222222222222,1
0.04705555555555555,0.014422222222222222,1
0.04766666666666666,0.014422222222222222,1
0.048277777777777774,0.014422222222222222,1
0.048888888888888885,0.014422222222222222,1
0.0495,0.014422222222222222,1
0.05011111111111111,0.014422222222222222,1
0.050722222222222224,0.014422222222222222,1
0.051333333333333335,0.014422222222222222,1
0.051944444444444446,0.014422222222222222,1
0.05255555555555556,0.014422222222222222,1
0.05316666666666667,0.014422222222222222,1
0.05377777777777778,0.014422222222222222,1
0.05438888888888889,0.014422222222222222,1
0.055,0.014422222222222222,1
0.0,0.014666666666666666,1
0.0006111111111111111,0.014666666666666666,1
0.0012222222222222222,0.014666666666666666,1
0.0018333333333333333,0.014666666666666666,1
0.0024444444444444444,0.014666666666666666,1
0.0030555555555555553,0.014666666666666666,1
0.0036666666666666666,0.014666666666666666,1
0.004277777777777778,0.014666666666666666,1
0.004888888888888889,0.014666666666666666,1
0.0055,0.014666666666666666,1
0.0061111111111111106,0.014666666666666666,1
0.006722222222222222,0.014666666666666666,1
0.007333333333333333,0.014666666666666666,1
0.007944444444444445,0.014666666666666666,1
0.008555555555555556,0.014666666666666666,1
0.009166666666666667,0.014666666666666666,1
0.009777777777777778,0.014666666666666666,1
0.010388888888888888,0.014666666666666666,1
0.011,0.014666666666666666,1
0.01161111111111111,0.014666666666666666,1
0.012222222222222221,0.014666666666666666,1
0.012833333333333334,0.014666666666666666,1
0.013444444444444445,0.014666666666666666,1
0.014055555555555556,0.014666666666666666,1
0.014666666666666666,0.014666666666666666,1
0.015277777777777777,0.014666666666666666,1
0.01588888888888889,0.014666666666666666,1
0.0165,0.014666666666666666,1
0.01711111111111111,0.014666666666666666,1
0.017722222222222223,0.014666666666666666,1
0.018333333333333333,0.014666666666666666,1
0.018944444444444444,0.014666666666666666,1
0.019555555555555555,0.014666666666666666,1
0.020166666666666666,0.014666666666666666,1
0.020777777777777777,0.014666666666666666,1
0.021388888888888888,0.014666666666666666,1
0.022,0.014666666666666666,1
0.02261111111111111,0.014666666666666666,1
0.02322222222222222,0.014666666666666666,1
0.02383333333333333,0.014666666666666666,1
0.024444444444444442,0.014666666666666666,1
0.025055555555555557,0.014666666666666666,1
0.025666666666666667,0.014666666666666666,1
0.02627777777777778,0.014666666666666666,1
0.02688888888888889,0.014666666666666666,1
0.0275,0.014666666666666666,1
0.02811111111111111,0.014666666666666666,1
0.028722222222222222,0.014666666666666666,1
0.029333333333333333,0.014666666666666666,1
0.029944444444444444,0.014666666666666666,1
0.030555555555555555,0.014666666666666666,1
0.031166666666666665,0.014666666666666666,1
0.03177777777777778,0.014666666666666666,1
0.03238888888888889,0.014666666666666666,1
0.033,0.014666666666666666,1
0.03361111111111111,0.014666666666666666,1
0.03422222222222222,0.014666666666666666,1
0.034833333333333334,0.014666666666666666,1
0.035444444444444445,0.014666666666666666,1
0.036055555555555556,0.014666666666666666,1
0.03666666666666667,0.014666666666666666,1
0.03727777777777778,0.014666666666666666,1
0.03788888888888889,0.014666666666666666,1
0.0385,0.014666666666666666,1
0.03911111111111111,0.014666666666666666,1
0.03972222222222222,0.014666666666666666,1
0.04033333333333333,0.014666666666666666,1
0.04094444444444444,0.014666666666666666,1
0.041555555555555554,0.014666666666666666,1
0.042166666666666665,0.014666666666666666,1
0.042777777777777776,0.014666666666666666,1
0.04338888888888889,0.014666666666666666,1
0.044,0.014666666666666666,1
0.04461111111111111,0.014666666666666666,1
0.04522222222222222,0.014666666666666666,1
0.04583333333333333,0.014666666666666666,1
0.04644444444444444,0.014666666666666666,1
0.04705555555555555,0.014666666666666666,1
0.04766666666666666,0.014666666666666666,1
0.048277777777777774,0.014666666666666666,1
0.048888888888888885,0.014666666666666666,1
0.0495,0.014666666666666666,1
0.05011111111111111,0.014666666666666666,1
0.050722222222222224,0.014666666666666666,1
0.051333333333333335,0.014666666666666666,1
0.051944444444444446,0.014666666666666666,1
0.05255555555555556,0.014666666666666666,1
0.05316666666666667,0.014666666666666666,1
0.05377777777777778,0.014666666666666666,1
0.05438888888888889,0.014666666666666666,1
0.055,0.014666666666666666,1
0.0,0.01491111111111111,1
0.0006111111111111111,0.01491111111111111,1
0.0012222222222222222,0.01491111111111111,1
0.0018333333333333333,0.01491111111111111,1
0.0024444444444444444,0.01491111111111111,1
0.0030555555555555553,0.01491111111111111,1
0.0036666666666666666,0.01491111111111111,1
0.004277777777777778,0.01491111111111111,1
0.004888888888888889,0.01491111111111111,1
0.0055,0.01491111111111111,1
0.0061111111111111106,0.01491111111111111,1
0.006722222222222222,0.01491111111111111,1
0.007333333333333333,0.01491111111111111,1
0.007944444444444445,0.01491111111111111,1
0.008555555555555556,0.01491111111111111,1
0.009166666666666667,0.01491111111111111,1
0.009777777777777778,0.01491111111111111,1
0.010388888888888888,0.01491111111111111,1
0.011,0.01491111111111111,1
0.01161111111111111,0.01491111111111111,1
0.012222222222222221,0.01491111111111111,1
0.012833333333333334,0.01491111111111111,1
0.013444444444444445,0.01491111111111111,1
0.014055555555555556,0.01491111111111111,1
0.014666666666666666,0.01491111111111111,1
0.015277777777777777,0.01491111111111111,1
0.01588888888888889,0.01491111111111111,1
0.0165,0.01491111111111111,1
0.01711111111111111,0.01491111111111111,1
0.017722222222222223,0.01491111111111111,1
0.018333333333333333,0.01491111111111111,1
0.018944444444444444,0.01491111111111111,1
0.019555555555555555,0.01491111111111111,1
0.020166666666666666,0.01491111111111111,1
0.020777777777777777,0.01491111111111111,1
0.021388888888888888,0.01491111111111111,1
0.022,0.01491111111111111,1
0.02261111111111111,0.01491111111111111,1
0.02322222222222222,0.01491111111111111,1
0.02383333333333333,0.01491111111111111,1
0.024444444444444442,0.01491111111111111,1
0.025055555555555557,0.01491111111111111,1
0.025666666666666667,0.01491111111111111,1
0.02627777777777778,0.01491111111111111,1
0.02688888888888889,0.01491111111111111,1
0.0275,0.01491111111111111,1
0.02811111111111111,0.01491111111111111,1
0.028722222222222222,0.01491111111111111,1
0.029333333333333333,0.01491111111111111,1
0.029944444444444444,0.01491111111111111,1
0.030555555555555555,0.01491111111111111,1
0.031166666666666665,0.01491111111111111,1
0.03177777777777778,0.01491111111111111,1
0.03238888888888889,0.01491111111111111,1
0.033,0.01491111111111111,1
0.03361111111111111,0.01491111111111111,1
0.03422222222222222,0.01491111111111111,1
0.034833333333333334,0.01491111111111111,1
0.035444444444444445,0.01491111111111111,1
0.036055555555555556,0.01491111111111111,1
0.03666666666666667,0.01491111111111111,1
0.03727777777777778,0.01491111111111111,1
0.03788888888888889,0.01491111111111111,1
0.0385,0.01491111111111111,1
0.03911111111111111,0.01491111111111111,1
0.03972222222222222,0.01491111111111111,1
0.04033333333333333,0.01491111111111111,1
0.04094444444444444,0.01491111111111111,1
0.041555555555555554,0.01491111111111111,1
0.042166666666666665,0.01491111111111111,1
0.042777777777777776,0.01491111111111111,1
0.04338888888888889,0.01491111111111111,1
0.044,0.01491111111111111,1
0.04461111111111111,0.01491111111111111,1
0.04522222222222222,0.01491111111111111,1
0.04583333333333333,0.01491111111111111,1
0.04644444444444444,0.01491111111111111,1
0.04705555555555555,0.01491111111111111,1
0.04766666666666666,0.01491111111111111,1
0.048277777777777774,0.01491111111111111,1
0.048888888888888885,0.01491111111111111,1
0.0495,0.01491111111111111,1
0.05011111111111111,0.01491111111111111,1
0.050722222222222224,0.01491111111111111,1
0.051333333333333335,0.01491111111111111,1
0.051944444444444446,0.01491111111111111,1
0.05255555555555556,0.01491111111111111,1
0.05316666666666667,0.01491111111111111,1
0.05377777777777778,0.01491111111111111,1
0.05438888888888889,0.01491111111111111,1
0.055,0.01491111111111111,1
0.0,0.015155555555555554,1
0.0006111111111111111,0.015155555555555554,1
0.0012222222222222222,0.015155555555555554,1
0.0018333333333333333,0.015155555555555554,1
0.0024444444444444444,0.015155555555555554,1
0.0030555555555555553,0.015155555555555554,1
0.0036666666666666666,0.015155555555555554,1
0.004277777777777778,0.015155555555555554,1
0.004888888888888889,0.015155555555555554,1
0.0055,0.015155555555555554,1
0.0061111111111111106,0.015155555555555554,1
0.006722222222222222,0.015155555555555554,1
0.007333333333333333,0.015155555555555554,1
0.007944444444444445,0.015155555555555554,1
0.008555555555555556,0.015155555555555554,1
0.009166666666666667,0.015155555555555554,1
0.009777777777777778,0.015155555555555554,1
0.010388888888888888,0.015155555555555554,1
0.011,0.015155555555555554,1
0.01161111111111111,0.015155555555555554,1
0.012222222222222221,0.015155555555555554,1
0.012833333333333334,0.015155555555555554,1
0.013444444444444445,0.015155555555555554,1
0.014055555555555556,0.015155555555555554,1
0.014666666666666666,0.015155555555555554,1
0.015277777777777777,0.015155555555555554,1
0.01588888888888889,0.015155555555555554,1
0.0165,0.015155555555555554,1
0.01711111111111111,0.015155555555555554,1
0.017722222222222223,0.015155555555555554,1
0.018333333333333333,0.015155555555555554,1
0.018944444444444444,0.015155555555555554,1
0.019555555555555555,0.015155555555555554,1
0.020166666666666666,0.015155555555555554,1
0.020777777777777777,0.015155555555555554,1
0.021388888888888888,0.015155555555555554,1
0.022,0.015155555555555554,1
0.02261111111111111,0.015155555555555554,1
0.02322222222222222,0.015155555555555554,1
0.02383333333333333,0.015155555555555554,1
0.024444444444444442,0.015155555555555554,1
0.025055555555555557,0.015155555555555554,1
0.025666666666666667,0.015155555555555554,1
0.02627777777777778,0.015155555555555554,1
0.02688888888888889,0.015155555555555554,1
0.0275,0.015155555555555554,1
0.02811111111111111,0.015155555555555554,1
0.028722222222222222,0.015155555555555554,1
0.029333333333333333,0.015155555555555554,1
0.029944444444444444,0.015155555555555554,1
0.030555555555555555,0.015155555555555554,1
0.031166666666666665,0.015155555555555554,1
0.03177777777777778,0.015155555555555554,1
0.03238888888888889,0.015155555555555554,1
0.033,0.015155555555555554,1
0.03361111111111111,0.015155555555555554,1
0.03422222222222222,0.015155555555555554,1
0.034833333333333334,0.015155555555555554,1
0.035444444444444445,0.015155555555555554,1
0.036055555555555556,0.015155555555555554,1
0.03666666666666667,0.015155555555555554,1
0.03727777777777778,0.015155555555555554,1
0.03788888888888889,0.015155555555555554,1
0.0385,0.015155555555555554,1
0.03911111111111111,0.015155555555555554,1
0.03972222222222222,0.015155555555555554,1
0.04033333333333333,0.015155555555555554,1
0.04094444444444444,0.015155555555555554,1
0.041555555555555554,0.015155555555555554,1
0.042166666666666665,0.015155555555555554,1
0.042777777777777776,0.015155555555555554,1
0.04338888888888889,0.015155555555555554,1
0.044,0.015155555555555554,1
0.04461111111111111,0.015155555555555554,1
0.04522222222222222,0.015155555555555554,1
0.04583333333333333,0.015155555555555554,1
0.04644444444444444,0.015155555555555554,1
0.04705555555555555,0.015155555555555554,1
0.04766666666666666,0.015155555555555554,1
0.048277777777777774,0.015155555555555554,1
0.048888888888888885,0.015155555555555554,1
0.0495,0.015155555555555554,1
0.05011111111111111,0.015155555555555554,1
0.050722222222222224,0.015155555555555554,1
0.051333333333333335,0.015155555555555554,1
0.051944444444444446,0.015155555555555554,1
0.05255555555555556,0.015155555555555554,1
0.05316666666666667,0.015155555555555554,1
0.05377777777777778,0.015155555555555554,1
0.05438888888888889,0.015155555555555554,1
0.055,0.015155555555555554,1
0.0,0.015399999999999999,1
0.0006111111111111111,0.015399999999999999,1
0.0012222222222222222,0.015399999999999999,1
0.0018333333333333333,0.015399999999999999,1
0.0024444444444444444,0.015399999999999999,1
0.0030555555555555553,0.015399999999999999,1
0.0036666666666666666,0.015399999999999999,1
0.004277777777777778,0.015399999999999999,1
0.004888888888888889,0.015399999999999999,1
0.0055,0.015399999999999999,1
0.0061111111111111106,0.015399999999999999,1
0.006722222222222222,0.015399999999999999,1
0.007333333333333333,0.015399999999999999,1
0.007944444444444445,0.015399999999999999,1
0.008555555555555556,0.015399999999999999,1
0.009166666666666667,0.015399999999999999,1
0.009777777777777778,0.015399999999999999,1
0.010388888888888888,0.015399999999999999,1
0.011,0.015399999999999999,1
0.01161111111111111,0.015399999999999999,1
0.012222222222222221,0.015399999999999999,1
0.012833333333333334,0.015399999999999999,1
0.013444444444444445,0.015399999999999999,1
0.014055555555555556,0.015399999999999999,1
0.014666666666666666,0.015399999999999999,1
0.015277777777777777,0.015399999999999999,1
0.01588888888888889,0.015399999999999999,1
0.0165,0.015399999999999999,1
0.01711111111111111,0.015399999999999999,1
0.017722222222222223,0.015399999999999999,1
0.018333333333333333,0.015399999999999999,1
0.018944444444444444,0.015399999999999999,1
0.019555555555555555,0.015399999999999999,1
0.020166666666666666,0.015399999999999999,1
0.020777777777777777,0.015399999999999999,1
0.021388888888888888,0.015399999999999999,1
0.022,0.015399999999999999,1
0.02261111111111111,0.015399999999999999,1
0.02322222222222222,0.015399999999999999,1
0.02383333333333333,0.015399999999999999,1
0.024444444444444442,0.015399999999999999,1
0.025055555555555557,0.015399999999999999,1
0.025666666666666667,0.015399999999999999,1
0.02627777777777778,0.015399999999999999,1
0.02688888888888889,0.015399999999999999,1
0.0275,0.015399999999999999,1
0.02811111111111111,0.015399999999999999,1
0.028722222222222222,0.015399999999999999,1
0.029333333333333333,0.015399999999999999,1
0.029944444444444444,0.015399999999999999,1
0.030555555555555555,0.015399999999999999,1
0.031166666666666665,0.015399999999999999,1
0.03177777777777778,0.015399999999999999,1
0.03238888888888889,0.015399999999999999,1
0.033,0.015399999999999999,1
0.03361111111111111,0.015399999999999999,1
0.03422222222222222,0.015399999999999999,1
0.034833333333333334,0.015399999999999999,1
0.035444444444444445,0.015399999999999999,1
0.036055555555555556,0.015399999999999999,1
0.03666666666666667,0.015399999999999999,1
0.03727777777777778,0.015399999999999999,1
0.03788888888888889,0.015399999999999999,1
0.0385,0.015399999999999999,1
0.03911111111111111,0.015399999999999999,1
0.03972222222222222,0.015399999999999999,1
0.04033333333333333,0.015399999999999999,1
0.04094444444444444,0.015399999999999999,1
0.041555555555555554,0.015399999999999999,1
0.042166666666666665,0.015399999999999999,1
0.042777777777777776,0.015399999999999999,1
0.04338888888888889,0.015399999999999999,1
0.044,0.015399999999999999,1
0.04461111111111111,0.015399999999999999,1
0.04522222222222222,0.015399999999999999,1
0.04583333333333333,0.015399999999999999,1
0.04644444444444444,0.015399999999999999,1
0.04705555555555555,0.015399999999999999,1
0.04766666666666666,0.015399999999999999,1
0.048277777777777774,0.015399999999999999,1
0.048888888888888885,0.015399999999999999,1
0.0495,0.015399999999999999,1
0.05011111111111111,0.015399999999999999,1
0.050722222222222224,0.015399999999999999,1
0.051333333333333335,0.015399999999999999,1
0.051944444444444446,0.015399999999999999,1
0.05255555555555556,0.015399999999999999,1
0.05316666666666667,0.015399999999999999,1
0.05377777777777778,0.015399999999999999,1
0.05438888888888889,0.015399999999999999,1
0.055,0.015399999999999999,1
0.0,0.015644444444444443,1
0.0006111111111111111,0.015644444444444443,1
0.0012222222222222222,0.015644444444444443,1
0.0018333333333333333,0.015644444444444443,1
0.0024444444444444444,0.015644444444444443,1
0.0030555555555555553,0.015644444444444443,1
0.0036666666666666666,0.015644444444444443,1
0.004277777777777778,0.015644444444444443,1
0.004888888888888889,0.015644444444444443,1
0.0055,0.015644444444444443,1
0.0061111111111111106,0.015644444444444443,1
0.006722222222222222,0.015644444444444443,1
0.007333333333333333,0.015644444444444443,1
0.007944444444444445,0.015644444444444443,1
0.008555555555555556,0.015644444444444443,1
0.009166666666666667,0.015644444444444443,1
0.009777777777777778,0.015644444444444443,1
0.010388888888888888,0.015644444444444443,1
0.011,0.015644444444444443,1
0.01161111111111111,0.015644444444444443,1
0.012222222222222221,0.015644444444444443,1
0.012833333333333334,0.015644444444444443,1
0.013444444444444445,0.015644444444444443,1
0.014055555555555556,0.015644444444444443,1
0.014666666666666666,0.015644444444444443,1
0.015277777777777777,0.015644444444444443,1
0.01588888888888889,0.015644444444444443,1
0.0165,0.015644444444444443,1
0.01711111111111111,0.015644444444444443,1
0.017722222222222223,0.015644444444444443,1
0.018333333333333333,0.015644444444444443,1
0.018944444444444444,0.015644444444444443,1
0.019555555555555555,0.015644444444444443,1
0.020166666666666666,0.015644444444444443,1
0.020777777777777777,0.015644444444444443,1
0.021388888888888888,0.015644444444444443,1
0.022,0.015644444444444443,1
0.02261111111111111,0.015644444444444443,1
0.02322222222222222,0.015644444444444443,1
0.02383333333333333,0.015644444444444443,1
0.024444444444444442,0.015644444444444443,1
0.025055555555555557,0.015644444444444443,1
0.025666666666666667,0.015644444444444443,1
0.02627777777777778,0.015644444444444443,1
0.02688888888888889,0.015644444444444443,1
0.0275,0.015644444444444443,1
0.02811111111111111,0.015644444444444443,1
0.028722222222222222,0.015644444444444443,1
0.029333333333333333,0.015644444444444443,1
0.029944444444444444,0.015644444444444443,1
0.030555555555555555,0.015644444444444443,1
0.031166666666666665,0.015644444444444443,1
0.03177777777777778,0.015644444444444443,1
0.03238888888888889,0.015644444444444443,1
0.033,0.015644444444444443,1
0.03361111111111111,0.015644444444444443,1
0.03422222222222222,0.015644444444444443,1
0.034833333333333334,0.015644444444444443,1
0.035444444444444445,0.015644444444444443,1
0.036055555555555556,0.015644444444444443,1
0.03666666666666667,0.015644444444444443,1
0.03727777777777778,0.015644444444444443,1
0.03788888888888889,0.015644444444444443,1
0.0385,0.015644444444444443,1
0.03911111111111111,0.015644444444444443,1
0.03972222222222222,0.015644444444444443,1
0.04033333333333333,0.015644444444444443,1
0.04094444444444444,0.015644444444444443,1
0.041555555555555554,0.015644444444444443,1
0.042166666666666665,0.015644444444444443,1
0.042777777777777776,0.015644444444444443,1
0.04338888888888889,0.015644444444444443,1
0.044,0.015644444444444443,1
0.04461111111111111,0.015644444444444443,1
0.04522222222222222,0.015644444444444443,1
0.04583333333333333,0.015644444444444443,1
0.04644444444444444,0.015644444444444443,1
0.04705555555555555,0.015644444444444443,1
0.04766666666666666,0.015644444444444443,1
0.048277777777777774,0.015644444444444443,1
0.048888888888888885,0.015644444444444443,1
0.0495,0.015644444444444443,1
0.05011111111111111,0.015644444444444443,1
0.050722222222222224,0.015644444444444443,1
0.051333333333333335,0.015644444444444443,1
0.051944444444444446,0.015644444444444443,1
0.05255555555555556,0.015644444444444443,1
0.05316666666666667,0.015644444444444443,1
0.05377777777777778,0.015644444444444443,1
0.05438888888888889,0.015644444444444443,1
0.055,0.015644444444444443,1
0.0,0.015888888888888886,1
0.0006111111111111111,0.015888888888888886,1
0.0012222222222222222,0.015888888888888886,1
0.0018333333333333333,0.015888888888888886,1
0.0024444444444444444,0.015888888888888886,1
0.0030555555555555553,0.015888888888888886,1
0.0036666666666666666,0.015888888888888886,1
0.004277777777777778,0.015888888888888886,1
0.004888888888888889,0.015888888888888886,1
0.0055,0.015888888888888886,1
0.0061111111111111106,0.015888888888888886,1
0.006722222222222222,0.015888888888888886,1
0.007333333333333333,0.015888888888888886,1
0.007944444444444445,0.015888888888888886,1
0.008555555555555556,0.015888888888888886,1
0.009166666666666667,0.015888888888888886,1
0.009777777777777778,0.015888888888888886,1
0.010388888888888888,0.015888888888888886,1
0.011,0.015888888888888886,1
0.01161111111111111,0.015888888888888886,1
0.012222222222222221,0.015888888888888886,1
0.012833333333333334,0.015888888888888886,1
0.013444444444444445,0.015888888888888886,1
0.014055555555555556,0.015888888888888886,1
0.014666666666666666,0.015888888888888886,1
0.015277777777777777,0.015888888888888886,1
0.01588888888888889,0.015888888888888886,1
0.0165,0.015888888888888886,1
0.01711111111111111,0.015888888888888886,1
0.017722222222222223,0.015888888888888886,1
0.018333333333333333,0.015888888888888886,1
0.018944444444444444,0.015888888888888886,1
0.019555555555555555,0.015888888888888886,1
0.020166666666666666,0.015888888888888886,1
0.020777777777777777,0.015888888888888886,1
0.021388888888888888,0.015888888888888886,1
0.022,0.015888888888888886,1
0.02261111111111111,0.015888888888888886,1
0.02322222222222222,0.015888888888888886,1
0.02383333333333333,0.015888888888888886,1
0.024444444444444442,0.015888888888888886,1
0.025055555555555557,0.015888888888888886,1
0.025666666666666667,0.015888888888888886,1
0.02627777777777778,0.015888888888888886,1
0.02688888888888889,0.015888888888888886,1
0.0275,0.015888888888888886,1
0.02811111111111111,0.015888888888888886,1
0.028722222222222222,0.015888888888888886,1
0.029333333333333333,0.015888888888888886,1
0.029944444444444444,0.015888888888888886,1
0.030555555555555555,0.015888888888888886,1
0.031166666666666665,0.015888888888888886,1
0.03177777777777778,0.015888888888888886,1
0.03238888888888889,0.015888888888888886,1
0.033,0.015888888888888886,1
0.03361111111111111,0.015888888888888886,1
0.03422222222222222,0.015888888888888886,1
0.034833333333333334,0.015888888888888886,1
0.035444444444444445,0.015888888888888886,1
0.036055555555555556,0.015888888888888886,1
0.03666666666666667,0.015888888888888886,1
0.03727777777777778,0.015888888888888886,1
0.03788888888888889,0.015888888888888886,1
0.0385,0.015888888888888886,1
0.03911111111111111,0.015888888888888886,1
0.03972222222222222,0.015888888888888886,1
0.04033333333333333,0.015888888888888886,1
0.04094444444444444,0.015888888888888886,1
0.041555555555555554,0.015888888888888886,1
0.042166666666666665,0.015888888888888886,1
0.042777777777777776,0.015888888888888886,1
0.04338888888888889,0.015888888888888886,1
0.044,0.015888888888888886,1
0.04461111111111111,0.015888888888888886,1
0.04522222222222222,0.015888888888888886,1
0.04583333333333333,0.015888888888888886,1
0.04644444444444444,0.015888888888888886,1
0.04705555555555555,0.015888888888888886,1
0.04766666666666666,0.015888888888888886,1
0.048277777777777774,0.015888888888888886,1
0.048888888888888885,0.015888888888888886,1
0.0495,0.015888888888888886,1
0.05011111111111111,0.015888888888888886,1
0.050722222222222224,0.015888888888888886,1
0.051333333333333335,0.015888888888888886,1
0.051944444444444446,0.015888888888888886,1
0.05255555555555556,0.015888888888888886,1
0.05316666666666667,0.015888888888888886,1
0.05377777777777778,0.015888888888888886,1
0.05438888888888889,0.015888888888888886,1
0.055,0.015888888888888886,1
0.0,0.016133333333333333,1
0.0006111111111111111,0.016133333333333333,1
0.0012222222222222222,0.016133333333333333,1
0.0018333333333333333,0.016133333333333333,1
0.0024444444444444444,0.016133333333333333,1
0.0030555555555555553,0.016133333333333333,1
0.0036666666666666666,0.016133333333333333,1
0.004277777777777778,0.016133333333333333,1
0.004888888888888889,0.016133333333333333,1
0.0055,0.016133333333333333,1
0.0061111111111111106,0.016133333333333333,1
0.006722222222222222,0.016133333333333333,1
0.007333333333333333,0.016133333333333333,1
0.007944444444444445,0.016133333333333333,1
0.008555555555555556,0.016133333333333333,1
0.009166666666666667,0.016133333333333333,1
0.009777777777777778,0.016133333333333333,1
0.010388888888888888,0.016133333333333333,1
0.011,0.016133333333333333,1
0.01161111111111111,0.016133333333333333,1
0.012222222222222221,0.016133333333333333,1
0.012833333333333334,0.016133333333333333,1
0.013444444444444445,0.016133333333333333,1
0.014055555555555556,0.016133333333333333,1
0.014666666666666666,0.016133333333333333,1
0.015277777777777777,0.016133333333333333,1
0.01588888888888889,0.016133333333333333,1
0.0165,0.016133333333333333,1
0.01711111111111111,0.016133333333333333,1
0.017722222222222223,0.016133333333333333,1
0.018333333333333333,0.016133333333333333,1
0.018944444444444444,0.016133333333333333,1
0.019555555555555555,0.016133333333333333,1
0.020166666666666666,0.016133333333333333,1
0.020777777777777777,0.016133333333333333,1
0.021388888888888888,0.016133333333333333,1
0.022,0.016133333333333333,1
0.02261111111111111,0.016133333333333333,1
0.02322222222222222,0.016133333333333333,1
0.02383333333333333,0.016133333333333333,1
0.024444444444444442,0.016133333333333333,1
0.025055555555555557,0.016133333333333333,1
0.025666666666666667,0.016133333333333333,1
0.02627777777777778,0.016133333333333333,1
0.02688888888888889,0.016133333333333333,1
0.0275,0.016133333333333333,1
0.02811111111111111,0.016133333333333333,1
0.028722222222222222,0.016133333333333333,1
0.029333333333333333,0.016133333333333333,1
0.029944444444444444,0.016133333333333333,1
0.030555555555555555,0.016133333333333333,1
0.031166666666666665,0.016133333333333333,1
0.03177777777777778,0.016133333333333333,1
0.03238888888888889,0.016133333333333333,1
0.033,0.016133333333333333,1
0.03361111111111111,0.016133333333333333,1
0.03422222222222222,0.016133333333333333,1
0.034833333333333334,0.016133333333333333,1
0.035444444444444445,0.016133333333333333,1
0.036055555555555556,0.016133333333333333,1
0.03666666666666667,0.016133333333333333,1
0.03727777777777778,0.016133333333333333,1
0.03788888888888889,0.016133333333333333,1
0.0385,0.016133333333333333,1
0.03911111111111111,0.016133333333333333,1
0.03972222222222222,0.016133333333333333,1
0.04033333333333333,0.016133333333333333,1
0.04094444444444444,0.016133333333333333,1
0.041555555555555554,0.016133333333333333,1
0.042166666666666665,0.016133333333333333,1
0.042777777777777776,0.016133333333333333,1
0.04338888888888889,0.016133333333333333,1
0.044,0.016133333333333333,1
0.04461111111111111,0.016133333333333333,1
0.04522222222222222,0.016133333333333333,1
0.04583333333333333,0.016133333333333333,1
0.04644444444444444,0.016133333333333333,1
0.04705555555555555,0.016133333333333333,1
0.04766666666666666,0.016133333333333333,1
0.048277777777777774,0.016133333333333333,1
0.048888888888888885,0.016133333333333333,1
0.0495,0.016133333333333333,1
0.05011111111111111,0.016133333333333333,1
0.050722222222222224,0.016133333333333333,1
0.051333333333333335,0.016133333333333333,1
0.051944444444444446,0.016133333333333333,1
0.05255555555555556,0.016133333333333333,1
0.05316666666666667,0.016133333333333333,1
0.05377777777777778,0.016133333333333333,1
0.05438888888888889,0.016133333333333333,1
0.055,0.016133333333333333,1
0.0,0.016377777777777776,1
0.0006111111111111111,0.016377777777777776,1
0.0012222222222222222,0.016377777777777776,1
0.0018333333333333333,0.016377777777777776,1
0.0024444444444444444,0.016377777777777776,1
0.0030555555555555553,0.016377777777777776,1
0.0036666666666666666,0.016377777777777776,1
0.004277777777777778,0.016377777777777776,1
0.004888888888888889,0.016377777777777776,1
0.0055,0.016377777777777776,1
0.0061111111111111106,0.016377777777777776,1
0.006722222222222222,0.016377777777777776,1
0.007333333333333333,0.016377777777777776,1
0.007944444444444445,0.016377777777777776,1
0.008555555555555556,0.016377777777777776,1
0.009166666666666667,0.016377777777777776,1
0.009777777777777778,0.016377777777777776,1
0.010388888888888888,0.016377777777777776,1
0.011,0.016377777777777776,1
0.01161111111111111,0.016377777777777776,1
0.012222222222222221,0.016377777777777776,1
0.012833333333333334,0.016377777777777776,1
0.013444444444444445,0.016377777777777776,1
0.014055555555555556,0.016377777777777776,1
0.014666666666666666,0.016377777777777776,1
0.015277777777777777,0.016377777777777776,1
0.01588888888888889,0.016377777777777776,1
0.0165,0.016377777777777776,1
0.01711111111111111,0.016377777777777776,1
0.017722222222222223,0.016377777777777776,1
0.018333333333333333,0.016377777777777776,1
0.018944444444444444,0.016377777777777776,1
0.019555555555555555,0.016377777777777776,1
0.020166666666666666,0.016377777777777776,1
0.020777777777777777,0.016377777777777776,1
0.021388888888888888,0.016377777777777776,1
0.022,0.016377777777777776,1
0.02261111111111111,0.016377777777777776,1
0.02322222222222222,0.016377777777777776,1
0.02383333333333333,0.016377777777777776,1
0.024444444444444442,0.016377777777777776,1
0.025055555555555557,0.016377777777777776,1
0.025666666666666667,0.016377777777777776,1
0.02627777777777778,0.016377777777777776,1
0.02688888888888889,0.016377777777777776,1
0.0275,0.016377777777777776,1
0.02811111111111111,0.016377777777777776,1
0.028722222222222222,0.016377777777777776,1
0.029333333333333333,0.016377777777777776,1
0.029944444444444444,0.016377777777777776,1
0.030555555555555555,0.016377777777777776,1
0.031166666666666665,0.016377777777777776,1
0.03177777777777778,0.016377777777777776,1
0.03238888888888889,0.016377777777777776,1
0.033,0.016377777777777776,1
0.03361111111111111,0.016377777777777776,1
0.03422222222222222,0.016377777777777776,1
0.034833333333333334,0.016377777777777776,1
0.035444444444444445,0.016377777777777776,1
0.036055555555555556,0.016377777777777776,1
0.03666666666666667,0.016377777777777776,1
0.03727777777777778,0.016377777777777776,1
0.03788888888888889,0.016377777777777776,1
0.0385,0.016377777777777776,1
0.03911111111111111,0.016377777777777776,1
0.03972222222222222,0.016377777777777776,1
0.04033333333333333,0.016377777777777776,1
0.04094444444444444,0.016377777777777776,1
0.041555555555555554,0.016377777777777776,1
0.042166666666666665,0.016377777777777776,1
0.042777777777777776,0.016377777777777776,1
0.04338888888888889,0.016377777777777776,1
0.044,0.016377777777777776,1
0.04461111111111111,0.016377777777777776,1
0.04522222222222222,0.016377777777777776,1
0.04583333333333333,0.016377777777777776,1
0.04644444444444444,0.016377777777777776,1
0.04705555555555555,0.016377777777777776,1
0.04766666666666666,0.016377777777777776,1
0.048277777777777774,0.016377777777777776,1
0.048888888888888885,0.016377777777777776,1
0.0495,0.016377777777777776,1
0.05011111111111111,0.016377777777777776,1
0.050722222222222224,0.016377777777777776,1
0.051333333333333335,0.016377777777777776,1
0.051944444444444446,0.016377777777777776,1
0.05255555555555556,0.016377777777777776,1
0.05316666666666667,0.016377777777777776,1
0.05377777777777778,0.016377777777777776,1
0.05438888888888889,0.016377777777777776,1
0.055,0.016377777777777776,1
0.0,0.016622222222222222,1
0.0006111111111111111,0.016622222222222222,1
0.0012222222222222222,0.016622222222222222,1
0.0018333333333333333,0.016622222222222222,1
0.0024444444444444444,0.016622222222222222,1
0.0030555555555555553,0.016622222222222222,1
0.0036666666666666666,0.016622222222222222,1
0.004277777777777778,0.016622222222222222,1
0.004888888888888889,0.016622222222222222,1
0.0055,0.016622222222222222,1
0.0061111111111111106,0.016622222222222222,1
0.006722222222222222,0.016622222222222222,1
0.007333333333333333,0.016622222222222222,1
0.007944444444444445,0.016622222222222222,1
0.008555555555555556,0.016622222222222222,1
0.009166666666666667,0.016622222222222222,1
0.009777777777777778,0.016622222222222222,1
0.010388888888888888,0.016622222222222222,1
0.011,0.016622222222222222,1
0.01161111111111111,0.016622222222222222,1
0.012222222222222221,0.016622222222222222,1
0.012833333333333334,0.016622222222222222,1
0.013444444444444445,0.016622222222222222,1
0.014055555555555556,0.016622222222222222,1
0.014666666666666666,0.016622222222222222,1
0.015277777777777777,0.016622222222222222,1
0.01588888888888889,0.016622222222222222,1
0.0165,0.016622222222222222,1
0.01711111111111111,0.016622222222222222,1
0.017722222222222223,0.016622222222222222,1
0.018333333333333333,0.016622222222222222,1
0.018944444444444444,0.016622222222222222,1
0.019555555555555555,0.016622222222222222,1
0.020166666666666666,0.016622222222222222,1
0.020777777777777777,0.016622222222222222,1
0.021388888888888888,0.016622222222222222,1
0.022,0.016622222222222222,1
0.02261111111111111,0.016622222222222222,1
0.02322222222222222,0.016622222222222222,1
0.02383333333333333,0.016622222222222222,1
0.024444444444444442,0.016622222222222222,1
0.025055555555555557,0.016622222222222222,1
0.025666666666666667,0.016622222222222222,1
0.02627777777777778,0.016622222222222222,1
0.02688888888888889,0.016622222222222222,1
0.0275,0.016622222222222222,1
0.02811111111111111,0.016622222222222222,1
0.028722222222222222,0.016622222222222222,1
0.029333333333333333,0.016622222222222222,1
0.029944444444444444,0.016622222222222222,1
0.030555555555555555,0.016622222222222222,1
0.031166666666666665,0.016622222222222222,1
0.03177777777777778,0.016622222222222222,1
0.03238888888888889,0.016622222222222222,1
0.033,0.016622222222222222,1
0.03361111111111111,0.016622222222222222,1
0.03422222222222222,0.016622222222222222,1
0.034833333333333334,0.016622222222222222,1
0.035444444444444445,0.016622222222222222,1
0.036055555555555556,0.016622222222222222,1
0.03666666666666667,0.016622222222222222,1
0.03727777777777778,0.016622222222222222,1
0.03788888888888889,0.016622222222222222,1
0.0385,0.016622222222222222,1
0.03911111111111111,0.016622222222222222,1
0.03972222222222222,0.016622222222222222,1
0.04033333333333333,0.016622222222222222,1
0.04094444444444444,0.016622222222222222,1
0.041555555555555554,0.016622222222222222,1
0.042166666666666665,0.016622222222222222,1
0.042777777777777776,0.016622222222222222,1
0.04338888888888889,0.016622222222222222,1
0.044,0.016622222222222222,1
0.04461111111111111,0.016622222222222222,1
0.04522222222222222,0.016622222222222222,1
0.04583333333333333,0.016622222222222222,1
0.04644444444444444,0.016622222222222222,1
0.04705555555555555,0.016622222222222222,1
0.04766666666666666,0.016622222222222222,1
0.048277777777777774,0.016622222222222222,1
0.048888888888888885,0.016622222222222222,1
0.0495,0.016622222222222222,1
0.05011111111111111,0.016622222222222222,1
0.050722222222222224,0.016622222222222222,1
0.051333333333333335,0.016622222222222222,1
0.051944444444444446,0.016622222222222222,1
0.05255555555555556,0.016622222222222222,1
0.05316666666666667,0.016622222222222222,1
0.05377777777777778,0.016622222222222222,1
0.05438888888888889,0.016622222222222222,1
0.055,0.016622222222222222,1
0.0,0.016866666666666665,1
0.0006111111111111111,0.016866666666666665,1
0.0012222222222222222,0.016866666666666665,1
0.0018333333333333333,0.016866666666666665,1
0.0024444444444444444,0.016866666666666665,1
0.0030555555555555553,0.016866666666666665,1
0.0036666666666666666,0.016866666666666665,1
0.004277777777777778,0.016866666666666665,1
0.004888888888888889,0.016866666666666665,1
0.0055,0.016866666666666665,1
0.0061111111111111106,0.016866666666666665,1
0.006722222222222222,0.016866666666666665,1
0.007333333333333333,0.016866666666666665,1
0.007944444444444445,0.016866666666666665,1
0.008555555555555556,0.016866666666666665,1
0.009166666666666667,0.016866666666666665,1
0.009777777777777778,0.016866666666666665,1
0.010388888888888888,0.016866666666666665,1
0.011,0.016866666666666665,1
0.01161111111111111,0.016866666666666665,1
0.012222222222222221,0.016866666666666665,1
0.012833333333333334,0.016866666666666665,1
0.013444444444444445,0.016866666666666665,1
0.014055555555555556,0.016866666666666665,1
0.014666666666666666,0.016866666666666665,1
0.015277777777777777,0.016866666666666665,1
0.01588888888888889,0.016866666666666665,1
0.0165,0.016866666666666665,1
0.01711111111111111,0.016866666666666665,1
0.017722222222222223,0.016866666666666665,1
0.018333333333333333,0.016866666666666665,1
0.018944444444444444,0.016866666666666665,1
0.019555555555555555,0.016866666666666665,1
0.020166666666666666,0.016866666666666665,1
0.020777777777777777,0.016866666666666665,1
0.021388888888888888,0.016866666666666665,1
0.022,0.016866666666666665,1
0.02261111111111111,0.016866666666666665,1
0.02322222222222222,0.016866666666666665,1
0.02383333333333333,0.016866666666666665,1
0.024444444444444442,0.016866666666666665,1
0.025055555555555557,0.016866666666666665,1
0.025666666666666667,0.016866666666666665,1
0.02627777777777778,0.016866666666666665,1
0.02688888888888889,0.016866666666666665,1
0.0275,0.016866666666666665,1
0.02811111111111111,0.016866666666666665,1
0.028722222222222222,0.016866666666666665,1
0.029333333333333333,0.016866666666666665,1
0.029944444444444444,0.016866666666666665,1
0.030555555555555555,0.016866666666666665,1
0.031166666666666665,0.016866666666666665,1
0.03177777777777778,0.016866666666666665,1
0.03238888888888889,0.016866666666666665,1
0.033,0.016866666666666665,1
0.03361111111111111,0.016866666666666665,1
0.03422222222222222,0.016866666666666665,1
0.034833333333333334,0.016866666666666665,1
0.035444444444444445,0.016866666666666665,1
0.036055555555555556,0.016866666666666665,1
0.03666666666666667,0.016866666666666665,1
0.03727777777777778,0.016866666666666665,1
0.03788888888888889,0.016866666666666665,1
0.0385,0.016866666666666665,1
0.03911111111111111,0.016866666666666665,1
0.03972222222222222,0.016866666666666665,1
0.04033333333333333,0.016866666666666665,1
0.04094444444444444,0.016866666666666665,1
0.041555555555555554,0.016866666666666665,1
0.042166666666666665,0.016866666666666665,1
0.042777777777777776,0.016866666666666665,1
0.04338888888888889,0.016866666666666665,1
0.044,0.016866666666666665,1
0.04461111111111111,0.016866666666666665,1
0.04522222222222222,0.016866666666666665,1
0.04583333333333333,0.016866666666666665,1
0.04644444444444444,0.016866666666666665,1
0.04705555555555555,0.016866666666666665,1
0.04766666666666666,0.016866666666666665,1
0.048277777777777774,0.016866666666666665,1
0.048888888888888885,0.016866666666666665,1
0.0495,0.016866666666666665,1
0.05011111111111111,0.016866666666666665,1
0.050722222222222224,0.016866666666666665,1
0.051333333333333335,0.016866666666666665,1
0.051944444444444446,0.016866666666666665,1
0.05255555555555556,0.016866666666666665,1
0.05316666666666667,0.016866666666666665,1
0.05377777777777778,0.016866666666666665,1
0.05438888888888889,0.016866666666666665,1
0.055,0.016866666666666665,1
0.0,0.01711111111111111,1
0.0006111111111111111,0.01711111111111111,1
0.0012222222222222222,0.01711111111111111,1
0.0018333333333333333,0.01711111111111111,1
0.0024444444444444444,0.01711111111111111,1
0.0030555555555555553,0.01711111111111111,1
0.0036666666666666666,0.01711111111111111,1
0.004277777777777778,0.01711111111111111,1
0.004888888888888889,0.01711111111111111,1
0.0055,0.01711111111111111,1
0.0061111111111111106,0.01711111111111111,1
0.006722222222222222,0.01711111111111111,1
0.007333333333333333,0.01711111111111111,1
0.007944444444444445,0.01711111111111111,1
0.008555555555555556,0.01711111111111111,1
0.009166666666666667,0.01711111111111111,1
0.009777777777777778,0.01711111111111111,1
0.010388888888888888,0.01711111111111111,1
0.011,0.01711111111111111,1
0.01161111111111111,0.01711111111111111,1
0.012222222222222221,0.01711111111111111,1
0.012833333333333334,0.01711111111111111,1
0.013444444444444445,0.01711111111111111,1
0.014055555555555556,0.01711111111111111,1
0.014666666666666666,0.01711111111111111,1
0.015277777777777777,0.01711111111111111,1
0.01588888888888889,0.01711111111111111,1
0.0165,0.01711111111111111,1
0.01711111111111111,0.01711111111111111,1
0.017722222222222223,0.01711111111111111,1
0.018333333333333333,0.01711111111111111,1
0.018944444444444444,0.01711111111111111,1
0.019555555555555555,0.01711111111111111,1
0.020166666666666666,0.01711111111111111,1
0.020777777777777777,0.01711111111111111,1
0.021388888888888888,0.01711111111111111,1
0.022,0.01711111111111111,1
0.02261111111111111,0.01711111111111111,1
0.02322222222222222,0.01711111111111111,1
0.02383333333333333,0.01711111111111111,1
0.024444444444444442,0.01711111111111111,1
0.025055555555555557,0.01711111111111111,1
0.025666666666666667,0.01711111111111111,1
0.02627777777777778,0.01711111111111111,1
0.02688888888888889,0.01711111111111111,1
0.0275,0.01711111111111111,1
0.02811111111111111,0.01711111111111111,1
0.028722222222222222,0.01711111111111111,1
0.029333333333333333,0.01711111111111111,1
0.029944444444444444,0.01711111111111111,1
0.030555555555555555,0.01711111111111111,1
0.031166666666666665,0.01711111111111111,1
0.03177777777777778,0.01711111111111111,1
0.03238888888888889,0.01711111111111111,1
0.033,0.01711111111111111,1
0.03361111111111111,0.01711111111111111,1
0.03422222222222222,0.01711111111111111,1
0.034833333333333334,0.01711111111111111,1
0.035444444444444445,0.01711111111111111,1
0.036055555555555556,0.01711111111111111,1
0.03666666666666667,0.01711111111111111,1
0.03727777777777778,0.01711111111111111,1
0.03788888888888889,0.01711111111111111,1
0.0385,0.01711111111111111,1
0.03911111111111111,0.01711111111111111,1
0.03972222222222222,0.01711111111111111,1
0.04033333333333333,0.01711111111111111,1
0.04094444444444444,0.01711111111111111,1
0.041555555555555554,0.01711111111111111,1
0.042166666666666665,0.01711111111111111,1
0.042777777777777776,0.01711111111111111,1
0.04338888888888889,0.01711111111111111,1
0.044,0.01711111111111111,1
0.04461111111111111,0.01711111111111111,1
0.04522222222222222,0.01711111111111111,1
0.04583333333333333,0.01711111111111111,1
0.04644444444444444,0.01711111111111111,1
0.04705555555555555,0.01711111111111111,1
0.04766666666666666,0.01711111111111111,1
0.048277777777777774,0.01711111111111111,1
0.048888888888888885,0.01711111111111111,1
0.0495,0.01711111111111111,1
0.05011111111111111,0.01711111111111111,1
0.050722222222222224,0.01711111111111111,1
0.051333333333333335,0.01711111111111111,1
0.051944444444444446,0.01711111111111111,1
0.05255555555555556,0.01711111111111111,1
0.05316666666666667,0.01711111111111111,1
0.05377777777777778,0.01711111111111111,1
0.05438888888888889,0.01711111111111111,1
0.055,0.01711111111111111,1
0.0,0.017355555555555555,1
0.0006111111111111111,0.017355555555555555,1
0.0012222222222222222,0.017355555555555555,1
0.0018333333333333333,0.017355555555555555,1
0.0024444444444444444,0.017355555555555555,1
0.0030555555555555553,0.017355555555555555,1
0.0036666666666666666,0.017355555555555555,1
0.004277777777777778,0.017355555555555555,1
0.004888888888888889,0.017355555555555555,1
0.0055,0.017355555555555555,1
0.0061111111111111106,0.017355555555555555,1
0.006722222222222222,0.017355555555555555,1
0.007333333333333333,0.017355555555555555,1
0.007944444444444445,0.017355555555555555,1
0.008555555555555556,0.017355555555555555,1
0.009166666666666667,0.017355555555555555,1
0.009777777777777778,0.017355555555555555,1
0.010388888888888888,0.017355555555555555,1
0.011,0.017355555555555555,1
0.01161111111111111,0.017355555555555555,1
0.012222222222222221,0.017355555555555555,1
0.012833333333333334,0.017355555555555555,1
0.013444444444444445,0.017355555555555555,1
0.014055555555555556,0.017355555555555555,1
0.014666666666666666,0.017355555555555555,1
0.015277777777777777,0.017355555555555555,1
0.01588888888888889,0.017355555555555555,1
0.0165,0.017355555555555555,1
0.01711111111111111,0.017355555555555555,1
0.017722222222222223,0.017355555555555555,1
0.018333333333333333,0.017355555555555555,1
0.018944444444444444,0.017355555555555555,1
0.019555555555555555,0.017355555555555555,1
0.020166666666666666,0.017355555555555555,1
0.020777777777777777,0.017355555555555555,1
0.021388888888888888,0.017355555555555555,1
0.022,0.017355555555555555,1
0.02261111111111111,0.017355555555555555,1
0.02322222222222222,0.017355555555555555,1
0.02383333333333333,0.017355555555555555,1
0.024444444444444442,0.017355555555555555,1
0.025055555555555557,0.017355555555555555,1
0.025666666666666667,0.017355555555555555,1
0.02627777777777778,0.017355555555555555,1
0.02688888888888889,0.017355555555555555,1
0.0275,0.017355555555555555,1
0.02811111111111111,0.017355555555555555,1
0.028722222222222222,0.017355555555555555,1
0.029333333333333333,0.017355555555555555,1
0.029944444444444444,0.017355555555555555,1
0.030555555555555555,0.017355555555555555,1
0.031166666666666665,0.017355555555555555,1
0.03177777777777778,0.017355555555555555,1
0.03238888888888889,0.017355555555555555,1
0.033,0.017355555555555555,1
0.03361111111111111,0.017355555555555555,1
0.03422222222222222,0.017355555555555555,1
0.034833333333333334,0.017355555555555555,1
0.035444444444444445,0.017355555555555555,1
0.036055555555555556,0.017355555555555555,1
0.03666666666666667,0.017355555555555555,1
0.03727777777777778,0.017355555555555555,1
0.03788888888888889,0.017355555555555555,1
0.0385,0.017355555555555555,1
0.03911111111111111,0.017355555555555555,1
0.03972222222222222,0.017355555555555555,1
0.04033333333333333,0.017355555555555555,1
0.04094444444444444,0.017355555555555555,1
0.041555555555555554,0.017355555555555555,1
0.042166666666666665,0.017355555555555555,1
0.042777777777777776,0.017355555555555555,1
0.04338888888888889,0.017355555555555555,1
0.044,0.017355555555555555,1
0.04461111111111111,0.017355555555555555,1
0.04522222222222222,0.017355555555555555,1
0.04583333333333333,0.017355555555555555,1
0.04644444444444444,0.017355555555555555,1
0.04705555555555555,0.017355555555555555,1
0.04766666666666666,0.017355555555555555,1
0.048277777777777774,0.017355555555555555,1
0.048888888888888885,0.017355555555555555,1
0.0495,0.017355555555555555,1
0.05011111111111111,0.017355555555555555,1
0.050722222222222224,0.017355555555555555,1
0.051333333333333335,0.017355555555555555,1
0.051944444444444446,0.017355555555555555,1
0.05255555555555556,0.017355555555555555,1
0.05316666666666667,0.017355555555555555,1
0.05377777777777778,0.017355555555555555,1
0.05438888888888889,0.017355555555555555,1
0.055,0.017355555555555555,1
0.0,0.017599999999999998,1
0.0006111111111111111,0.017599999999999998,1
0.0012222222222222222,0.017599999999999998,1
0.0018333333333333333,0.017599999999999998,1
0.0024444444444444444,0.017599999999999998,1
0.0030555555555555553,0.017599999999999998,1
0.0036666666666666666,0.017599999999999998,1
0.004277777777777778,0.017599999999999998,1
0.004888888888888889,0.017599999999999998,1
0.0055,0.017599999999999998,1
0.0061111111111111106,0.017599999999999998,1
0.006722222222222222,0.017599999999999998,1
0.007333333333333333,0.017599999999999998,1
0.007944444444444445,0.017599999999999998,1
0.008555555555555556,0.017599999999999998,1
0.009166666666666667,0.017599999999999998,1
0.009777777777777778,0.017599999999999998,1
0.010388888888888888,0.017599999999999998,1
0.011,0.017599999999999998,1
0.01161111111111111,0.017599999999999998,1
0.012222222222222221,0.017599999999999998,1
0.012833333333333334,0.017599999999999998,1
0.013444444444444445,0.017599999999999998,1
0.014055555555555556,0.017599999999999998,1
0.014666666666666666,0.017599999999999998,1
0.015277777777777777,0.017599999999999998,1
0.01588888888888889,0.017599999999999998,1
0.0165,0.017599999999999998,1
0.01711111111111111,0.017599999999999998,1
0.017722222222222223,0.017599999999999998,1
0.018333333333333333,0.017599999999999998,1
0.018944444444444444,0.017599999999999998,1
0.019555555555555555,0.017599999999999998,1
0.020166666666666666,0.017599999999999998,1
0.020777777777777777,0.017599999999999998,1
0.021388888888888888,0.017599999999999998,1
0.022,0.017599999999999998,1
0.02261111111111111,0.017599999999999998,1
0.02322222222222222,0.017599999999999998,1
0.02383333333333333,0.017599999999999998,1
0.024444444444444442,0.017599999999999998,1
0.025055555555555557,0.017599999999999998,1
0.025666666666666667,0.017599999999999998,1
0.02627777777777778,0.017599999999999998,1
0.02688888888888889,0.017599999999999998,1
0.0275,0.017599999999999998,1
0.02811111111111111,0.017599999999999998,1
0.028722222222222222,0.017599999999999998,1
0.029333333333333333,0.017599999999999998,1
0.029944444444444444,0.017599999999999998,1
0.030555555555555555,0.017599999999999998,1
0.031166666666666665,0.017599999999999998,1
0.03177777777777778,0.017599999999999998,1
0.03238888888888889,0.017599999999999998,1
0.033,0.017599999999999998,1
0.03361111111111111,0.017599999999999998,1
0.03422222222222222,0.017599999999999998,1
0.034833333333333334,0.017599999999999998,1
0.035444444444444445,0.017599999999999998,1
0.036055555555555556,0.017599999999999998,1
0.03666666666666667,0.017599999999999998,1
0.03727777777777778,0.017599999999999998,1
0.03788888888888889,0.017599999999999998,1
0.0385,0.017599999999999998,1
0.03911111111111111,0.017599999999999998,1
0.03972222222222222,0.017599999999999998,1
0.04033333333333333,0.017599999999999998,1
0.04094444444444444,0.017599999999999998,1
0.041555555555555554,0.017599999999999998,1
0.042166666666666665,0.017599999999999998,1
0.042777777777777776,0.017599999999999998,1
0.04338888888888889,0.017599999999999998,1
0.044,0.017599999999999998,1
0.04461111111111111,0.017599999999999998,1
0.04522222222222222,0.017599999999999998,1
0.04583333333333333,0.017599999999999998,1
0.04644444444444444,0.017599999999999998,1
0.04705555555555555,0.017599999999999998,1
0.04766666666666666,0.017599999999999998,1
0.048277777777777774,0.017599999999999998,1
0.048888888888888885,0.017599999999999998,1
0.0495,0.017599999999999998,1
0.05011111111111111,0.017599999999999998,1
0.050722222222222224,0.017599999999999998,1
0.051333333333333335,0.017599999999999998,1
0.051944444444444446,0.017599999999999998,1
0.05255555555555556,0.017599999999999998,1
0.05316666666666667,0.017599999999999998,1
0.05377777777777778,0.017599999999999998,1
0.05438888888888889,0.017599999999999998,1
0.055,0.017599999999999998,1
0.0,0.017844444444444444,1
0.0006111111111111111,0.017844444444444444,1
0.0012222222222222222,0.017844444444444444,1
0.0018333333333333333,0.017844444444444444,1
0.0024444444444444444,0.017844444444444444,1
0.0030555555555555553,0.017844444444444444,1
0.0036666666666666666,0.017844444444444444,1
0.004277777777777778,0.017844444444444444,1
0.004888888888888889,0.017844444444444444,1
0.0055,0.017844444444444444,1
0.0061111111111111106,0.017844444444444444,1
0.006722222222222222,0.017844444444444444,1
0.007333333333333333,0.017844444444444444,1
0.007944444444444445,0.017844444444444444,1
0.008555555555555556,0.017844444444444444,1
0.009166666666666667,0.017844444444444444,1
0.009777777777777778,0.017844444444444444,1
0.010388888888888888,0.017844444444444444,1
0.011,0.017844444444444444,1
0.01161111111111111,0.017844444444444444,1
0.012222222222222221,0.017844444444444444,1
0.012833333333333334,0.017844444444444444,1
0.013444444444444445,0.017844444444444444,1
0.014055555555555556,0.017844444444444444,1
0.014666666666666666,0.017844444444444444,1
0.015277777777777777,0.017844444444444444,1
0.01588888888888889,0.017844444444444444,1
0.0165,0.017844444444444444,1
0.01711111111111111,0.017844444444444444,1
0.017722222222222223,0.017844444444444444,1
0.018333333333333333,0.017844444444444444,1
0.018944444444444444,0.017844444444444444,1
0.019555555555555555,0.017844444444444444,1
0.020166666666666666,0.017844444444444444,1
0.020777777777777777,0.017844444444444444,1
0.021388888888888888,0.017844444444444444,1
0.022,0.017844444444444444,1
0.02261111111111111,0.017844444444444444,1
0.02322222222222222,0.017844444444444444,1
0.02383333333333333,0.017844444444444444,1
0.024444444444444442,0.017844444444444444,1
0.025055555555555557,0.017844444444444444,1
0.025666666666666667,0.017844444444444444,1
0.02627777777777778,0.017844444444444444,1
0.02688888888888889,0.017844444444444444,1
0.0275,0.017844444444444444,1
0.02811111111111111,0.017844444444444444,1
0.028722222222222222,0.017844444444444444,1
0.029333333333333333,0.017844444444444444,1
0.029944444444444444,0.017844444444444444,1
0.030555555555555555,0.017844444444444444,1
0.031166666666666665,0.017844444444444444,1
0.03177777777777778,0.017844444444444444,1
0.03238888888888889,0.017844444444444444,1
0.033,0.017844444444444444,1
0.03361111111111111,0.017844444444444444,1
0.03422222222222222,0.017844444444444444,1
0.034833333333333334,0.017844444444444444,1
0.035444444444444445,0.017844444444444444,1
0.036055555555555556,0.017844444444444444,1
0.03666666666666667,0.017844444444444444,1
0.03727777777777778,0.017844444444444444,1
0.03788888888888889,0.017844444444444444,1
0.0385,0.017844444444444444,1
0.03911111111111111,0.017844444444444444,1
0.03972222222222222,0.017844444444444444,1
0.04033333333333333,0.017844444444444444,1
0.04094444444444444,0.017844444444444444,1
0.041555555555555554,0.017844444444444444,1
0.042166666666666665,0.017844444444444444,1
0.042777777777777776,0.017844444444444444,1
0.04338888888888889,0.017844444444444444,1
0.044,0.017844444444444444,1
0.04461111111111111,0.017844444444444444,1
0.04522222222222222,0.017844444444444444,1
0.04583333333333333,0.017844444444444444,1
0.04644444444444444,0.017844444444444444,1
0.04705555555555555,0.017844444444444444,1
0.04766666666666666,0.017844444444444444,1
0.048277777777777774,0.017844444444444444,1
0.048888888888888885,0.017844444444444444,1
0.0495,0.017844444444444444,1
0.05011111111111111,0.017844444444444444,1
0.050722222222222224,0.017844444444444444,1
0.051333333333333335,0.017844444444444444,1
0.051944444444444446,0.017844444444444444,1
0.05255555555555556,0.017844444444444444,1
0.05316666666666667,0.017844444444444444,1
0.05377777777777778,0.017844444444444444,1
0.05438888888888889,0.017844444444444444,1
0.055,0.017844444444444444,1
0.0,0.018088888888888887,1
0.0006111111111111111,0.018088888888888887,1
0.0012222222222222222,0.018088888888888887,1
0.0018333333333333333,0.018088888888888887,1
0.0024444444444444444,0.018088888888888887,1
0.0030555555555555553,0.018088888888888887,1
0.0036666666666666666,0.018088888888888887,1
0.004277777777777778,0.018088888888888887,1
0.004888888888888889,0.018088888888888887,1
0.0055,0.018088888888888887,1
0.0061111111111111106,0.018088888888888887,1
0.006722222222222222,0.018088888888888887,1
0.007333333333333333,0.018088888888888887,1
0.007944444444444445,0.018088888888888887,1
0.008555555555555556,0.018088888888888887,1
0.009166666666666667,0.018088888888888887,1
0.009777777777777778,0.018088888888888887,1
0.010388888888888888,0.018088888888888887,1
0.011,0.018088888888888887,1
0.01161111111111111,0.018088888888888887,1
0.012222222222222221,0.018088888888888887,1
0.012833333333333334,0.018088888888888887,1
0.013444444444444445,0.018088888888888887,1
0.014055555555555556,0.018088888888888887,1
0.014666666666666666,0.018088888888888887,1
0.015277777777777777,0.018088888888888887,1
0.01588888888888889,0.018088888888888887,1
0.0165,0.018088888888888887,1
0.01711111111111111,0.018088888888888887,1
0.017722222222222223,0.018088888888888887,1
0.018333333333333333,0.018088888888888887,1
0.018944444444444444,0.018088888888888887,1
0.019555555555555555,0.018088888888888887,1
0.020166666666666666,0.018088888888888887,1
0.020777777777777777,0.018088888888888887,1
0.021388888888888888,0.018088888888888887,1
0.022,0.018088888888888887,1
0.02261111111111111,0.018088888888888887,1
0.02322222222222222,0.018088888888888887,1
0.02383333333333333,0.018088888888888887,1
0.024444444444444442,0.018088888888888887,1
0.025055555555555557,0.018088888888888887,1
0.025666666666666667,0.018088888888888887,1
0.02627777777777778,0.018088888888888887,1
0.02688888888888889,0.018088888888888887,1
0.0275,0.018088888888888887,1
0.02811111111111111,0.018088888888888887,1
0.028722222222222222,0.018088888888888887,1
0.029333333333333333,0.018088888888888887,1
0.029944444444444444,0.018088888888888887,1
0.030555555555555555,0.018088888888888887,1
0.031166666666666665,0.018088888888888887,1
0.03177777777777778,0.018088888888888887,1
0.03238888888888889,0.018088888888888887,1
0.033,0.018088888888888887,1
0.03361111111111111,0.018088888888888887,1
0.03422222222222222,0.018088888888888887,1
0.034833333333333334,0.018088888888888887,1
0.035444444444444445,0.018088888888888887,1
0.036055555555555556,0.018088888888888887,1
0.03666666666666667,0.018088888888888887,1
0.03727777777777778,0.018088888888888887,1
0.03788888888888889,0.018088888888888887,1
0.0385,0.018088888888888887,1
0.03911111111111111,0.018088888888888887,1
0.03972222222222222,0.018088888888888887,1
0.04033333333333333,0.018088888888888887,1
0.04094444444444444,0.018088888888888887,1
0.041555555555555554,0.018088888888888887,1
0.042166666666666665,0.018088888888888887,1
0.042777777777777776,0.018088888888888887,1
0.04338888888888889,0.018088888888888887,1
0.044,0.018088888888888887,1
0.04461111111111111,0.018088888888888887,1
0.04522222222222222,0.018088888888888887,1
0.04583333333333333,0.018088888888888887,1
0.04644444444444444,0.018088888888888887,1
0.04705555555555555,0.018088888888888887,1
0.04766666666666666,0.018088888888888887,1
0.048277777777777774,0.018088888888888887,1
0.048888888888888885,0.018088888888888887,1
0.0495,0.018088888888888887,1
0.05011111111111111,0.018088888888888887,1
0.050722222222222224,0.018088888888888887,1
0.051333333333333335,0.018088888888888887,1
0.051944444444444446,0.018088888888888887,1
0.05255555555555556,0.018088888888888887,1
0.05316666666666667,0.018088888888888887,1
0.05377777777777778,0.018088888888888887,1
0.05438888888888889,0.018088888888888887,1
0.055,0.018088888888888887,1
0.0,0.018333333333333333,1
0.0006111111111111111,0.018333333333333333,1
0.0012222222222222222,0.018333333333333333,1
0.0018333333333333333,0.018333333333333333,1
0.0024444444444444444,0.018333333333333333,1
0.0030555555555555553,0.018333333333333333,1
0.0036666666666666666,0.018333333333333333,1
0.004277777777777778,0.018333333333333333,1
0.004888888888888889,0.018333333333333333,1
0.0055,0.018333333333333333,1
0.0061111111111111106,0.018333333333333333,1
0.006722222222222222,0.018333333333333333,1
0.007333333333333333,0.018333333333333333,1
0.007944444444444445,0.018333333333333333,1
0.008555555555555556,0.018333333333333333,1
0.009166666666666667,0.018333333333333333,1
0.009777777777777778,0.018333333333333333,1
0.010388888888888888,0.018333333333333333,1
0.011,0.018333333333333333,1
0.01161111111111111,0.018333333333333333,1
0.012222222222222221,0.018333333333333333,1
0.012833333333333334,0.018333333333333333,1
0.013444444444444445,0.018333333333333333,1
0.014055555555555556,0.018333333333333333,1
0.014666666666666666,0.018333333333333333,1
0.015277777777777777,0.018333333333333333,1
0.01588888888888889,0.018333333333333333,1
0.0165,0.018333333333333333,1
0.01711111111111111,0.018333333333333333,1
0.017722222222222223,0.018333333333333333,1
0.018333333333333333,0.018333333333333333,1
0.018944444444444444,0.018333333333333333,1
0.019555555555555555,0.018333333333333333,1
0.020166666666666666,0.018333333333333333,1
0.020777777777777777,0.018333333333333333,1
0.021388888888888888,0.018333333333333333,1
0.022,0.018333333333333333,1
0.02261111111111111,0.018333333333333333,1
0.02322222222222222,0.018333333333333333,1
0.02383333333333333,0.018333333333333333,1
0.024444444444444442,0.018333333333333333,1
0.025055555555555557,0.018333333333333333,1
0.025666666666666667,0.018333333333333333,1
0.02627777777777778,0.018333333333333333,1
0.02688888888888889,0.018333333333333333,1
0.0275,0.018333333333333333,1
0.02811111111111111,0.018333333333333333,1
0.028722222222222222,0.018333333333333333,1
0.029333333333333333,0.018333333333333333,1
0.029944444444444444,0.018333333333333333,1
0.030555555555555555,0.018333333333333333,1
0.031166666666666665,0.018333333333333333,1
0.03177777777777778,0.018333333333333333,1
0.03238888888888889,0.018333333333333333,1
0.033,0.018333333333333333,1
0.03361111111111111,0.018333333333333333,1
0.03422222222222222,0.018333333333333333,1
0.034833333333333334,0.018333333333333333,1
0.035444444444444445,0.018333333333333333,1
0.036055555555555556,0.018333333333333333,1
0.03666666666666667,0.018333333333333333,1
0.03727777777777778,0.018333333333333333,1
0.03788888888888889,0.018333333333333333,1
0.0385,0.018333333333333333,1
0.03911111111111111,0.018333333333333333,1
0.03972222222222222,0.018333333333333333,1
0.04033333333333333,0.018333333333333333,1
0.04094444444444444,0.018333333333333333,1
0.041555555555555554,0.018333333333333333,1
0.042166666666666665,0.018333333333333333,1
0.042777777777777776,0.018333333333333333,1
0.04338888888888889,0.018333333333333333,1
0.044,0.018333333333333333,1
0.04461111111111111,0.018333333333333333,1
0.04522222222222222,0.018333333333333333,1
0.04583333333333333,0.018333333333333333,1
0.04644444444444444,0.018333333333333333,1
0.04705555555555555,0.018333333333333333,1
0.04766666666666666,0.018333333333333333,1
0.048277777777777774,0.018333333333333333,1
0.048888888888888885,0.018333333333333333,1
0.0495,0.018333333333333333,1
0.05011111111111111,0.018333333333333333,1
0.050722222222222224,0.018333333333333333,1
0.051333333333333335,0.018333333333333333,1
0.051944444444444446,0.018333333333333333,1
0.05255555555555556,0.018333333333333333,1
0.05316666666666667,0.018333333333333333,1
0.05377777777777778,0.018333333333333333,1
0.05438888888888889,0.018333333333333333,1
0.055,0.018333333333333333,1
0.0,0.018577777777777776,1
0.0006111111111111111,0.018577777777777776,1
0.0012222222222222222,0.018577777777777776,1
0.0018333333333333333,0.018577777777777776,1
0.0024444444444444444,0.018577777777777776,1
0.0030555555555555553,0.018577777777777776,1
0.0036666666666666666,0.018577777777777776,1
0.004277777777777778,0.018577777777777776,1
0.004888888888888889,0.018577777777777776,1
0.0055,0.018577777777777776,1
0.0061111111111111106,0.018577777777777776,1
0.006722222222222222,0.018577777777777776,1
0.007333333333333333,0.018577777777777776,1
0.007944444444444445,0.018577777777777776,1
0.008555555555555556,0.018577777777777776,1
0.009166666666666667,0.018577777777777776,1
0.009777777777777778,0.018577777777777776,1
0.010388888888888888,0.018577777777777776,1
0.011,0.018577777777777776,1
0.01161111111111111,0.018577777777777776,1
0.012222222222222221,0.018577777777777776,1
0.012833333333333334,0.018577777777777776,1
0.013444444444444445,0.018577777777777776,1
0.014055555555555556,0.018577777777777776,1
0.014666666666666666,0.018577777777777776,1
0.015277777777777777,0.018577777777777776,1
0.01588888888888889,0.018577777777777776,1
0.0165,0.018577777777777776,1
0.01711111111111111,0.018577777777777776,1
0.017722222222222223,0.018577777777777776,1
0.018333333333333333,0.018577777777777776,1
0.018944444444444444,0.018577777777777776,1
0.019555555555555555,0.018577777777777776,1
0.020166666666666666,0.018577777777777776,1
0.020777777777777777,0.018577777777777776,1
0.021388888888888888,0.018577777777777776,1
0.022,0.018577777777777776,1
0.02261111111111111,0.018577777777777776,1
0.02322222222222222,0.018577777777777776,1
0.02383333333333333,0.018577777777777776,1
0.024444444444444442,0.018577777777777776,1
0.025055555555555557,0.018577777777777776,1
0.025666666666666667,0.018577777777777776,1
0.02627777777777778,0.018577777777777776,1
0.02688888888888889,0.018577777777777776,1
0.0275,0.018577777777777776,1
0.02811111111111111,0.018577777777777776,1
0.028722222222222222,0.018577777777777776,1
0.029333333333333333,0.018577777777777776,1
0.029944444444444444,0.018577777777777776,1
0.030555555555555555,0.018577777777777776,1
0.031166666666666665,0.018577777777777776,1
0.03177777777777778,0.018577777777777776,1
0.03238888888888889,0.018577777777777776,1
0.033,0.018577777777777776,1
0.03361111111111111,0.018577777777777776,1
0.03422222222222222,0.018577777777777776,1
0.034833333333333334,0.018577777777777776,1
0.035444444444444445,0.018577777777777776,1
0.036055555555555556,0.018577777777777776,1
0.03666666666666667,0.018577777777777776,1
0.03727777777777778,0.018577777777777776,1
0.03788888888888889,0.018577777777777776,1
0.0385,0.018577777777777776,1
0.03911111111111111,0.018577777777777776,1
0.03972222222222222,0.018577777777777776,1
0.04033333333333333,0.018577777777777776,1
0.04094444444444444,0.018577777777777776,1
0.041555555555555554,0.018577777777777776,1
0.042166666666666665,0.018577777777777776,1
0.042777777777777776,0.018577777777777776,1
0.04338888888888889,0.018577777777777776,1
0.044,0.018577777777777776,1
0.04461111111111111,0.018577777777777776,1
0.04522222222222222,0.018577777777777776,1
0.04583333333333333,0.018577777777777776,1
0.04644444444444444,0.018577777777777776,1
0.04705555555555555,0.018577777777777776,1
0.04766666666666666,0.018577777777777776,1
0.048277777777777774,0.018577777777777776,1
0.048888888888888885,0.018577777777777776,1
0.0495,0.018577777777777776,1
0.05011111111111111,0.018577777777777776,1
0.050722222222222224,0.018577777777777776,1
0.051333333333333335,0.018577777777777776,1
0.051944444444444446,0.018577777777777776,1
0.05255555555555556,0.018577777777777776,1
0.05316666666666667,0.018577777777777776,1
0.05377777777777778,0.018577777777777776,1
0.05438888888888889,0.018577777777777776,1
0.055,0.018577777777777776,1
0.0,0.01882222222222222,1
0.0006111111111111111,0.01882222222222222,1
0.0012222222222222222,0.01882222222222222,1
0.0018333333333333333,0.01882222222222222,1
0.0024444444444444444,0.01882222222222222,1
0.0030555555555555553,0.01882222222222222,1
0.0036666666666666666,0.01882222222222222,1
0.004277777777777778,0.01882222222222222,1
0.004888888888888889,0.01882222222222222,1
0.0055,0.01882222222222222,1
0.0061111111111111106,0.01882222222222222,1
0.006722222222222222,0.01882222222222222,1
0.007333333333333333,0.01882222222222222,1
0.007944444444444445,0.01882222222222222,1
0.008555555555555556,0.01882222222222222,1
0.009166666666666667,0.01882222222222222,1
0.009777777777777778,0.01882222222222222,1
0.010388888888888888,0.01882222222222222,1
0.011,0.01882222222222222,1
0.01161111111111111,0.01882222222222222,1
0.012222222222222221,0.01882222222222222,1
0.012833333333333334,0.01882222222222222,1
0.013444444444444445,0.01882222222222222,1
0.014055555555555556,0.01882222222222222,1
0.014666666666666666,0.01882222222222222,1
0.015277777777777777,0.01882222222222222,1
0.01588888888888889,0.01882222222222222,1
0.0165,0.01882222222222222,1
0.01711111111111111,0.01882222222222222,1
0.017722222222222223,0.01882222222222222,1
0.018333333333333333,0.01882222222222222,1
0.018944444444444444,0.01882222222222222,1
0.019555555555555555,0.01882222222222222,1
0.020166666666666666,0.01882222222222222,1
0.020777777777777777,0.01882222222222222,1
0.021388888888888888,0.01882222222222222,1
0.022,0.01882222222222222,1
0.02261111111111111,0.01882222222222222,1
0.02322222222222222,0.01882222222222222,1
0.02383333333333333,0.01882222222222222,1
0.024444444444444442,0.01882222222222222,1
0.025055555555555557,0.01882222222222222,1
0.025666666666666667,0.01882222222222222,1
0.02627777777777778,0.01882222222222222,1
0.02688888888888889,0.01882222222222222,1
0.0275,0.01882222222222222,1
0.02811111111111111,0.01882222222222222,1
0.028722222222222222,0.01882222222222222,1
0.029333333333333333,0.01882222222222222,1
0.029944444444444444,0.01882222222222222,1
0.030555555555555555,0.01882222222222222,1
0.031166666666666665,0.01882222222222222,1
0.03177777777777778,0.01882222222222222,1
0.03238888888888889,0.01882222222222222,1
0.033,0.01882222222222222,1
0.03361111111111111,0.01882222222222222,1
0.03422222222222222,0.01882222222222222,1
0.034833333333333334,0.01882222222222222,1
0.035444444444444445,0.01882222222222222,1
0.036055555555555556,0.01882222222222222,1
0.03666666666666667,0.01882222222222222,1
0.03727777777777778,0.01882222222222222,1
0.03788888888888889,0.01882222222222222,1
0.0385,0.01882222222222222,1
0.03911111111111111,0.01882222222222222,1
0.03972222222222222,0.01882222222222222,1
0.04033333333333333,0.01882222222222222,1
0.04094444444444444,0.01882222222222222,1
0.041555555555555554,0.01882222222222222,1
0.042166666666666665,0.01882222222222222,1
0.042777777777777776,0.01882222222222222,1
0.04338888888888889,0.01882222222222222,1
0.044,0.01882222222222222,1
0.04461111111111111,0.01882222222222222,1
0.04522222222222222,0.01882222222222222,1
0.04583333333333333,0.01882222222222222,1
0.04644444444444444,0.01882222222222222,1
0.04705555555555555,0.01882222222222222,1
0.04766666666666666,0.01882222222222222,1
0.048277777777777774,0.01882222222222222,1
0.048888888888888885,0.01882222222222222,1
0.0495,0.01882222222222222,1
0.05011111111111111,0.01882222222222222,1
0.050722222222222224,0.01882222222222222,1
0.051333333333333335,0.01882222222222222,1
0.051944444444444446,0.01882222222222222,1
0.05255555555555556,0.01882222222222222,1
0.05316666666666667,0.01882222222222222,1
0.05377777777777778,0.01882222222222222,1
0.05438888888888889,0.01882222222222222,1
0.055,0.01882222222222222,1
0.0,0.019066666666666666,1
0.0006111111111111111,0.019066666666666666,1
0.0012222222222222222,0.019066666666666666,1
0.0018333333333333333,0.019066666666666666,1
0.0024444444444444444,0.019066666666666666,1
0.0030555555555555553,0.019066666666666666,1
0.0036666666666666666,0.019066666666666666,1
0.004277777777777778,0.019066666666666666,1
0.004888888888888889,0.019066666666666666,1
0.0055,0.019066666666666666,1
0.0061111111111111106,0.019066666666666666,1
0.006722222222222222,0.019066666666666666,1
0.007333333333333333,0.019066666666666666,1
0.007944444444444445,0.019066666666666666,1
0.008555555555555556,0.019066666666666666,1
0.009166666666666667,0.019066666666666666,1
0.009777777777777778,0.019066666666666666,1
0.010388888888888888,0.019066666666666666,1
0.011,0.019066666666666666,1
0.01161111111111111,0.019066666666666666,1
0.012222222222222221,0.019066666666666666,1
0.012833333333333334,0.019066666666666666,1
0.013444444444444445,0.019066666666666666,1
0.014055555555555556,0.019066666666666666,1
0.014666666666666666,0.019066666666666666,1
0.015277777777777777,0.019066666666666666,1
0.01588888888888889,0.019066666666666666,1
0.0165,0.019066666666666666,1
0.01711111111111111,0.019066666666666666,1
0.017722222222222223,0.019066666666666666,1
0.018333333333333333,0.019066666666666666,1
0.018944444444444444,0.019066666666666666,1
0.019555555555555555,0.019066666666666666,1
0.020166666666666666,0.019066666666666666,1
0.020777777777777777,0.019066666666666666,1
0.021388888888888888,0.019066666666666666,1
0.022,0.019066666666666666,1
0.02261111111111111,0.019066666666666666,1
0.02322222222222222,0.019066666666666666,1
0.02383333333333333,0.019066666666666666,1
0.024444444444444442,0.019066666666666666,1
0.025055555555555557,0.019066666666666666,1
0.025666666666666667,0.019066666666666666,1
0.02627777777777778,0.019066666666666666,1
0.02688888888888889,0.019066666666666666,1
0.0275,0.019066666666666666,1
0.02811111111111111,0.019066666666666666,1
0.028722222222222222,0.019066666666666666,1
0.029333333333333333,0.019066666666666666,1
0.029944444444444444,0.019066666666666666,1
0.030555555555555555,0.019066666666666666,1
0.031166666666666665,0.019066666666666666,1
0.03177777777777778,0.019066666666666666,1
0.03238888888888889,0.019066666666666666,1
0.033,0.019066666666666666,1
0.03361111111111111,0.019066666666666666,1
0.03422222222222222,0.019066666666666666,1
0.034833333333333334,0.019066666666666666,1
0.035444444444444445,0.019066666666666666,1
0.036055555555555556,0.019066666666666666,1
0.03666666666666667,0.019066666666666666,1
0.03727777777777778,0.019066666666666666,1
0.03788888888888889,0.019066666666666666,1
0.0385,0.019066666666666666,1
0.03911111111111111,0.019066666666666666,1
0.03972222222222222,0.019066666666666666,1
0.04033333333333333,0.019066666666666666,1
0.04094444444444444,0.019066666666666666,1
0.041555555555555554,0.019066666666666666,1
0.042166666666666665,0.019066666666666666,1
0.042777777777777776,0.019066666666666666,1
0.04338888888888889,0.019066666666666666,1
0.044,0.019066666666666666,1
0.04461111111111111,0.019066666666666666,1
0.04522222222222222,0.019066666666666666,1
0.04583333333333333,0.019066666666666666,1
0.04644444444444444,0.019066666666666666,1
0.04705555555555555,0.019066666666666666,1
0.04766666666666666,0.019066666666666666,1
0.048277777777777774,0.019066666666666666,1
0.048888888888888885,0.019066666666666666,1
0.0495,0.019066666666666666,1
0.05011111111111111,0.019066666666666666,1
0.050722222222222224,0.019066666666666666,1
0.051333333333333335,0.019066666666666666,1
0.051944444444444446,0.019066666666666666,1
0.05255555555555556,0.019066666666666666,1
0.05316666666666667,0.019066666666666666,1
0.05377777777777778,0.019066666666666666,1
0.05438888888888889,0.019066666666666666,1
0.055,0.019066666666666666,1
0.0,0.01931111111111111,1
0.0006111111111111111,0.01931111111111111,1
0.0012222222222222222,0.01931111111111111,1
0.0018333333333333333,0.01931111111111111,1
0.0024444444444444444,0.01931111111111111,1
0.0030555555555555553,0.01931111111111111,1
0.0036666666666666666,0.01931111111111111,1
0.004277777777777778,0.01931111111111111,1
0.004888888888888889,0.01931111111111111,1
0.0055,0.01931111111111111,1
0.0061111111111111106,0.01931111111111111,1
0.006722222222222222,0.01931111111111111,1
0.007333333333333333,0.01931111111111111,1
0.007944444444444445,0.01931111111111111,1
0.008555555555555556,0.01931111111111111,1
0.009166666666666667,0.01931111111111111,1
0.009777777777777778,0.01931111111111111,1
0.010388888888888888,0.01931111111111111,1
0.011,0.01931111111111111,1
0.01161111111111111,0.01931111111111111,1
0.012222222222222221,0.01931111111111111,1
0.012833333333333334,0.01931111111111111,1
0.013444444444444445,0.01931111111111111,1
0.014055555555555556,0.01931111111111111,1
0.014666666666666666,0.01931111111111111,1
0.015277777777777777,0.01931111111111111,1
0.01588888888888889,0.01931111111111111,1
0.0165,0.01931111111111111,1
0.01711111111111111,0.01931111111111111,1
0.017722222222222223,0.01931111111111111,1
0.018333333333333333,0.01931111111111111,1
0.018944444444444444,0.01931111111111111,1
0.019555555555555555,0.01931111111111111,1
0.020166666666666666,0.01931111111111111,1
0.020777777777777777,0.01931111111111111,1
0.021388888888888888,0.01931111111111111,1
0.022,0.01931111111111111,1
0.02261111111111111,0.01931111111111111,1
0.02322222222222222,0.01931111111111111,1
0.02383333333333333,0.01931111111111111,1
0.024444444444444442,0.01931111111111111,1
0.025055555555555557,0.01931111111111111,1
0.025666666666666667,0.01931111111111111,1
0.02627777777777778,0.01931111111111111,1
0.02688888888888889,0.01931111111111111,1
0.0275,0.01931111111111111,1
0.02811111111111111,0.01931111111111111,1
0.028722222222222222,0.01931111111111111,1
0.029333333333333333,0.01931111111111111,1
0.029944444444444444,0.01931111111111111,1
0.030555555555555555,0.01931111111111111,1
0.031166666666666665,0.01931111111111111,1
0.03177777777777778,0.01931111111111111,1
0.03238888888888889,0.01931111111111111,1
0.033,0.01931111111111111,1
0.03361111111111111,0.01931111111111111,1
0.03422222222222222,0.01931111111111111,1
0.034833333333333334,0.01931111111111111,1
0.035444444444444445,0.01931111111111111,1
0.036055555555555556,0.01931111111111111,1
0.03666666666666667,0.01931111111111111,1
0.03727777777777778,0.01931111111111111,1
0.03788888888888889,0.01931111111111111,1
0.0385,0.01931111111111111,1
0.03911111111111111,0.01931111111111111,1
0.03972222222222222,0.01931111111111111,1
0.04033333333333333,0.01931111111111111,1
0.04094444444444444,0.01931111111111111,1
0.041555555555555554,0.01931111111111111,1
0.042166666666666665,0.01931111111111111,1
0.042777777777777776,0.01931111111111111,1
0.04338888888888889,0.01931111111111111,1
0.044,0.01931111111111111,1
0.04461111111111111,0.01931111111111111,1
0.04522222222222222,0.01931111111111111,1
0.04583333333333333,0.01931111111111111,1
0.04644444444444444,0.01931111111111111,1
0.04705555555555555,0.01931111111111111,1
0.04766666666666666,0.01931111111111111,1
0.048277777777777774,0.01931111111111111,1
0.048888888888888885,0.01931111111111111,1
0.0495,0.01931111111111111,1
0.05011111111111111,0.01931111111111111,1
0.050722222222222224,0.01931111111111111,1
0.051333333333333335,0.01931111111111111,1
0.051944444444444446,0.01931111111111111,1
0.05255555555555556,0.01931111111111111,1
0.05316666666666667,0.01931111111111111,1
0.05377777777777778,0.01931111111111111,1
0.05438888888888889,0.01931111111111111,1
0.055,0.01931111111111111,1
0.0,0.019555555555555555,1
0.0006111111111111111,0.019555555555555555,1
0.0012222222222222222,0.019555555555555555,1
0.0018333333333333333,0.019555555555555555,1
0.0024444444444444444,0.019555555555555555,1
0.0030555555555555553,0.019555555555555555,1
0.0036666666666666666,0.019555555555555555,1
0.004277777777777778,0.019555555555555555,1
0.004888888888888889,0.019555555555555555,1
0.0055,0.019555555555555555,1
0.0061111111111111106,0.019555555555555555,1
0.006722222222222222,0.019555555555555555,1
0.007333333333333333,0.019555555555555555,1
0.007944444444444445,0.019555555555555555,1
0.008555555555555556,0.019555555555555555,1
0.009166666666666667,0.019555555555555555,1
0.009777777777777778,0.019555555555555555,1
0.010388888888888888,0.019555555555555555,1
0.011,0.019555555555555555,1
0.01161111111111111,0.019555555555555555,1
0.012222222222222221,0.019555555555555555,1
0.012833333333333334,0.019555555555555555,1
0.013444444444444445,0.019555555555555555,1
0.014055555555555556,0.019555555555555555,1
0.014666666666666666,0.019555555555555555,1
0.015277777777777777,0.019555555555555555,1
0.01588888888888889,0.019555555555555555,1
0.0165,0.019555555555555555,1
0.01711111111111111,0.019555555555555555,1
0.017722222222222223,0.019555555555555555,1
0.018333333333333333,0.019555555555555555,1
0.018944444444444444,0.019555555555555555,1
0.019555555555555555,0.019555555555555555,1
0.020166666666666666,0.019555555555555555,1
0.020777777777777777,0.019555555555555555,1
0.021388888888888888,0.019555555555555555,1
0.022,0.019555555555555555,1
0.02261111111111111,0.019555555555555555,1
0.02322222222222222,0.019555555555555555,1
0.02383333333333333,0.019555555555555555,1
0.024444444444444442,0.019555555555555555,1
0.025055555555555557,0.019555555555555555,1
0.025666666666666667,0.019555555555555555,1
0.02627777777777778,0.019555555555555555,1
0.02688888888888889,0.019555555555555555,1
0.0275,0.019555555555555555,1
0.02811111111111111,0.019555555555555555,1
0.028722222222222222,0.019555555555555555,1
0.029333333333333333,0.019555555555555555,1
0.029944444444444444,0.019555555555555555,1
0.030555555555555555,0.019555555555555555,1
0.031166666666666665,0.019555555555555555,1
0.03177777777777778,0.019555555555555555,1
0.03238888888888889,0.019555555555555555,1
0.033,0.019555555555555555,1
0.03361111111111111,0.019555555555555555,1
0.03422222222222222,0.019555555555555555,1
0.034833333333333334,0.019555555555555555,1
0.035444444444444445,0.019555555555555555,1
0.036055555555555556,0.019555555555555555,1
0.03666666666666667,0.019555555555555555,1
0.03727777777777778,0.019555555555555555,1
0.03788888888888889,0.019555555555555555,1
0.0385,0.019555555555555555,1
0.03911111111111111,0.019555555555555555,1
0.03972222222222222,0.019555555555555555,1
0.04033333333333333,0.019555555555555555,1
0.04094444444444444,0.019555555555555555,1
0.041555555555555554,0.019555555555555555,1
0.042166666666666665,0.019555555555555555,1
0.042777777777777776,0.019555555555555555,1
0.04338888888888889,0.019555555555555555,1
0.044,0.019555555555555555,1
0.04461111111111111,0.019555555555555555,1
0.04522222222222222,0.019555555555555555,1
0.04583333333333333,0.019555555555555555,1
0.04644444444444444,0.019555555555555555,1
0.04705555555555555,0.019555555555555555,1
0.04766666666666666,0.019555555555555555,1
0.048277777777777774,0.019555555555555555,1
0.048888888888888885,0.019555555555555555,1
0.0495,0.019555555555555555,1
0.05011111111111111,0.019555555555555555,1
0.050722222222222224,0.019555555555555555,1
0.051333333333333335,0.019555555555555555,1
0.051944444444444446,0.019555555555555555,1
0.05255555555555556,0.019555555555555555,1
0.05316666666666667,0.019555555555555555,1
0.05377777777777778,0.019555555555555555,1
0.05438888888888889,0.019555555555555555,1
0.055,0.019555555555555555,1
0.0,0.019799999999999998,1
0.0006111111111111111,0.019799999999999998,1
0.0012222222222222222,0.019799999999999998,1
0.0018333333333333333,0.019799999999999998,1
0.0024444444444444444,0.019799999999999998,1
0.0030555555555555553,0.019799999999999998,1
0.0036666666666666666,0.019799999999999998,1
0.004277777777777778,0.019799999999999998,1
0.004888888888888889,0.019799999999999998,1
0.0055,0.019799999999999998,1
0.0061111111111111106,0.019799999999999998,1
0.006722222222222222,0.019799999999999998,1
0.007333333333333333,0.019799999999999998,1
0.007944444444444445,0.019799999999999998,1
0.008555555555555556,0.019799999999999998,1
0.009166666666666667,0.019799999999999998,1
0.009777777777777778,0.019799999999999998,1
0.010388888888888888,0.019799999999999998,1
0.011,0.019799999999999998,1
0.01161111111111111,0.019799999999999998,1
0.012222222222222221,0.019799999999999998,1
0.012833333333333334,0.019799999999999998,1
0.013444444444444445,0.019799999999999998,1
0.014055555555555556,0.019799999999999998,1
0.014666666666666666,0.019799999999999998,1
0.015277777777777777,0.019799999999999998,1
0.01588888888888889,0.019799999999999998,1
0.0165,0.019799999999999998,1
0.01711111111111111,0.019799999999999998,1
0.017722222222222223,0.019799999999999998,1
0.018333333333333333,0.019799999999999998,1
0.018944444444444444,0.019799999999999998,1
0.019555555555555555,0.019799999999999998,1
0.020166666666666666,0.019799999999999998,1
0.020777777777777777,0.019799999999999998,1
0.021388888888888888,0.019799999999999998,1
0.022,0.019799999999999998,1
0.02261111111111111,0.019799999999999998,1
0.02322222222222222,0.019799999999999998,1
0.02383333333333333,0.019799999999999998,1
0.024444444444444442,0.019799999999999998,1
0.025055555555555557,0.019799999999999998,1
0.025666666666666667,0.019799999999999998,1
0.02627777777777778,0.019799999999999998,1
0.02688888888888889,0.019799999999999998,1
0.0275,0.019799999999999998,1
0.02811111111111111,0.019799999999999998,1
0.028722222222222222,0.019799999999999998,1
0.029333333333333333,0.019799999999999998,1
0.029944444444444444,0.019799999999999998,1
0.030555555555555555,0.019799999999999998,1
0.031166666666666665,0.019799999999999998,1
0.03177777777777778,0.019799999999999998,1
0.03238888888888889,0.019799999999999998,1
0.033,0.019799999999999998,1
0.03361111111111111,0.019799999999999998,1
0.03422222222222222,0.019799999999999998,1
0.034833333333333334,0.019799999999999998,1
0.035444444444444445,0.019799999999999998,1
0.036055555555555556,0.019799999999999998,1
0.03666666666666667,0.019799999999999998,1
0.03727777777777778,0.019799999999999998,1
0.03788888888888889,0.019799999999999998,1
0.0385,0.019799999999999998,1
0.03911111111111111,0.019799999999999998,1
0.03972222222222222,0.019799999999999998,1
0.04033333333333333,0.019799999999999998,1
0.04094444444444444,0.019799999999999998,1
0.041555555555555554,0.019799999999999998,1
0.042166666666666665,0.019799999999999998,1
0.042777777777777776,0.019799999999999998,1
0.04338888888888889,0.019799999999999998,1
0.044,0.019799999999999998,1
0.04461111111111111,0.019799999999999998,1
0.04522222222222222,0.019799999999999998,1
0.04583333333333333,0.019799999999999998,1
0.04644444444444444,0.019799999999999998,1
0.04705555555555555,0.019799999999999998,1
0.04766666666666666,0.019799999999999998,1
0.048277777777777774,0.019799999999999998,1
0.048888888888888885,0.019799999999999998,1
0.0495,0.019799999999999998,1
0.05011111111111111,0.019799999999999998,1
0.050722222222222224,0.019799999999999998,1
0.051333333333333335,0.019799999999999998,1
0.051944444444444446,0.019799999999999998,1
0.05255555555555556,0.019799999999999998,1
0.05316666666666667,0.019799999999999998,1
0.05377777777777778,0.019799999999999998,1
0.05438888888888889,0.019799999999999998,1
0.055,0.019799999999999998,1
0.0,0.020044444444444445,1
0.0006111111111111111,0.020044444444444445,1
0.0012222222222222222,0.020044444444444445,1
0.0018333333333333333,0.020044444444444445,1
0.0024444444444444444,0.020044444444444445,1
0.0030555555555555553,0.020044444444444445,1
0.0036666666666666666,0.020044444444444445,1
0.004277777777777778,0.020044444444444445,1
0.004888888888888889,0.020044444444444445,1
0.0055,0.020044444444444445,1
0.0061111111111111106,0.020044444444444445,1
0.006722222222222222,0.020044444444444445,1
0.007333333333333333,0.020044444444444445,1
0.007944444444444445,0.020044444444444445,1
0.008555555555555556,0.020044444444444445,1
0.009166666666666667,0.020044444444444445,1
0.009777777777777778,0.020044444444444445,1
0.010388888888888888,0.020044444444444445,1
0.011,0.020044444444444445,1
0.01161111111111111,0.020044444444444445,1
0.012222222222222221,0.020044444444444445,1
0.012833333333333334,0.020044444444444445,1
0.013444444444444445,0.020044444444444445,1
0.014055555555555556,0.020044444444444445,1
0.014666666666666666,0.020044444444444445,1
0.015277777777777777,0.020044444444444445,1
0.01588888888888889,0.020044444444444445,1
0.0165,0.020044444444444445,1
0.01711111111111111,0.020044444444444445,1
0.017722222222222223,0.020044444444444445,1
0.018333333333333333,0.020044444444444445,1
0.018944444444444444,0.020044444444444445,1
0.019555555555555555,0.020044444444444445,1
0.020166666666666666,0.020044444444444445,1
0.020777777777777777,0.020044444444444445,1
0.021388888888888888,0.020044444444444445,1
0.022,0.020044444444444445,1
0.02261111111111111,0.020044444444444445,1
0.02322222222222222,0.020044444444444445,1
0.02383333333333333,0.020044444444444445,1
0.024444444444444442,0.020044444444444445,1
0.025055555555555557,0.020044444444444445,1
0.025666666666666667,0.020044444444444445,1
0.02627777777777778,0.020044444444444445,1
0.02688888888888889,0.020044444444444445,1
0.0275,0.020044444444444445,1
0.02811111111111111,0.020044444444444445,1
0.028722222222222222,0.020044444444444445,1
0.029333333333333333,0.020044444444444445,1
0.029944444444444444,0.020044444444444445,1
0.030555555555555555,0.020044444444444445,1
0.031166666666666665,0.020044444444444445,1
0.03177777777777778,0.020044444444444445,1
0.03238888888888889,0.020044444444444445,1
0.033,0.020044444444444445,1
0.03361111111111111,0.020044444444444445,1
0.03422222222222222,0.020044444444444445,1
0.034833333333333334,0.020044444444444445,1
0.035444444444444445,0.020044444444444445,1
0.036055555555555556,0.020044444444444445,1
0.03666666666666667,0.020044444444444445,1
0.03727777777777778,0.020044444444444445,1
0.03788888888888889,0.020044444444444445,1
0.0385,0.020044444444444445,1
0.03911111111111111,0.020044444444444445,1
0.03972222222222222,0.020044444444444445,1
0.04033333333333333,0.020044444444444445,1
0.04094444444444444,0.020044444444444445,1
0.041555555555555554,0.020044444444444445,1
0.042166666666666665,0.020044444444444445,1
0.042777777777777776,0.020044444444444445,1
0.04338888888888889,0.020044444444444445,1
0.044,0.020044444444444445,1
0.04461111111111111,0.020044444444444445,1
0.04522222222222222,0.020044444444444445,1
0.04583333333333333,0.020044444444444445,1
0.04644444444444444,0.020044444444444445,1
0.04705555555555555,0.020044444444444445,1
0.04766666666666666,0.020044444444444445,1
0.048277777777777774,0.020044444444444445,1
0.048888888888888885,0.020044444444444445,1
0.0495,0.020044444444444445,1
0.05011111111111111,0.020044444444444445,1
0.050722222222222224,0.020044444444444445,1
0.051333333333333335,0.020044444444444445,1
0.051944444444444446,0.020044444444444445,1
0.05255555555555556,0.020044444444444445,1
0.05316666666666667,0.020044444444444445,1
0.05377777777777778,0.020044444444444445,1
0.05438888888888889,0.020044444444444445,1
0.055,0.020044444444444445,1
0.0,0.020288888888888888,1
0.0006111111111111111,0.020288888888888888,1
0.0012222222222222222,0.020288888888888888,1
0.0018333333333333333,0.020288888888888888,1
0.0024444444444444444,0.020288888888888888,1
0.0030555555555555553,0.020288888888888888,1
0.0036666666666666666,0.020288888888888888,1
0.004277777777777778,0.020288888888888888,1
0.004888888888888889,0.020288888888888888,1
0.0055,0.020288888888888888,1
0.0061111111111111106,0.020288888888888888,1
0.006722222222222222,0.020288888888888888,1
0.007333333333333333,0.020288888888888888,1
0.007944444444444445,0.020288888888888888,1
0.008555555555555556,0.020288888888888888,1
0.009166666666666667,0.020288888888888888,1
0.009777777777777778,0.020288888888888888,1
0.010388888888888888,0.020288888888888888,1
0.011,0.020288888888888888,1
0.01161111111111111,0.020288888888888888,1
0.012222222222222221,0.020288888888888888,1
0.012833333333333334,0.020288888888888888,1
0.013444444444444445,0.020288888888888888,1
0.014055555555555556,0.020288888888888888,1
0.014666666666666666,0.020288888888888888,1
0.015277777777777777,0.020288888888888888,1
0.01588888888888889,0.020288888888888888,1
0.0165,0.020288888888888888,1
0.01711111111111111,0.020288888888888888,1
0.017722222222222223,0.020288888888888888,1
0.018333333333333333,0.020288888888888888,1
0.018944444444444444,0.020288888888888888,1
0.019555555555555555,0.020288888888888888,1
0.020166666666666666,0.020288888888888888,1
0.020777777777777777,0.020288888888888888,1
0.021388888888888888,0.020288888888888888,1
0.022,0.020288888888888888,1
0.02261111111111111,0.020288888888888888,1
0.02322222222222222,0.020288888888888888,1
0.02383333333333333,0.020288888888888888,1
0.024444444444444442,0.020288888888888888,1
0.025055555555555557,0.020288888888888888,1
0.025666666666666667,0.020288888888888888,1
0.02627777777777778,0.020288888888888888,1
0.02688888888888889,0.020288888888888888,1
0.0275,0.020288888888888888,1
0.02811111111111111,0.020288888888888888,1
0.028722222222222222,0.020288888888888888,1
0.029333333333333333,0.020288888888888888,1
0.029944444444444444,0.020288888888888888,1
0.030555555555555555,0.020288888888888888,1
0.031166666666666665,0.020288888888888888,1
0.03177777777777778,0.020288888888888888,1
0.03238888888888889,0.020288888888888888,1
0.033,0.020288888888888888,1
0.03361111111111111,0.020288888888888888,1
0.03422222222222222,0.020288888888888888,1
0.034833333333333334,0.020288888888888888,1
0.035444444444444445,0.020288888888888888,1
0.036055555555555556,0.020288888888888888,1
0.03666666666666667,0.020288888888888888,1
0.03727777777777778,0.020288888888888888,1
0.03788888888888889,0.020288888888888888,1
0.0385,0.020288888888888888,1
0.03911111111111111,0.020288888888888888,1
0.03972222222222222,0.020288888888888888,1
0.04033333333333333,0.020288888888888888,1
0.04094444444444444,0.020288888888888888,1
0.041555555555555554,0.020288888888888888,1
0.042166666666666665,0.020288888888888888,1
0.042777777777777776,0.020288888888888888,1
0.04338888888888889,0.020288888888888888,1
0.044,0.020288888888888888,1
0.04461111111111111,0.020288888888888888,1
0.04522222222222222,0.020288888888888888,1
0.04583333333333333,0.020288888888888888,1
0.04644444444444444,0.020288888888888888,1
0.04705555555555555,0.020288888888888888,1
0.04766666666666666,0.020288888888888888,1
0.048277777777777774,0.020288888888888888,1
0.048888888888888885,0.020288888888888888,1
0.0495,0.020288888888888888,1
0.05011111111111111,0.020288888888888888,1
0.050722222222222224,0.020288888888888888,1
0.051333333333333335,0.020288888888888888,1
0.051944444444444446,0.020288888888888888,1
0.05255555555555556,0.020288888888888888,1
0.05316666666666667,0.020288888888888888,1
0.05377777777777778,0.020288888888888888,1
0.05438888888888889,0.020288888888888888,1
0.055,0.020288888888888888,1
0.0,0.02053333333333333,1
0.0006111111111111111,0.02053333333333333,1
0.0012222222222222222,0.02053333333333333,1
0.0018333333333333333,0.02053333333333333,1
0.0024444444444444444,0.02053333333333333,1
0.0030555555555555553,0.02053333333333333,1
0.0036666666666666666,0.02053333333333333,1
0.004277777777777778,0.02053333333333333,1
0.004888888888888889,0.02053333333333333,1
0.0055,0.02053333333333333,1
0.0061111111111111106,0.02053333333333333,1
0.006722222222222222,0.02053333333333333,1
0.007333333333333333,0.02053333333333333,1
0.007944444444444445,0.02053333333333333,1
0.008555555555555556,0.02053333333333333,1
0.009166666666666667,0.02053333333333333,1
0.009777777777777778,0.02053333333333333,1
0.010388888888888888,0.02053333333333333,1
0.011,0.02053333333333333,1
0.01161111111111111,0.02053333333333333,1
0.012222222222222221,0.02053333333333333,1
0.012833333333333334,0.02053333333333333,1
0.013444444444444445,0.02053333333333333,1
0.014055555555555556,0.02053333333333333,1
0.014666666666666666,0.02053333333333333,1
0.015277777777777777,0.02053333333333333,1
0.01588888888888889,0.02053333333333333,1
0.0165,0.02053333333333333,1
0.01711111111111111,0.02053333333333333,1
0.017722222222222223,0.02053333333333333,1
0.018333333333333333,0.02053333333333333,1
0.018944444444444444,0.02053333333333333,1
0.019555555555555555,0.02053333333333333,1
0.020166666666666666,0.02053333333333333,1
0.020777777777777777,0.02053333333333333,1
0.021388888888888888,0.02053333333333333,1
0.022,0.02053333333333333,1
0.02261111111111111,0.02053333333333333,1
0.02322222222222222,0.02053333333333333,1
0.02383333333333333,0.02053333333333333,1
0.024444444444444442,0.02053333333333333,1
0.025055555555555557,0.02053333333333333,1
0.025666666666666667,0.02053333333333333,1
0.02627777777777778,0.02053333333333333,1
0.02688888888888889,0.02053333333333333,1
0.0275,0.02053333333333333,1
0.02811111111111111,0.02053333333333333,1
0.028722222222222222,0.02053333333333333,1
0.029333333333333333,0.02053333333333333,1
0.029944444444444444,0.02053333333333333,1
0.030555555555555555,0.02053333333333333,1
0.031166666666666665,0.02053333333333333,1
0.03177777777777778,0.02053333333333333,1
0.03238888888888889,0.02053333333333333,1
0.033,0.02053333333333333,1
0.03361111111111111,0.02053333333333333,1
0.03422222222222222,0.02053333333333333,1
0.034833333333333334,0.02053333333333333,1
0.035444444444444445,0.02053333333333333,1
0.036055555555555556,0.02053333333333333,1
0.03666666666666667,0.02053333333333333,1
0.03727777777777778,0.02053333333333333,1
0.03788888888888889,0.02053333333333333,1
0.0385,0.02053333333333333,1
0.03911111111111111,0.02053333333333333,1
0.03972222222222222,0.02053333333333333,1
0.04033333333333333,0.02053333333333333,1
0.04094444444444444,0.02053333333333333,1
0.041555555555555554,0.02053333333333333,1
0.042166666666666665,0.02053333333333333,1
0.042777777777777776,0.02053333333333333,1
0.04338888888888889,0.02053333333333333,1
0.044,0.02053333333333333,1
0.04461111111111111,0.02053333333333333,1
0.04522222222222222,0.02053333333333333,1
0.04583333333333333,0.02053333333333333,1
0.04644444444444444,0.02053333333333333,1
0.04705555555555555,0.02053333333333333,1
0.04766666666666666,0.02053333333333333,1
0.048277777777777774,0.02053333333333333,1
0.048888888888888885,0.02053333333333333,1
0.0495,0.02053333333333333,1
0.05011111111111111,0.02053333333333333,1
0.050722222222222224,0.02053333333333333,1
0.051333333333333335,0.02053333333333333,1
0.051944444444444446,0.02053333333333333,1
0.05255555555555556,0.02053333333333333,1
0.05316666666666667,0.02053333333333333,1
0.05377777777777778,0.02053333333333333,1
0.05438888888888889,0.02053333333333333,1
0.055,0.02053333333333333,1
0.0,0.020777777777777777,1
0.0006111111111111111,0.020777777777777777,1
0.0012222222222222222,0.020777777777777777,1
0.0018333333333333333,0.020777777777777777,1
0.0024444444444444444,0.020777777777777777,1
0.0030555555555555553,0.020777777777777777,1
0.0036666666666666666,0.020777777777777777,1
0.004277777777777778,0.020777777777777777,1
0.004888888888888889,0.020777777777777777,1
0.0055,0.020777777777777777,1
0.0061111111111111106,0.020777777777777777,1
0.006722222222222222,0.020777777777777777,1
0.007333333333333333,0.020777777777777777,1
0.007944444444444445,0.020777777777777777,1
0.008555555555555556,0.020777777777777777,1
0.009166666666666667,0.020777777777777777,1
0.009777777777777778,0.020777777777777777,1
0.010388888888888888,0.020777777777777777,1
0.011,0.020777777777777777,1
0.01161111111111111,0.020777777777777777,1
0.012222222222222221,0.020777777777777777,1
0.012833333333333334,0.020777777777777777,1
0.013444444444444445,0.020777777777777777,1
0.014055555555555556,0.020777777777777777,1
0.014666666666666666,0.020777777777777777,1
0.015277777777777777,0.020777777777777777,1
0.01588888888888889,0.020777777777777777,1
0.0165,0.020777777777777777,1
0.01711111111111111,0.020777777777777777,1
0.017722222222222223,0.020777777777777777,1
0.018333333333333333,0.020777777777777777,1
0.018944444444444444,0.020777777777777777,1
0.019555555555555555,0.020777777777777777,1
0.020166666666666666,0.020777777777777777,1
0.020777777777777777,0.020777777777777777,1
0.021388888888888888,0.020777777777777777,1
0.022,0.020777777777777777,1
0.02261111111111111,0.020777777777777777,1
0.02322222222222222,0.020777777777777777,1
0.02383333333333333,0.020777777777777777,1
0.024444444444444442,0.020777777777777777,1
0.025055555555555557,0.020777777777777777,1
0.025666666666666667,0.020777777777777777,1
0.02627777777777778,0.020777777777777777,1
0.02688888888888889,0.020777777777777777,1
0.0275,0.020777777777777777,1
0.02811111111111111,0.020777777777777777,1
0.028722222222222222,0.020777777777777777,1
0.029333333333333333,0.020777777777777777,1
0.029944444444444444,0.020777777777777777,1
0.030555555555555555,0.020777777777777777,1
0.031166666666666665,0.020777777777777777,1
0.03177777777777778,0.020777777777777777,1
0.03238888888888889,0.020777777777777777,1
0.033,0.020777777777777777,1
0.03361111111111111,0.020777777777777777,1
0.03422222222222222,0.020777777777777777,1
0.034833333333333334,0.020777777777777777,1
0.035444444444444445,0.020777777777777777,1
0.036055555555555556,0.020777777777777777,1
0.03666666666666667,0.020777777777777777,1
0.03727777777777778,0.020777777777777777,1
0.03788888888888889,0.020777777777777777,1
0.0385,0.020777777777777777,1
0.03911111111111111,0.020777777777777777,1
0.03972222222222222,0.020777777777777777,1
0.04033333333333333,0.020777777777777777,1
0.04094444444444444,0.020777777777777777,1
0.041555555555555554,0.020777777777777777,1
0.042166666666666665,0.020777777777777777,1
0.042777777777777776,0.020777777777777777,1
0.04338888888888889,0.020777777777777777,1
0.044,0.020777777777777777,1
0.04461111111111111,0.020777777777777777,1
0.04522222222222222,0.020777777777777777,1
0.04583333333333333,0.020777777777777777,1
0.04644444444444444,0.020777777777777777,1
0.04705555555555555,0.020777777777777777,1
0.04766666666666666,0.020777777777777777,1
0.048277777777777774,0.020777777777777777,1
0.048888888888888885,0.020777777777777777,1
0.0495,0.020777777777777777,1
0.05011111111111111,0.020777777777777777,1
0.050722222222222224,0.020777777777777777,1
0.051333333333333335,0.020777777777777777,1
0.051944444444444446,0.020777777777777777,1
0.05255555555555556,0.020777777777777777,1
0.05316666666666667,0.020777777777777777,1
0.05377777777777778,0.020777777777777777,1
0.05438888888888889,0.020777777777777777,1
0.055,0.020777777777777777,1
0.0,0.02102222222222222,1
0.0006111111111111111,0.02102222222222222,1
0.0012222222222222222,0.02102222222222222,1
0.0018333333333333333,0.02102222222222222,1
0.0024444444444444444,0.02102222222222222,1
0.0030555555555555553,0.02102222222222222,1
0.0036666666666666666,0.02102222222222222,1
0.004277777777777778,0.02102222222222222,1
0.004888888888888889,0.02102222222222222,1
0.0055,0.02102222222222222,1
0.0061111111111111106,0.02102222222222222,1
0.006722222222222222,0.02102222222222222,1
0.007333333333333333,0.02102222222222222,1
0.007944444444444445,0.02102222222222222,1
0.008555555555555556,0.02102222222222222,1
0.009166666666666667,0.02102222222222222,1
0.009777777777777778,0.02102222222222222,1
0.010388888888888888,0.02102222222222222,1
0.011,0.02102222222222222,1
0.01161111111111111,0.02102222222222222,1
0.012222222222222221,0.02102222222222222,1
0.012833333333333334,0.02102222222222222,1
0.013444444444444445,0.02102222222222222,1
0.014055555555555556,0.02102222222222222,1
0.014666666666666666,0.02102222222222222,1
0.015277777777777777,0.02102222222222222,1
0.01588888888888889,0.02102222222222222,1
0.0165,0.02102222222222222,1
0.01711111111111111,0.02102222222222222,1
0.017722222222222223,0.02102222222222222,1
0.018333333333333333,0.02102222222222222,1
0.018944444444444444,0.02102222222222222,1
0.019555555555555555,0.02102222222222222,1
0.020166666666666666,0.02102222222222222,1
0.020777777777777777,0.02102222222222222,1
0.021388888888888888,0.02102222222222222,1
0.022,0.02102222222222222,1
0.02261111111111111,0.02102222222222222,1
0.02322222222222222,0.02102222222222222,1
0.02383333333333333,0.02102222222222222,1
0.024444444444444442,0.02102222222222222,1
0.025055555555555557,0.02102222222222222,1
0.025666666666666667,0.02102222222222222,1
0.02627777777777778,0.02102222222222222,1
0.02688888888888889,0.02102222222222222,1
0.0275,0.02102222222222222,1
0.02811111111111111,0.02102222222222222,1
0.028722222222222222,0.02102222222222222,1
0.029333333333333333,0.02102222222222222,1
0.029944444444444444,0.02102222222222222,1
0.030555555555555555,0.02102222222222222,1
0.031166666666666665,0.02102222222222222,1
0.03177777777777778,0.02102222222222222,1
0.03238888888888889,0.02102222222222222,1
0.033,0.02102222222222222,1
0.03361111111111111,0.02102222222222222,1
0.03422222222222222,0.02102222222222222,1
0.034833333333333334,0.02102222222222222,1
0.035444444444444445,0.02102222222222222,1
0.036055555555555556,0.02102222222222222,1
0.03666666666666667,0.02102222222222222,1
0.03727777777777778,0.02102222222222222,1
0.03788888888888889,0.02102222222222222,1
0.0385,0.02102222222222222,1
0.03911111111111111,0.02102222222222222,1
0.03972222222222222,0.02102222222222222,1
0.04033333333333333,0.02102222222222222,1
0.04094444444444444,0.02102222222222222,1
0.041555555555555554,0.02102222222222222,1
0.042166666666666665,0.02102222222222222,1
0.042777777777777776,0.02102222222222222,1
0.04338888888888889,0.02102222222222222,1
0.044,0.02102222222222222,1
0.04461111111111111,0.02102222222222222,1
0.04522222222222222,0.02102222222222222,1
0.04583333333333333,0.02102222222222222,1
0.04644444444444444,0.02102222222222222,1
0.04705555555555555,0.02102222222222222,1
0.04766666666666666,0.02102222222222222,1
0.048277777777777774,0.02102222222222222,1
0.048888888888888885,0.02102222222222222,1
0.0495,0.02102222222222222,1
0.05011111111111111,0.02102222222222222,1
0.050722222222222224,0.02102222222222222,1
0.051333333333333335,0.02102222222222222,1
0.051944444444444446,0.02102222222222222,1
0.05255555555555556,0.02102222222222222,1
0.05316666666666667,0.02102222222222222,1
0.05377777777777778,0.02102222222222222,1
0.05438888888888889,0.02102222222222222,1
0.055,0.02102222222222222,1
0.0,0.021266666666666666,1
0.0006111111111111111,0.021266666666666666,1
0.0012222222222222222,0.021266666666666666,1
0.0018333333333333333,0.021266666666666666,1
0.0024444444444444444,0.021266666666666666,1
0.0030555555555555553,0.021266666666666666,1
0.0036666666666666666,0.021266666666666666,1
0.004277777777777778,0.021266666666666666,1
0.004888888888888889,0.021266666666666666,1
0.0055,0.021266666666666666,1
0.0061111111111111106,0.021266666666666666,1
0.006722222222222222,0.021266666666666666,1
0.007333333333333333,0.021266666666666666,1
0.007944444444444445,0.021266666666666666,1
0.008555555555555556,0.021266666666666666,1
0.009166666666666667,0.021266666666666666,1
0.009777777777777778,0.021266666666666666,1
0.010388888888888888,0.021266666666666666,1
0.011,0.021266666666666666,1
0.01161111111111111,0.021266666666666666,1
0.012222222222222221,0.021266666666666666,1
0.012833333333333334,0.021266666666666666,1
0.013444444444444445,0.021266666666666666,1
0.014055555555555556,0.021266666666666666,1
0.014666666666666666,0.021266666666666666,1
0.015277777777777777,0.021266666666666666,1
0.01588888888888889,0.021266666666666666,1
0.0165,0.021266666666666666,1
0.01711111111111111,0.021266666666666666,1
0.017722222222222223,0.021266666666666666,1
0.018333333333333333,0.021266666666666666,1
0.018944444444444444,0.021266666666666666,1
0.019555555555555555,0.021266666666666666,1
0.020166666666666666,0.021266666666666666,1
0.020777777777777777,0.021266666666666666,1
0.021388888888888888,0.021266666666666666,1
0.022,0.021266666666666666,1
0.02261111111111111,0.021266666666666666,1
0.02322222222222222,0.021266666666666666,1
0.02383333333333333,0.021266666666666666,1
0.024444444444444442,0.021266666666666666,1
0.025055555555555557,0.021266666666666666,1
0.025666666666666667,0.021266666666666666,1
0.02627777777777778,0.021266666666666666,1
0.02688888888888889,0.021266666666666666,1
0.0275,0.021266666666666666,1
0.02811111111111111,0.021266666666666666,1
0.028722222222222222,0.021266666666666666,1
0.029333333333333333,0.021266666666666666,1
0.029944444444444444,0.021266666666666666,1
0.030555555555555555,0.021266666666666666,1
0.031166666666666665,0.021266666666666666,1
0.03177777777777778,0.021266666666666666,1
0.03238888888888889,0.021266666666666666,1
0.033,0.021266666666666666,1
0.03361111111111111,0.021266666666666666,1
0.03422222222222222,0.021266666666666666,1
0.034833333333333334,0.021266666666666666,1
0.035444444444444445,0.021266666666666666,1
0.036055555555555556,0.021266666666666666,1
0.03666666666666667,0.021266666666666666,1
0.03727777777777778,0.021266666666666666,1
0.03788888888888889,0.021266666666666666,1
0.0385,0.021266666666666666,1
0.03911111111111111,0.021266666666666666,1
0.03972222222222222,0.021266666666666666,1
0.04033333333333333,0.021266666666666666,1
0.04094444444444444,0.021266666666666666,1
0.041555555555555554,0.021266666666666666,1
0.042166666666666665,0.021266666666666666,1
0.042777777777777776,0.021266666666666666,1
0.04338888888888889,0.021266666666666666,1
0.044,0.021266666666666666,1
0.04461111111111111,0.021266666666666666,1
0.04522222222222222,0.021266666666666666,1
0.04583333333333333,0.021266666666666666,1
0.04644444444444444,0.021266666666666666,1
0.04705555555555555,0.021266666666666666,1
0.04766666666666666,0.021266666666666666,1
0.048277777777777774,0.021266666666666666,1
0.048888888888888885,0.021266666666666666,1
0.0495,0.021266666666666666,1
0.05011111111111111,0.021266666666666666,1
0.050722222222222224,0.021266666666666666,1
0.051333333333333335,0.021266666666666666,1
0.051944444444444446,0.021266666666666666,1
0.05255555555555556,0.021266666666666666,1
0.05316666666666667,0.021266666666666666,1
0.05377777777777778,0.021266666666666666,1
0.05438888888888889,0.021266666666666666,1
0.055,0.021266666666666666,1
0.0,0.02151111111111111,1
0.0006111111111111111,0.02151111111111111,1
0.0012222222222222222,0.02151111111111111,1
0.0018333333333333333,0.02151111111111111,1
0.0024444444444444444,0.02151111111111111,1
0.0030555555555555553,0.02151111111111111,1
0.0036666666666666666,0.02151111111111111,1
0.004277777777777778,0.02151111111111111,1
0.004888888888888889,0.02151111111111111,1
0.0055,0.02151111111111111,1
0.0061111111111111106,0.02151111111111111,1
0.006722222222222222,0.02151111111111111,1
0.007333333333333333,0.02151111111111111,1
0.007944444444444445,0.02151111111111111,1
0.008555555555555556,0.02151111111111111,1
0.009166666666666667,0.02151111111111111,1
0.009777777777777778,0.02151111111111111,1
0.010388888888888888,0.02151111111111111,1
0.011,0.02151111111111111,1
0.01161111111111111,0.02151111111111111,1
0.012222222222222221,0.02151111111111111,1
0.012833333333333334,0.02151111111111111,1
0.013444444444444445,0.02151111111111111,1
0.014055555555555556,0.02151111111111111,1
0.014666666666666666,0.02151111111111111,1
0.015277777777777777,0.02151111111111111,1
0.01588888888888889,0.02151111111111111,1
0.0165,0.02151111111111111,1
0.01711111111111111,0.02151111111111111,1
0.017722222222222223,0.02151111111111111,1
0.018333333333333333,0.02151111111111111,1
0.018944444444444444,0.02151111111111111,1
0.019555555555555555,0.02151111111111111,1
0.020166666666666666,0.02151111111111111,1
0.020777777777777777,0.02151111111111111,1
0.021388888888888888,0.02151111111111111,1
0.022,0.02151111111111111,1
0.02261111111111111,0.02151111111111111,1
0.02322222222222222,0.02151111111111111,1
0.02383333333333333,0.02151111111111111,1
0.024444444444444442,0.02151111111111111,1
0.025055555555555557,0.02151111111111111,1
0.025666666666666667,0.02151111111111111,1
0.02627777777777778,0.02151111111111111,1
0.02688888888888889,0.02151111111111111,1
0.0275,0.02151111111111111,1
0.02811111111111111,0.02151111111111111,1
0.028722222222222222,0.02151111111111111,1
0.029333333333333333,0.02151111111111111,1
0.029944444444444444,0.02151111111111111,1
0.030555555555555555,0.02151111111111111,1
0.031166666666666665,0.02151111111111111,1
0.03177777777777778,0.02151111111111111,1
0.03238888888888889,0.02151111111111111,1
0.033,0.02151111111111111,1
0.03361111111111111,0.02151111111111111,1
0.03422222222222222,0.02151111111111111,1
0.034833333333333334,0.02151111111111111,1
0.035444444444444445,0.02151111111111111,1
0.036055555555555556,0.02151111111111111,1
0.03666666666666667,0.02151111111111111,1
0.03727777777777778,0.02151111111111111,1
0.03788888888888889,0.02151111111111111,1
0.0385,0.02151111111111111,1
0.03911111111111111,0.02151111111111111,1
0.03972222222222222,0.02151111111111111,1
0.04033333333333333,0.02151111111111111,1
0.04094444444444444,0.02151111111111111,1
0.041555555555555554,0.02151111111111111,1
0.042166666666666665,0.02151111111111111,1
0.042777777777777776,0.02151111111111111,1
0.04338888888888889,0.02151111111111111,1
0.044,0.02151111111111111,1
0.04461111111111111,0.02151111111111111,1
0.04522222222222222,0.02151111111111111,1
0.04583333333333333,0.02151111111111111,1
0.04644444444444444,0.02151111111111111,1
0.04705555555555555,0.02151111111111111,1
0.04766666666666666,0.02151111111111111,1
0.048277777777777774,0.02151111111111111,1
0.048888888888888885,0.02151111111111111,1
0.0495,0.02151111111111111,1
0.05011111111111111,0.02151111111111111,1
0.050722222222222224,0.02151111111111111,1
0.051333333333333335,0.02151111111111111,1
0.051944444444444446,0.02151111111111111,1
0.05255555555555556,0.02151111111111111,1
0.05316666666666667,0.02151111111111111,1
0.05377777777777778,0.02151111111111111,1
0.05438888888888889,0.02151111111111111,1
0.055,0.02151111111111111,1
0.0,0.021755555555555556,1
0.0006111111111111111,0.021755555555555556,1
0.0012222222222222222,0.021755555555555556,1
0.0018333333333333333,0.021755555555555556,1
0.0024444444444444444,0.021755555555555556,1
0.0030555555555555553,0.021755555555555556,1
0.0036666666666666666,0.021755555555555556,1
0.004277777777777778,0.021755555555555556,1
0.004888888888888889,0.021755555555555556,1
0.0055,0.021755555555555556,1
0.0061111111111111106,0.021755555555555556,1
0.006722222222222222,0.021755555555555556,1
0.007333333333333333,0.021755555555555556,1
0.007944444444444445,0.021755555555555556,1
0.008555555555555556,0.021755555555555556,1
0.009166666666666667,0.021755555555555556,1
0.009777777777777778,0.021755555555555556,1
0.010388888888888888,0.021755555555555556,1
0.011,0.021755555555555556,1
0.01161111111111111,0.021755555555555556,1
0.012222222222222221,0.021755555555555556,1
0.012833333333333334,0.021755555555555556,1
0.013444444444444445,0.021755555555555556,1
0.014055555555555556,0.021755555555555556,1
0.014666666666666666,0.021755555555555556,1
0.015277777777777777,0.021755555555555556,1
0.01588888888888889,0.021755555555555556,1
0.0165,0.021755555555555556,1
0.01711111111111111,0.021755555555555556,1
0.017722222222222223,0.021755555555555556,1
0.018333333333333333,0.021755555555555556,1
0.018944444444444444,0.021755555555555556,1
0.019555555555555555,0.021755555555555556,1
0.020166666666666666,0.021755555555555556,1
0.020777777777777777,0.021755555555555556,1
0.021388888888888888,0.021755555555555556,1
0.022,0.021755555555555556,1
0.02261111111111111,0.021755555555555556,1
0.02322222222222222,0.021755555555555556,1
0.02383333333333333,0.021755555555555556,1
0.024444444444444442,0.021755555555555556,1
0.025055555555555557,0.021755555555555556,1
0.025666666666666667,0.021755555555555556,1
0.02627777777777778,0.021755555555555556,1
0.02688888888888889,0.021755555555555556,1
0.0275,0.021755555555555556,1
0.02811111111111111,0.021755555555555556,1
0.028722222222222222,0.021755555555555556,1
0.029333333333333333,0.021755555555555556,1
0.029944444444444444,0.021755555555555556,1
0.030555555555555555,0.021755555555555556,1
0.031166666666666665,0.021755555555555556,1
0.03177777777777778,0.021755555555555556,1
0.03238888888888889,0.021755555555555556,1
0.033,0.021755555555555556,1
0.03361111111111111,0.021755555555555556,1
0.03422222222222222,0.021755555555555556,1
0.034833333333333334,0.021755555555555556,1
0.035444444444444445,0.021755555555555556,1
0.036055555555555556,0.021755555555555556,1
0.03666666666666667,0.021755555555555556,1
0.03727777777777778,0.021755555555555556,1
0.03788888888888889,0.021755555555555556,1
0.0385,0.021755555555555556,1
0.03911111111111111,0.021755555555555556,1
0.03972222222222222,0.021755555555555556,1
0.04033333333333333,0.021755555555555556,1
0.04094444444444444,0.021755555555555556,1
0.041555555555555554,0.021755555555555556,1
0.042166666666666665,0.021755555555555556,1
0.042777777777777776,0.021755555555555556,1
0.04338888888888889,0.021755555555555556,1
0.044,0.021755555555555556,1
0.04461111111111111,0.021755555555555556,1
0.04522222222222222,0.021755555555555556,1
0.04583333333333333,0.021755555555555556,1
0.04644444444444444,0.021755555555555556,1
0.04705555555555555,0.021755555555555556,1
0.04766666666666666,0.021755555555555556,1
0.048277777777777774,0.021755555555555556,1
0.048888888888888885,0.021755555555555556,1
0.0495,0.021755555555555556,1
0.05011111111111111,0.021755555555555556,1
0.050722222222222224,0.021755555555555556,1
0.051333333333333335,0.021755555555555556,1
0.051944444444444446,0.021755555555555556,1
0.05255555555555556,0.021755555555555556,1
0.05316666666666667,0.021755555555555556,1
0.05377777777777778,0.021755555555555556,1
0.05438888888888889,0.021755555555555556,1
0.055,0.021755555555555556,1
0.0,0.022,1
0.0006111111111111111,0.022,1
0.0012222222222222222,0.022,1
0.0018333333333333333,0.022,1
0.0024444444444444444,0.022,1
0.0030555555555555553,0.022,1
0.0036666666666666666,0.022,1
0.004277777777777778,0.022,1
0.004888888888888889,0.022,1
0.0055,0.022,1
0.0061111111111111106,0.022,1
0.006722222222222222,0.022,1
0.007333333333333333,0.022,1
0.007944444444444445,0.022,1
0.008555555555555556,0.022,1
0.009166666666666667,0.022,1
0.009777777777777778,0.022,1
0.010388888888888888,0.022,1
0.011,0.022,1
0.01161111111111111,0.022,1
0.012222222222222221,0.022,1
0.012833333333333334,0.022,1
0.013444444444444445,0.022,1
0.014055555555555556,0.022,1
0.014666666666666666,0.022,1
0.015277777777777777,0.022,1
0.01588888888888889,0.022,1
0.0165,0.022,1
0.01711111111111111,0.022,1
0.017722222222222223,0.022,1
0.018333333333333333,0.022,1
0.018944444444444444,0.022,1
0.019555555555555555,0.022,1
0.020166666666666666,0.022,1
0.020777777777777777,0.022,1
0.021388888888888888,0.022,1
0.022,0.022,1
0.02261111111111111,0.022,1
0.02322222222222222,0.022,1
0.02383333333333333,0.022,1
0.024444444444444442,0.022,1
0.025055555555555557,0.022,1
0.025666666666666667,0.022,1
0.02627777777777778,0.022,1
0.02688888888888889,0.022,1
0.0275,0.022,1
0.02811111111111111,0.022,1
0.028722222222222222,0.022,1
0.029333333333333333,0.022,1
0.029944444444444444,0.022,1
0.030555555555555555,0.022,1
0.031166666666666665,0.022,1
0.03177777777777778,0.022,1
0.03238888888888889,0.022,1
0.033,0.022,1
0.03361111111111111,0.022,1
0.03422222222222222,0.022,1
0.034833333333333334,0.022,1
0.035444444444444445,0.022,1
0.036055555555555556,0.022,1
0.03666666666666667,0.022,1
0.03727777777777778,0.022,1
0.03788888888888889,0.022,1
0.0385,0.022,1
0.03911111111111111,0.022,1
0.03972222222222222,0.022,1
0.04033333333333333,0.022,1
0.04094444444444444,0.022,1
0.041555555555555554,0.022,1
0.042166666666666665,0.022,1
0.042777777777777776,0.022,1
0.04338888888888889,0.022,1
0.044,0.022,1
0.04461111111111111,0.022,1
0.04522222222222222,0.022,1
0.04583333333333333,0.022,1
0.04644444444444444,0.022,1
0.04705555555555555,0.022,1
0.04766666666666666,0.022,1
0.048277777777777774,0.022,1
0.048888888888888885,0.022,1
0.0495,0.022,1
0.05011111111111111,0.022,1
0.050722222222222224,0.022,1
0.051333333333333335,0.022,1
0.051944444444444446,0.022,1
0.05255555555555556,0.022,1
0.05316666666666667,0.022,1
0.05377777777777778,0.022,1
0.05438888888888889,0.022,1
0.055,0.022,1
