panel,series,kind,x_left,x_right,y_value,orientation,admissible
a,theta=0,curve,-1.0,-1.0,-1.0,,0
a,theta=0,curve,-0.9983319432860718,-0.9983319432860718,-0.9983319432860718,,0
a,theta=0,curve,-0.9966638865721434,-0.9966638865721434,-0.9966638865721434,,0
a,theta=0,curve,-0.9949958298582152,-0.9949958298582152,-0.9949958298582152,,0
a,theta=0,curve,-0.9933277731442869,-0.9933277731442869,-0.9933277731442869,,0
a,theta=0,curve,-0.9916597164303587,-0.9916597164303587,-0.9916597164303587,,0
a,theta=0,curve,-0.9899916597164303,-0.9899916597164303,-0.9899916597164303,,0
a,theta=0,curve,-0.9883236030025021,-0.9883236030025021,-0.9883236030025021,,0
a,theta=0,curve,-0.9866555462885738,-0.9866555462885738,-0.9866555462885738,,0
a,theta=0,curve,-0.9849874895746455,-0.9849874895746455,-0.9849874895746455,,0
a,theta=0,curve,-0.9833194328607172,-0.9833194328607172,-0.9833194328607172,,0
a,theta=0,curve,-0.981651376146789,-0.981651376146789,-0.981651376146789,,0
a,theta=0,curve,-0.9799833194328608,-0.9799833194328608,-0.9799833194328608,,0
a,theta=0,curve,-0.9783152627189324,-0.9783152627189324,-0.9783152627189324,,0
a,theta=0,curve,-0.9766472060050042,-0.9766472060050042,-0.9766472060050042,,0
a,theta=0,curve,-0.9749791492910759,-0.9749791492910759,-0.9749791492910759,,0
a,theta=0,curve,-0.9733110925771477,-0.9733110925771477,-0.9733110925771477,,0
a,theta=0,curve,-0.9716430358632193,-0.9716430358632193,-0.9716430358632193,,0
a,theta=0,curve,-0.9699749791492911,-0.9699749791492911,-0.9699749791492911,,0
a,theta=0,curve,-0.9683069224353628,-0.9683069224353628,-0.9683069224353628,,0
a,theta=0,curve,-0.9666388657214345,-0.9666388657214345,-0.9666388657214345,,0
a,theta=0,curve,-0.9649708090075062,-0.9649708090075062,-0.9649708090075062,,0
a,theta=0,curve,-0.963302752293578,-0.963302752293578,-0.963302752293578,,0
a,theta=0,curve,-0.9616346955796498,-0.9616346955796498,-0.9616346955796498,,0
a,theta=0,curve,-0.9599666388657214,-0.9599666388657214,-0.9599666388657214,,0
a,theta=0,curve,-0.9582985821517932,-0.9582985821517932,-0.9582985821517932,,0
a,theta=0,curve,-0.9566305254378649,-0.9566305254378649,-0.9566305254378649,,0
a,theta=0,curve,-0.9549624687239366,-0.9549624687239366,-0.9549624687239366,,0
a,theta=0,curve,-0.9532944120100083,-0.9532944120100083,-0.9532944120100083,,0
a,theta=0,curve,-0.9516263552960801,-0.9516263552960801,-0.9516263552960801,,0
a,theta=0,curve,-0.9499582985821518,-0.9499582985821518,-0.9499582985821518,,0
a,theta=0,curve,-0.9482902418682235,-0.9482902418682235,-0.9482902418682235,,0
a,theta=0,curve,-0.9466221851542953,-0.9466221851542953,-0.9466221851542953,,0
a,theta=0,curve,-0.944954128440367,-0.944954128440367,-0.944954128440367,,0
a,theta=0,curve,-0.9432860717264387,-0.9432860717264387,-0.9432860717264387,,0
a,theta=0,curve,-0.9416180150125104,-0.9416180150125104,-0.9416180150125104,,0
a,theta=0,curve,-0.9399499582985822,-0.9399499582985822,-0.9399499582985822,,0
a,theta=0,curve,-0.9382819015846539,-0.9382819015846539,-0.9382819015846539,,0
a,theta=0,curve,-0.9366138448707256,-0.9366138448707256,-0.9366138448707256,,0
a,theta=0,curve,-0.9349457881567973,-0.9349457881567973,-0.9349457881567973,,0
a,theta=0,curve,-0.9332777314428691,-0.9332777314428691,-0.9332777314428691,,0
a,theta=0,curve,-0.9316096747289407,-0.9316096747289407,-0.9316096747289407,,0
a,theta=0,curve,-0.9299416180150125,-0.9299416180150125,-0.9299416180150125,,0
a,theta=0,curve,-0.9282735613010842,-0.9282735613010842,-0.9282735613010842,,0
a,theta=0,curve,-0.926605504587156,-0.926605504587156,-0.926605504587156,,0
a,theta=0,curve,-0.9249374478732277,-0.9249374478732277,-0.9249374478732277,,0
a,theta=0,curve,-0.9232693911592994,-0.9232693911592994,-0.9232693911592994,,0
a,theta=0,curve,-0.9216013344453712,-0.9216013344453712,-0.9216013344453712,,0
a,theta=0,curve,-0.9199332777314428,-0.9199332777314428,-0.9199332777314428,,0
a,theta=0,curve,-0.9182652210175146,-0.9182652210175146,-0.9182652210175146,,0
a,theta=0,curve,-0.9165971643035863,-0.9165971643035863,-0.9165971643035863,,0
a,theta=0,curve,-0.9149291075896581,-0.9149291075896581,-0.9149291075896581,,0
a,theta=0,curve,-0.9132610508757297,-0.9132610508757297,-0.9132610508757297,,0
a,theta=0,curve,-0.9115929941618015,-0.9115929941618015,-0.9115929941618015,,0
a,theta=0,curve,-0.9099249374478733,-0.9099249374478733,-0.9099249374478733,,0
a,theta=0,curve,-0.908256880733945,-0.908256880733945,-0.908256880733945,,0
a,theta=0,curve,-0.9065888240200167,-0.9065888240200167,-0.9065888240200167,,0
a,theta=0,curve,-0.9049207673060884,-0.9049207673060884,-0.9049207673060884,,0
a,theta=0,curve,-0.9032527105921602,-0.9032527105921602,-0.9032527105921602,,0
a,theta=0,curve,-0.9015846538782318,-0.9015846538782318,-0.9015846538782318,,0
a,theta=0,curve,-0.8999165971643036,-0.8999165971643036,-0.8999165971643036,,0
a,theta=0,curve,-0.8982485404503753,-0.8982485404503753,-0.8982485404503753,,0
a,theta=0,curve,-0.896580483736447,-0.896580483736447,-0.896580483736447,,0
a,theta=0,curve,-0.8949124270225188,-0.8949124270225188,-0.8949124270225188,,0
a,theta=0,curve,-0.8932443703085905,-0.8932443703085905,-0.8932443703085905,,0
a,theta=0,curve,-0.8915763135946622,-0.8915763135946622,-0.8915763135946622,,0
a,theta=0,curve,-0.8899082568807339,-0.8899082568807339,-0.8899082568807339,,0
a,theta=0,curve,-0.8882402001668057,-0.8882402001668057,-0.8882402001668057,,0
a,theta=0,curve,-0.8865721434528774,-0.8865721434528774,-0.8865721434528774,,0
a,theta=0,curve,-0.8849040867389492,-0.8849040867389492,-0.8849040867389492,,0
a,theta=0,curve,-0.8832360300250208,-0.8832360300250208,-0.8832360300250208,,0
a,theta=0,curve,-0.8815679733110926,-0.8815679733110926,-0.8815679733110926,,0
a,theta=0,curve,-0.8798999165971643,-0.8798999165971643,-0.8798999165971643,,0
a,theta=0,curve,-0.878231859883236,-0.878231859883236,-0.878231859883236,,0
a,theta=0,curve,-0.8765638031693077,-0.8765638031693077,-0.8765638031693077,,0
a,theta=0,curve,-0.8748957464553795,-0.8748957464553795,-0.8748957464553795,,0
a,theta=0,curve,-0.8732276897414513,-0.8732276897414513,-0.8732276897414513,,0
a,theta=0,curve,-0.8715596330275229,-0.8715596330275229,-0.8715596330275229,,0
a,theta=0,curve,-0.8698915763135947,-0.8698915763135947,-0.8698915763135947,,0
a,theta=0,curve,-0.8682235195996664,-0.8682235195996664,-0.8682235195996664,,0
a,theta=0,curve,-0.8665554628857381,-0.8665554628857381,-0.8665554628857381,,0
a,theta=0,curve,-0.8648874061718098,-0.8648874061718098,-0.8648874061718098,,0
a,theta=0,curve,-0.8632193494578816,-0.8632193494578816,-0.8632193494578816,,0
a,theta=0,curve,-0.8615512927439533,-0.8615512927439533,-0.8615512927439533,,0
a,theta=0,curve,-0.859883236030025,-0.859883236030025,-0.859883236030025,,0
a,theta=0,curve,-0.8582151793160968,-0.8582151793160968,-0.8582151793160968,,0
a,theta=0,curve,-0.8565471226021685,-0.8565471226021685,-0.8565471226021685,,0
a,theta=0,curve,-0.8548790658882401,-0.8548790658882401,-0.8548790658882401,,0
a,theta=0,curve,-0.8532110091743119,-0.8532110091743119,-0.8532110091743119,,0
a,theta=0,curve,-0.8515429524603837,-0.8515429524603837,-0.8515429524603837,,0
a,theta=0,curve,-0.8498748957464554,-0.8498748957464554,-0.8498748957464554,,0
a,theta=0,curve,-0.8482068390325271,-0.8482068390325271,-0.8482068390325271,,0
a,theta=0,curve,-0.8465387823185988,-0.8465387823185988,-0.8465387823185988,,0
a,theta=0,curve,-0.8448707256046706,-0.8448707256046706,-0.8448707256046706,,0
a,theta=0,curve,-0.8432026688907424,-0.8432026688907424,-0.8432026688907424,,0
a,theta=0,curve,-0.841534612176814,-0.841534612176814,-0.841534612176814,,0
a,theta=0,curve,-0.8398665554628857,-0.8398665554628857,-0.8398665554628857,,0
a,theta=0,curve,-0.8381984987489575,-0.8381984987489575,-0.8381984987489575,,0
a,theta=0,curve,-0.8365304420350292,-0.8365304420350292,-0.8365304420350292,,0
a,theta=0,curve,-0.8348623853211009,-0.8348623853211009,-0.8348623853211009,,0
a,theta=0,curve,-0.8331943286071727,-0.8331943286071727,-0.8331943286071727,,0
a,theta=0,curve,-0.8315262718932444,-0.8315262718932444,-0.8315262718932444,,0
a,theta=0,curve,-0.8298582151793161,-0.8298582151793161,-0.8298582151793161,,0
a,theta=0,curve,-0.8281901584653878,-0.8281901584653878,-0.8281901584653878,,0
a,theta=0,curve,-0.8265221017514596,-0.8265221017514596,-0.8265221017514596,,0
a,theta=0,curve,-0.8248540450375312,-0.8248540450375312,-0.8248540450375312,,0
a,theta=0,curve,-0.823185988323603,-0.823185988323603,-0.823185988323603,,0
a,theta=0,curve,-0.8215179316096748,-0.8215179316096748,-0.8215179316096748,,0
a,theta=0,curve,-0.8198498748957465,-0.8198498748957465,-0.8198498748957465,,0
a,theta=0,curve,-0.8181818181818181,-0.8181818181818181,-0.8181818181818181,,0
a,theta=0,curve,-0.8165137614678899,-0.8165137614678899,-0.8165137614678899,,0
a,theta=0,curve,-0.8148457047539617,-0.8148457047539617,-0.8148457047539617,,0
a,theta=0,curve,-0.8131776480400333,-0.8131776480400333,-0.8131776480400333,,0
a,theta=0,curve,-0.8115095913261051,-0.8115095913261051,-0.8115095913261051,,0
a,theta=0,curve,-0.8098415346121768,-0.8098415346121768,-0.8098415346121768,,0
a,theta=0,curve,-0.8081734778982486,-0.8081734778982486,-0.8081734778982486,,0
a,theta=0,curve,-0.8065054211843203,-0.8065054211843203,-0.8065054211843203,,0
a,theta=0,curve,-0.804837364470392,-0.804837364470392,-0.804837364470392,,0
a,theta=0,curve,-0.8031693077564637,-0.8031693077564637,-0.8031693077564637,,0
a,theta=0,curve,-0.8015012510425354,-0.8015012510425354,-0.8015012510425354,,0
a,theta=0,curve,-0.7998331943286072,-0.7998331943286072,-0.7998331943286072,,0
a,theta=0,curve,-0.7981651376146789,-0.7981651376146789,-0.7981651376146789,,0
a,theta=0,curve,-0.7964970809007507,-0.7964970809007507,-0.7964970809007507,,0
a,theta=0,curve,-0.7948290241868223,-0.7948290241868223,-0.7948290241868223,,0
a,theta=0,curve,-0.7931609674728941,-0.7931609674728941,-0.7931609674728941,,0
a,theta=0,curve,-0.7914929107589658,-0.7914929107589658,-0.7914929107589658,,0
a,theta=0,curve,-0.7898248540450375,-0.7898248540450375,-0.7898248540450375,,0
a,theta=0,curve,-0.7881567973311092,-0.7881567973311092,-0.7881567973311092,,0
a,theta=0,curve,-0.786488740617181,-0.786488740617181,-0.786488740617181,,0
a,theta=0,curve,-0.7848206839032528,-0.7848206839032528,-0.7848206839032528,,0
a,theta=0,curve,-0.7831526271893244,-0.7831526271893244,-0.7831526271893244,,0
a,theta=0,curve,-0.7814845704753962,-0.7814845704753962,-0.7814845704753962,,0
a,theta=0,curve,-0.7798165137614679,-0.7798165137614679,-0.7798165137614679,,0
a,theta=0,curve,-0.7781484570475397,-0.7781484570475397,-0.7781484570475397,,0
a,theta=0,curve,-0.7764804003336113,-0.7764804003336113,-0.7764804003336113,,0
a,theta=0,curve,-0.7748123436196831,-0.7748123436196831,-0.7748123436196831,,0
a,theta=0,curve,-0.7731442869057548,-0.7731442869057548,-0.7731442869057548,,0
a,theta=0,curve,-0.7714762301918265,-0.7714762301918265,-0.7714762301918265,,0
a,theta=0,curve,-0.7698081734778983,-0.7698081734778983,-0.7698081734778983,,0
a,theta=0,curve,-0.76814011676397,-0.76814011676397,-0.76814011676397,,0
a,theta=0,curve,-0.7664720600500416,-0.7664720600500416,-0.7664720600500416,,0
a,theta=0,curve,-0.7648040033361134,-0.7648040033361134,-0.7648040033361134,,0
a,theta=0,curve,-0.7631359466221852,-0.7631359466221852,-0.7631359466221852,,0
a,theta=0,curve,-0.7614678899082569,-0.7614678899082569,-0.7614678899082569,,0
a,theta=0,curve,-0.7597998331943286,-0.7597998331943286,-0.7597998331943286,,0
a,theta=0,curve,-0.7581317764804003,-0.7581317764804003,-0.7581317764804003,,0
a,theta=0,curve,-0.7564637197664721,-0.7564637197664721,-0.7564637197664721,,0
a,theta=0,curve,-0.7547956630525439,-0.7547956630525439,-0.7547956630525439,,0
a,theta=0,curve,-0.7531276063386155,-0.7531276063386155,-0.7531276063386155,,0
a,theta=0,curve,-0.7514595496246872,-0.7514595496246872,-0.7514595496246872,,0
a,theta=0,curve,-0.749791492910759,-0.749791492910759,-0.749791492910759,,0
a,theta=0,curve,-0.7481234361968307,-0.7481234361968307,-0.7481234361968307,,0
a,theta=0,curve,-0.7464553794829024,-0.7464553794829024,-0.7464553794829024,,0
a,theta=0,curve,-0.7447873227689741,-0.7447873227689741,-0.7447873227689741,,0
a,theta=0,curve,-0.7431192660550459,-0.7431192660550459,-0.7431192660550459,,0
a,theta=0,curve,-0.7414512093411176,-0.7414512093411176,-0.7414512093411176,,0
a,theta=0,curve,-0.7397831526271894,-0.7397831526271894,-0.7397831526271894,,0
a,theta=0,curve,-0.7381150959132611,-0.7381150959132611,-0.7381150959132611,,0
a,theta=0,curve,-0.7364470391993327,-0.7364470391993327,-0.7364470391993327,,0
a,theta=0,curve,-0.7347789824854045,-0.7347789824854045,-0.7347789824854045,,0
a,theta=0,curve,-0.7331109257714763,-0.7331109257714763,-0.7331109257714763,,0
a,theta=0,curve,-0.731442869057548,-0.731442869057548,-0.731442869057548,,0
a,theta=0,curve,-0.7297748123436196,-0.7297748123436196,-0.7297748123436196,,0
a,theta=0,curve,-0.7281067556296914,-0.7281067556296914,-0.7281067556296914,,0
a,theta=0,curve,-0.7264386989157632,-0.7264386989157632,-0.7264386989157632,,0
a,theta=0,curve,-0.7247706422018348,-0.7247706422018348,-0.7247706422018348,,0
a,theta=0,curve,-0.7231025854879066,-0.7231025854879066,-0.7231025854879066,,0
a,theta=0,curve,-0.7214345287739783,-0.7214345287739783,-0.7214345287739783,,0
a,theta=0,curve,-0.7197664720600501,-0.7197664720600501,-0.7197664720600501,,0
a,theta=0,curve,-0.7180984153461218,-0.7180984153461218,-0.7180984153461218,,0
a,theta=0,curve,-0.7164303586321935,-0.7164303586321935,-0.7164303586321935,,0
a,theta=0,curve,-0.7147623019182652,-0.7147623019182652,-0.7147623019182652,,0
a,theta=0,curve,-0.713094245204337,-0.713094245204337,-0.713094245204337,,0
a,theta=0,curve,-0.7114261884904087,-0.7114261884904087,-0.7114261884904087,,0
a,theta=0,curve,-0.7097581317764804,-0.7097581317764804,-0.7097581317764804,,0
a,theta=0,curve,-0.7080900750625521,-0.7080900750625521,-0.7080900750625521,,0
a,theta=0,curve,-0.7064220183486238,-0.7064220183486238,-0.7064220183486238,,0
a,theta=0,curve,-0.7047539616346956,-0.7047539616346956,-0.7047539616346956,,0
a,theta=0,curve,-0.7030859049207674,-0.7030859049207674,-0.7030859049207674,,0
a,theta=0,curve,-0.7014178482068391,-0.7014178482068391,-0.7014178482068391,,0
a,theta=0,curve,-0.6997497914929107,-0.6997497914929107,-0.6997497914929107,,0
a,theta=0,curve,-0.6980817347789825,-0.6980817347789825,-0.6980817347789825,,0
a,theta=0,curve,-0.6964136780650543,-0.6964136780650543,-0.6964136780650543,,0
a,theta=0,curve,-0.6947456213511259,-0.6947456213511259,-0.6947456213511259,,0
a,theta=0,curve,-0.6930775646371976,-0.6930775646371976,-0.6930775646371976,,0
a,theta=0,curve,-0.6914095079232694,-0.6914095079232694,-0.6914095079232694,,0
a,theta=0,curve,-0.6897414512093412,-0.6897414512093412,-0.6897414512093412,,0
a,theta=0,curve,-0.6880733944954129,-0.6880733944954129,-0.6880733944954129,,0
a,theta=0,curve,-0.6864053377814846,-0.6864053377814846,-0.6864053377814846,,0
a,theta=0,curve,-0.6847372810675563,-0.6847372810675563,-0.6847372810675563,,0
a,theta=0,curve,-0.683069224353628,-0.683069224353628,-0.683069224353628,,0
a,theta=0,curve,-0.6814011676396998,-0.6814011676396998,-0.6814011676396998,,0
a,theta=0,curve,-0.6797331109257715,-0.6797331109257715,-0.6797331109257715,,0
a,theta=0,curve,-0.6780650542118432,-0.6780650542118432,-0.6780650542118432,,0
a,theta=0,curve,-0.6763969974979149,-0.6763969974979149,-0.6763969974979149,,0
a,theta=0,curve,-0.6747289407839867,-0.6747289407839867,-0.6747289407839867,,0
a,theta=0,curve,-0.6730608840700584,-0.6730608840700584,-0.6730608840700584,,0
a,theta=0,curve,-0.67139282735613,-0.67139282735613,-0.67139282735613,,0
a,theta=0,curve,-0.6697247706422018,-0.6697247706422018,-0.6697247706422018,,0
a,theta=0,curve,-0.6680567139282736,-0.6680567139282736,-0.6680567139282736,,0
a,theta=0,curve,-0.6663886572143454,-0.6663886572143454,-0.6663886572143454,,0
a,theta=0,curve,-0.664720600500417,-0.664720600500417,-0.664720600500417,,0
a,theta=0,curve,-0.6630525437864887,-0.6630525437864887,-0.6630525437864887,,0
a,theta=0,curve,-0.6613844870725605,-0.6613844870725605,-0.6613844870725605,,0
a,theta=0,curve,-0.6597164303586323,-0.6597164303586323,-0.6597164303586323,,0
a,theta=0,curve,-0.6580483736447039,-0.6580483736447039,-0.6580483736447039,,0
a,theta=0,curve,-0.6563803169307756,-0.6563803169307756,-0.6563803169307756,,0
a,theta=0,curve,-0.6547122602168474,-0.6547122602168474,-0.6547122602168474,,0
a,theta=0,curve,-0.6530442035029191,-0.6530442035029191,-0.6530442035029191,,0
a,theta=0,curve,-0.6513761467889909,-0.6513761467889909,-0.6513761467889909,,0
a,theta=0,curve,-0.6497080900750626,-0.6497080900750626,-0.6497080900750626,,0
a,theta=0,curve,-0.6480400333611342,-0.6480400333611342,-0.6480400333611342,,0
a,theta=0,curve,-0.646371976647206,-0.646371976647206,-0.646371976647206,,0
a,theta=0,curve,-0.6447039199332778,-0.6447039199332778,-0.6447039199332778,,0
a,theta=0,curve,-0.6430358632193495,-0.6430358632193495,-0.6430358632193495,,0
a,theta=0,curve,-0.6413678065054211,-0.6413678065054211,-0.6413678065054211,,0
a,theta=0,curve,-0.6396997497914929,-0.6396997497914929,-0.6396997497914929,,0
a,theta=0,curve,-0.6380316930775647,-0.6380316930775647,-0.6380316930775647,,0
a,theta=0,curve,-0.6363636363636364,-0.6363636363636364,-0.6363636363636364,,0
a,theta=0,curve,-0.6346955796497081,-0.6346955796497081,-0.6346955796497081,,0
a,theta=0,curve,-0.6330275229357798,-0.6330275229357798,-0.6330275229357798,,0
a,theta=0,curve,-0.6313594662218516,-0.6313594662218516,-0.6313594662218516,,0
a,theta=0,curve,-0.6296914095079233,-0.6296914095079233,-0.6296914095079233,,0
a,theta=0,curve,-0.628023352793995,-0.628023352793995,-0.628023352793995,,0
a,theta=0,curve,-0.6263552960800667,-0.6263552960800667,-0.6263552960800667,,0
a,theta=0,curve,-0.6246872393661385,-0.6246872393661385,-0.6246872393661385,,0
a,theta=0,curve,-0.6230191826522102,-0.6230191826522102,-0.6230191826522102,,0
a,theta=0,curve,-0.6213511259382819,-0.6213511259382819,-0.6213511259382819,,0
a,theta=0,curve,-0.6196830692243536,-0.6196830692243536,-0.6196830692243536,,0
a,theta=0,curve,-0.6180150125104253,-0.6180150125104253,-0.6180150125104253,,0
a,theta=0,curve,-0.6163469557964971,-0.6163469557964971,-0.6163469557964971,,0
a,theta=0,curve,-0.6146788990825689,-0.6146788990825689,-0.6146788990825689,,0
a,theta=0,curve,-0.6130108423686406,-0.6130108423686406,-0.6130108423686406,,0
a,theta=0,curve,-0.6113427856547122,-0.6113427856547122,-0.6113427856547122,,0
a,theta=0,curve,-0.609674728940784,-0.609674728940784,-0.609674728940784,,0
a,theta=0,curve,-0.6080066722268558,-0.6080066722268558,-0.6080066722268558,,0
a,theta=0,curve,-0.6063386155129274,-0.6063386155129274,-0.6063386155129274,,0
a,theta=0,curve,-0.6046705587989991,-0.6046705587989991,-0.6046705587989991,,0
a,theta=0,curve,-0.6030025020850709,-0.6030025020850709,-0.6030025020850709,,0
a,theta=0,curve,-0.6013344453711427,-0.6013344453711427,-0.6013344453711427,,0
a,theta=0,curve,-0.5996663886572143,-0.5996663886572143,-0.5996663886572143,,0
a,theta=0,curve,-0.5979983319432861,-0.5979983319432861,-0.5979983319432861,,0
a,theta=0,curve,-0.5963302752293578,-0.5963302752293578,-0.5963302752293578,,0
a,theta=0,curve,-0.5946622185154296,-0.5946622185154296,-0.5946622185154296,,0
a,theta=0,curve,-0.5929941618015013,-0.5929941618015013,-0.5929941618015013,,0
a,theta=0,curve,-0.591326105087573,-0.591326105087573,-0.591326105087573,,0
a,theta=0,curve,-0.5896580483736447,-0.5896580483736447,-0.5896580483736447,,0
a,theta=0,curve,-0.5879899916597164,-0.5879899916597164,-0.5879899916597164,,0
a,theta=0,curve,-0.5863219349457882,-0.5863219349457882,-0.5863219349457882,,0
a,theta=0,curve,-0.5846538782318599,-0.5846538782318599,-0.5846538782318599,,0
a,theta=0,curve,-0.5829858215179315,-0.5829858215179315,-0.5829858215179315,,0
a,theta=0,curve,-0.5813177648040033,-0.5813177648040033,-0.5813177648040033,,0
a,theta=0,curve,-0.5796497080900751,-0.5796497080900751,-0.5796497080900751,,0
a,theta=0,curve,-0.5779816513761469,-0.5779816513761469,-0.5779816513761469,,0
a,theta=0,curve,-0.5763135946622185,-0.5763135946622185,-0.5763135946622185,,0
a,theta=0,curve,-0.5746455379482902,-0.5746455379482902,-0.5746455379482902,,0
a,theta=0,curve,-0.572977481234362,-0.572977481234362,-0.572977481234362,,0
a,theta=0,curve,-0.5713094245204338,-0.5713094245204338,-0.5713094245204338,,0
a,theta=0,curve,-0.5696413678065054,-0.5696413678065054,-0.5696413678065054,,0
a,theta=0,curve,-0.5679733110925771,-0.5679733110925771,-0.5679733110925771,,0
a,theta=0,curve,-0.5663052543786489,-0.5663052543786489,-0.5663052543786489,,0
a,theta=0,curve,-0.5646371976647206,-0.5646371976647206,-0.5646371976647206,,0
a,theta=0,curve,-0.5629691409507924,-0.5629691409507924,-0.5629691409507924,,0
a,theta=0,curve,-0.5613010842368641,-0.5613010842368641,-0.5613010842368641,,0
a,theta=0,curve,-0.5596330275229358,-0.5596330275229358,-0.5596330275229358,,0
a,theta=0,curve,-0.5579649708090075,-0.5579649708090075,-0.5579649708090075,,0
a,theta=0,curve,-0.5562969140950793,-0.5562969140950793,-0.5562969140950793,,0
a,theta=0,curve,-0.554628857381151,-0.554628857381151,-0.554628857381151,,0
a,theta=0,curve,-0.5529608006672226,-0.5529608006672226,-0.5529608006672226,,0
a,theta=0,curve,-0.5512927439532944,-0.5512927439532944,-0.5512927439532944,,0
a,theta=0,curve,-0.5496246872393662,-0.5496246872393662,-0.5496246872393662,,0
a,theta=0,curve,-0.5479566305254379,-0.5479566305254379,-0.5479566305254379,,0
a,theta=0,curve,-0.5462885738115096,-0.5462885738115096,-0.5462885738115096,,0
a,theta=0,curve,-0.5446205170975813,-0.5446205170975813,-0.5446205170975813,,0
a,theta=0,curve,-0.5429524603836531,-0.5429524603836531,-0.5429524603836531,,0
a,theta=0,curve,-0.5412844036697249,-0.5412844036697249,-0.5412844036697249,,0
a,theta=0,curve,-0.5396163469557965,-0.5396163469557965,-0.5396163469557965,,0
a,theta=0,curve,-0.5379482902418682,-0.5379482902418682,-0.5379482902418682,,0
a,theta=0,curve,-0.53628023352794,-0.53628023352794,-0.53628023352794,,0
a,theta=0,curve,-0.5346121768140117,-0.5346121768140117,-0.5346121768140117,,0
a,theta=0,curve,-0.5329441201000834,-0.5329441201000834,-0.5329441201000834,,0
a,theta=0,curve,-0.5312760633861551,-0.5312760633861551,-0.5312760633861551,,0
a,theta=0,curve,-0.5296080066722268,-0.5296080066722268,-0.5296080066722268,,0
a,theta=0,curve,-0.5279399499582986,-0.5279399499582986,-0.5279399499582986,,0
a,theta=0,curve,-0.5262718932443704,-0.5262718932443704,-0.5262718932443704,,0
a,theta=0,curve,-0.5246038365304421,-0.5246038365304421,-0.5246038365304421,,0
a,theta=0,curve,-0.5229357798165137,-0.5229357798165137,-0.5229357798165137,,0
a,theta=0,curve,-0.5212677231025855,-0.5212677231025855,-0.5212677231025855,,0
a,theta=0,curve,-0.5195996663886573,-0.5195996663886573,-0.5195996663886573,,0
a,theta=0,curve,-0.517931609674729,-0.517931609674729,-0.517931609674729,,0
a,theta=0,curve,-0.5162635529608006,-0.5162635529608006,-0.5162635529608006,,0
a,theta=0,curve,-0.5145954962468724,-0.5145954962468724,-0.5145954962468724,,0
a,theta=0,curve,-0.5129274395329442,-0.5129274395329442,-0.5129274395329442,,0
a,theta=0,curve,-0.5112593828190158,-0.5112593828190158,-0.5112593828190158,,0
a,theta=0,curve,-0.5095913261050876,-0.5095913261050876,-0.5095913261050876,,0
a,theta=0,curve,-0.5079232693911593,-0.5079232693911593,-0.5079232693911593,,0
a,theta=0,curve,-0.5062552126772311,-0.5062552126772311,-0.5062552126772311,,0
a,theta=0,curve,-0.5045871559633028,-0.5045871559633028,-0.5045871559633028,,0
a,theta=0,curve,-0.5029190992493745,-0.5029190992493745,-0.5029190992493745,,0
a,theta=0,curve,-0.5012510425354462,-0.5012510425354462,-0.5012510425354462,,0
a,theta=0,curve,-0.49958298582151794,-0.49958298582151794,-0.49958298582151794,,0
a,theta=0,curve,-0.4979149291075897,-0.4979149291075897,-0.4979149291075897,,0
a,theta=0,curve,-0.4962468723936614,-0.4962468723936614,-0.4962468723936614,,0
a,theta=0,curve,-0.49457881567973316,-0.49457881567973316,-0.49457881567973316,,0
a,theta=0,curve,-0.49291075896580483,-0.49291075896580483,-0.49291075896580483,,0
a,theta=0,curve,-0.4912427022518766,-0.4912427022518766,-0.4912427022518766,,0
a,theta=0,curve,-0.48957464553794827,-0.48957464553794827,-0.48957464553794827,,0
a,theta=0,curve,-0.48790658882402005,-0.48790658882402005,-0.48790658882402005,,0
a,theta=0,curve,-0.4862385321100917,-0.4862385321100917,-0.4862385321100917,,0
a,theta=0,curve,-0.4845704753961635,-0.4845704753961635,-0.4845704753961635,,0
a,theta=0,curve,-0.48290241868223527,-0.48290241868223527,-0.48290241868223527,,0
a,theta=0,curve,-0.48123436196830693,-0.48123436196830693,-0.48123436196830693,,0
a,theta=0,curve,-0.4795663052543787,-0.4795663052543787,-0.4795663052543787,,0
a,theta=0,curve,-0.4778982485404504,-0.4778982485404504,-0.4778982485404504,,0
a,theta=0,curve,-0.47623019182652215,-0.47623019182652215,-0.47623019182652215,,0
a,theta=0,curve,-0.4745621351125938,-0.4745621351125938,-0.4745621351125938,,0
a,theta=0,curve,-0.4728940783986656,-0.4728940783986656,-0.4728940783986656,,0
a,theta=0,curve,-0.47122602168473726,-0.47122602168473726,-0.47122602168473726,,0
a,theta=0,curve,-0.46955796497080904,-0.46955796497080904,-0.46955796497080904,,0
a,theta=0,curve,-0.4678899082568807,-0.4678899082568807,-0.4678899082568807,,0
a,theta=0,curve,-0.4662218515429525,-0.4662218515429525,-0.4662218515429525,,0
a,theta=0,curve,-0.46455379482902426,-0.46455379482902426,-0.46455379482902426,,0
a,theta=0,curve,-0.4628857381150959,-0.4628857381150959,-0.4628857381150959,,0
a,theta=0,curve,-0.4612176814011677,-0.4612176814011677,-0.4612176814011677,,0
a,theta=0,curve,-0.45954962468723937,-0.45954962468723937,-0.45954962468723937,,0
a,theta=0,curve,-0.45788156797331114,-0.45788156797331114,-0.45788156797331114,,0
a,theta=0,curve,-0.4562135112593828,-0.4562135112593828,-0.4562135112593828,,0
a,theta=0,curve,-0.4545454545454546,-0.4545454545454546,-0.4545454545454546,,0
a,theta=0,curve,-0.45287739783152625,-0.45287739783152625,-0.45287739783152625,,0
a,theta=0,curve,-0.45120934111759803,-0.45120934111759803,-0.45120934111759803,,0
a,theta=0,curve,-0.4495412844036697,-0.4495412844036697,-0.4495412844036697,,0
a,theta=0,curve,-0.44787322768974147,-0.44787322768974147,-0.44787322768974147,,0
a,theta=0,curve,-0.44620517097581325,-0.44620517097581325,-0.44620517097581325,,0
a,theta=0,curve,-0.4445371142618849,-0.4445371142618849,-0.4445371142618849,,0
a,theta=0,curve,-0.4428690575479567,-0.4428690575479567,-0.4428690575479567,,0
a,theta=0,curve,-0.44120100083402836,-0.44120100083402836,-0.44120100083402836,,0
a,theta=0,curve,-0.43953294412010013,-0.43953294412010013,-0.43953294412010013,,0
a,theta=0,curve,-0.4378648874061718,-0.4378648874061718,-0.4378648874061718,,0
a,theta=0,curve,-0.4361968306922436,-0.4361968306922436,-0.4361968306922436,,0
a,theta=0,curve,-0.43452877397831524,-0.43452877397831524,-0.43452877397831524,,0
a,theta=0,curve,-0.432860717264387,-0.432860717264387,-0.432860717264387,,0
a,theta=0,curve,-0.4311926605504587,-0.4311926605504587,-0.4311926605504587,,0
a,theta=0,curve,-0.42952460383653046,-0.42952460383653046,-0.42952460383653046,,0
a,theta=0,curve,-0.42785654712260224,-0.42785654712260224,-0.42785654712260224,,0
a,theta=0,curve,-0.4261884904086739,-0.4261884904086739,-0.4261884904086739,,0
a,theta=0,curve,-0.4245204336947457,-0.4245204336947457,-0.4245204336947457,,0
a,theta=0,curve,-0.42285237698081735,-0.42285237698081735,-0.42285237698081735,,0
a,theta=0,curve,-0.4211843202668891,-0.4211843202668891,-0.4211843202668891,,0
a,theta=0,curve,-0.4195162635529608,-0.4195162635529608,-0.4195162635529608,,0
a,theta=0,curve,-0.41784820683903257,-0.41784820683903257,-0.41784820683903257,,0
a,theta=0,curve,-0.41618015012510423,-0.41618015012510423,-0.41618015012510423,,0
a,theta=0,curve,-0.414512093411176,-0.414512093411176,-0.414512093411176,,0
a,theta=0,curve,-0.4128440366972477,-0.4128440366972477,-0.4128440366972477,,0
a,theta=0,curve,-0.41117597998331945,-0.41117597998331945,-0.41117597998331945,,0
a,theta=0,curve,-0.4095079232693912,-0.4095079232693912,-0.4095079232693912,,0
a,theta=0,curve,-0.4078398665554629,-0.4078398665554629,-0.4078398665554629,,0
a,theta=0,curve,-0.40617180984153467,-0.40617180984153467,-0.40617180984153467,,0
a,theta=0,curve,-0.40450375312760634,-0.40450375312760634,-0.40450375312760634,,0
a,theta=0,curve,-0.4028356964136781,-0.4028356964136781,-0.4028356964136781,,0
a,theta=0,curve,-0.4011676396997498,-0.4011676396997498,-0.4011676396997498,,0
a,theta=0,curve,-0.39949958298582156,-0.39949958298582156,-0.39949958298582156,,0
a,theta=0,curve,-0.3978315262718932,-0.3978315262718932,-0.3978315262718932,,0
a,theta=0,curve,-0.396163469557965,-0.396163469557965,-0.396163469557965,,0
a,theta=0,curve,-0.3944954128440368,-0.3944954128440368,-0.3944954128440368,,0
a,theta=0,curve,-0.39282735613010844,-0.39282735613010844,-0.39282735613010844,,0
a,theta=0,curve,-0.3911592994161802,-0.3911592994161802,-0.3911592994161802,,0
a,theta=0,curve,-0.3894912427022519,-0.3894912427022519,-0.3894912427022519,,0
a,theta=0,curve,-0.38782318598832366,-0.38782318598832366,-0.38782318598832366,,0
a,theta=0,curve,-0.3861551292743953,-0.3861551292743953,-0.3861551292743953,,0
a,theta=0,curve,-0.3844870725604671,-0.3844870725604671,-0.3844870725604671,,0
a,theta=0,curve,-0.38281901584653877,-0.38281901584653877,-0.38281901584653877,,0
a,theta=0,curve,-0.38115095913261055,-0.38115095913261055,-0.38115095913261055,,0
a,theta=0,curve,-0.3794829024186822,-0.3794829024186822,-0.3794829024186822,,0
a,theta=0,curve,-0.377814845704754,-0.377814845704754,-0.377814845704754,,0
a,theta=0,curve,-0.37614678899082576,-0.37614678899082576,-0.37614678899082576,,0
a,theta=0,curve,-0.37447873227689743,-0.37447873227689743,-0.37447873227689743,,0
a,theta=0,curve,-0.3728106755629692,-0.3728106755629692,-0.3728106755629692,,0
a,theta=0,curve,-0.3711426188490409,-0.3711426188490409,-0.3711426188490409,,0
a,theta=0,curve,-0.36947456213511265,-0.36947456213511265,-0.36947456213511265,,0
a,theta=0,curve,-0.3678065054211843,-0.3678065054211843,-0.3678065054211843,,0
a,theta=0,curve,-0.3661384487072561,-0.3661384487072561,-0.3661384487072561,,0
a,theta=0,curve,-0.36447039199332776,-0.36447039199332776,-0.36447039199332776,,0
a,theta=0,curve,-0.36280233527939953,-0.36280233527939953,-0.36280233527939953,,0
a,theta=0,curve,-0.3611342785654712,-0.3611342785654712,-0.3611342785654712,,0
a,theta=0,curve,-0.359466221851543,-0.359466221851543,-0.359466221851543,,0
a,theta=0,curve,-0.35779816513761475,-0.35779816513761475,-0.35779816513761475,,0
a,theta=0,curve,-0.3561301084236864,-0.3561301084236864,-0.3561301084236864,,0
a,theta=0,curve,-0.3544620517097582,-0.3544620517097582,-0.3544620517097582,,0
a,theta=0,curve,-0.35279399499582986,-0.35279399499582986,-0.35279399499582986,,0
a,theta=0,curve,-0.35112593828190164,-0.35112593828190164,-0.35112593828190164,,0
a,theta=0,curve,-0.3494578815679733,-0.3494578815679733,-0.3494578815679733,,0
a,theta=0,curve,-0.3477898248540451,-0.3477898248540451,-0.3477898248540451,,0
a,theta=0,curve,-0.34612176814011675,-0.34612176814011675,-0.34612176814011675,,0
a,theta=0,curve,-0.3444537114261885,-0.3444537114261885,-0.3444537114261885,,0
a,theta=0,curve,-0.3427856547122602,-0.3427856547122602,-0.3427856547122602,,0
a,theta=0,curve,-0.34111759799833197,-0.34111759799833197,-0.34111759799833197,,0
a,theta=0,curve,-0.33944954128440374,-0.33944954128440374,-0.33944954128440374,,0
a,theta=0,curve,-0.3377814845704754,-0.3377814845704754,-0.3377814845704754,,0
a,theta=0,curve,-0.3361134278565472,-0.3361134278565472,-0.3361134278565472,,0
a,theta=0,curve,-0.33444537114261885,-0.33444537114261885,-0.33444537114261885,,0
a,theta=0,curve,-0.33277731442869063,-0.33277731442869063,-0.33277731442869063,,0
a,theta=0,curve,-0.3311092577147623,-0.3311092577147623,-0.3311092577147623,,0
a,theta=0,curve,-0.32944120100083407,-0.32944120100083407,-0.32944120100083407,,0
a,theta=0,curve,-0.32777314428690574,-0.32777314428690574,-0.32777314428690574,,0
a,theta=0,curve,-0.3261050875729775,-0.3261050875729775,-0.3261050875729775,,0
a,theta=0,curve,-0.3244370308590492,-0.3244370308590492,-0.3244370308590492,,0
a,theta=0,curve,-0.32276897414512096,-0.32276897414512096,-0.32276897414512096,,0
a,theta=0,curve,-0.32110091743119273,-0.32110091743119273,-0.32110091743119273,,0
a,theta=0,curve,-0.3194328607172644,-0.3194328607172644,-0.3194328607172644,,0
a,theta=0,curve,-0.3177648040033362,-0.3177648040033362,-0.3177648040033362,,0
a,theta=0,curve,-0.31609674728940784,-0.31609674728940784,-0.31609674728940784,,0
a,theta=0,curve,-0.3144286905754796,-0.3144286905754796,-0.3144286905754796,,0
a,theta=0,curve,-0.3127606338615513,-0.3127606338615513,-0.3127606338615513,,0
a,theta=0,curve,-0.31109257714762306,-0.31109257714762306,-0.31109257714762306,,0
a,theta=0,curve,-0.3094245204336947,-0.3094245204336947,-0.3094245204336947,,0
a,theta=0,curve,-0.3077564637197665,-0.3077564637197665,-0.3077564637197665,,0
a,theta=0,curve,-0.3060884070058383,-0.3060884070058383,-0.3060884070058383,,0
a,theta=0,curve,-0.30442035029190995,-0.30442035029190995,-0.30442035029190995,,0
a,theta=0,curve,-0.3027522935779817,-0.3027522935779817,-0.3027522935779817,,0
a,theta=0,curve,-0.3010842368640534,-0.3010842368640534,-0.3010842368640534,,0
a,theta=0,curve,-0.29941618015012517,-0.29941618015012517,-0.29941618015012517,,0
a,theta=0,curve,-0.29774812343619683,-0.29774812343619683,-0.29774812343619683,,0
a,theta=0,curve,-0.2960800667222686,-0.2960800667222686,-0.2960800667222686,,0
a,theta=0,curve,-0.2944120100083403,-0.2944120100083403,-0.2944120100083403,,0
a,theta=0,curve,-0.29274395329441205,-0.29274395329441205,-0.29274395329441205,,0
a,theta=0,curve,-0.2910758965804837,-0.2910758965804837,-0.2910758965804837,,0
a,theta=0,curve,-0.2894078398665555,-0.2894078398665555,-0.2894078398665555,,0
a,theta=0,curve,-0.28773978315262727,-0.28773978315262727,-0.28773978315262727,,0
a,theta=0,curve,-0.28607172643869894,-0.28607172643869894,-0.28607172643869894,,0
a,theta=0,curve,-0.2844036697247707,-0.2844036697247707,-0.2844036697247707,,0
a,theta=0,curve,-0.2827356130108424,-0.2827356130108424,-0.2827356130108424,,0
a,theta=0,curve,-0.28106755629691416,-0.28106755629691416,-0.28106755629691416,,0
a,theta=0,curve,-0.2793994995829858,-0.2793994995829858,-0.2793994995829858,,0
a,theta=0,curve,-0.2777314428690576,-0.2777314428690576,-0.2777314428690576,,0
a,theta=0,curve,-0.27606338615512926,-0.27606338615512926,-0.27606338615512926,,0
a,theta=0,curve,-0.27439532944120104,-0.27439532944120104,-0.27439532944120104,,0
a,theta=0,curve,-0.2727272727272727,-0.2727272727272727,-0.2727272727272727,,0
a,theta=0,curve,-0.2710592160133445,-0.2710592160133445,-0.2710592160133445,,0
a,theta=0,curve,-0.26939115929941626,-0.26939115929941626,-0.26939115929941626,,0
a,theta=0,curve,-0.2677231025854879,-0.2677231025854879,-0.2677231025854879,,0
a,theta=0,curve,-0.2660550458715597,-0.2660550458715597,-0.2660550458715597,,0
a,theta=0,curve,-0.26438698915763137,-0.26438698915763137,-0.26438698915763137,,0
a,theta=0,curve,-0.26271893244370315,-0.26271893244370315,-0.26271893244370315,,0
a,theta=0,curve,-0.2610508757297748,-0.2610508757297748,-0.2610508757297748,,0
a,theta=0,curve,-0.2593828190158466,-0.2593828190158466,-0.2593828190158466,,0
a,theta=0,curve,-0.25771476230191825,-0.25771476230191825,-0.25771476230191825,,0
a,theta=0,curve,-0.25604670558799003,-0.25604670558799003,-0.25604670558799003,,0
a,theta=0,curve,-0.2543786488740617,-0.2543786488740617,-0.2543786488740617,,0
a,theta=0,curve,-0.2527105921601335,-0.2527105921601335,-0.2527105921601335,,0
a,theta=0,curve,-0.25104253544620525,-0.25104253544620525,-0.25104253544620525,,0
a,theta=0,curve,-0.24937447873227692,-0.24937447873227692,-0.24937447873227692,,0
a,theta=0,curve,-0.2477064220183487,-0.2477064220183487,-0.2477064220183487,,0
a,theta=0,curve,-0.24603836530442036,-0.24603836530442036,-0.24603836530442036,,0
a,theta=0,curve,-0.24437030859049214,-0.24437030859049214,-0.24437030859049214,,0
a,theta=0,curve,-0.2427022518765638,-0.2427022518765638,-0.2427022518765638,,0
a,theta=0,curve,-0.24103419516263558,-0.24103419516263558,-0.24103419516263558,,0
a,theta=0,curve,-0.23936613844870724,-0.23936613844870724,-0.23936613844870724,,0
a,theta=0,curve,-0.23769808173477902,-0.23769808173477902,-0.23769808173477902,,0
a,theta=0,curve,-0.2360300250208507,-0.2360300250208507,-0.2360300250208507,,0
a,theta=0,curve,-0.23436196830692246,-0.23436196830692246,-0.23436196830692246,,0
a,theta=0,curve,-0.23269391159299424,-0.23269391159299424,-0.23269391159299424,,0
a,theta=0,curve,-0.2310258548790659,-0.2310258548790659,-0.2310258548790659,,0
a,theta=0,curve,-0.22935779816513768,-0.22935779816513768,-0.22935779816513768,,0
a,theta=0,curve,-0.22768974145120935,-0.22768974145120935,-0.22768974145120935,,0
a,theta=0,curve,-0.22602168473728113,-0.22602168473728113,-0.22602168473728113,,0
a,theta=0,curve,-0.2243536280233528,-0.2243536280233528,-0.2243536280233528,,0
a,theta=0,curve,-0.22268557130942457,-0.22268557130942457,-0.22268557130942457,,0
a,theta=0,curve,-0.22101751459549623,-0.22101751459549623,-0.22101751459549623,,0
a,theta=0,curve,-0.219349457881568,-0.219349457881568,-0.219349457881568,,0
a,theta=0,curve,-0.21768140116763968,-0.21768140116763968,-0.21768140116763968,,0
a,theta=0,curve,-0.21601334445371145,-0.21601334445371145,-0.21601334445371145,,0
a,theta=0,curve,-0.21434528773978323,-0.21434528773978323,-0.21434528773978323,,0
a,theta=0,curve,-0.2126772310258549,-0.2126772310258549,-0.2126772310258549,,0
a,theta=0,curve,-0.21100917431192667,-0.21100917431192667,-0.21100917431192667,,0
a,theta=0,curve,-0.20934111759799834,-0.20934111759799834,-0.20934111759799834,,0
a,theta=0,curve,-0.20767306088407012,-0.20767306088407012,-0.20767306088407012,,0
a,theta=0,curve,-0.20600500417014178,-0.20600500417014178,-0.20600500417014178,,0
a,theta=0,curve,-0.20433694745621356,-0.20433694745621356,-0.20433694745621356,,0
a,theta=0,curve,-0.20266889074228522,-0.20266889074228522,-0.20266889074228522,,0
a,theta=0,curve,-0.201000834028357,-0.201000834028357,-0.201000834028357,,0
a,theta=0,curve,-0.19933277731442867,-0.19933277731442867,-0.19933277731442867,,0
a,theta=0,curve,-0.19766472060050044,-0.19766472060050044,-0.19766472060050044,,0
a,theta=0,curve,-0.19599666388657222,-0.19599666388657222,-0.19599666388657222,,0
a,theta=0,curve,-0.19432860717264389,-0.19432860717264389,-0.19432860717264389,,0
a,theta=0,curve,-0.19266055045871566,-0.19266055045871566,-0.19266055045871566,,0
a,theta=0,curve,-0.19099249374478733,-0.19099249374478733,-0.19099249374478733,,0
a,theta=0,curve,-0.1893244370308591,-0.1893244370308591,-0.1893244370308591,,0
a,theta=0,curve,-0.18765638031693077,-0.18765638031693077,-0.18765638031693077,,0
a,theta=0,curve,-0.18598832360300255,-0.18598832360300255,-0.18598832360300255,,0
a,theta=0,curve,-0.1843202668890742,-0.1843202668890742,-0.1843202668890742,,0
a,theta=0,curve,-0.182652210175146,-0.182652210175146,-0.182652210175146,,0
a,theta=0,curve,-0.18098415346121777,-0.18098415346121777,-0.18098415346121777,,0
a,theta=0,curve,-0.17931609674728943,-0.17931609674728943,-0.17931609674728943,,0
a,theta=0,curve,-0.1776480400333612,-0.1776480400333612,-0.1776480400333612,,0
a,theta=0,curve,-0.17597998331943288,-0.17597998331943288,-0.17597998331943288,,0
a,theta=0,curve,-0.17431192660550465,-0.17431192660550465,-0.17431192660550465,,0
a,theta=0,curve,-0.17264386989157632,-0.17264386989157632,-0.17264386989157632,,0
a,theta=0,curve,-0.1709758131776481,-0.1709758131776481,-0.1709758131776481,,0
a,theta=0,curve,-0.16930775646371976,-0.16930775646371976,-0.16930775646371976,,0
a,theta=0,curve,-0.16763969974979154,-0.16763969974979154,-0.16763969974979154,,0
a,theta=0,curve,-0.1659716430358632,-0.1659716430358632,-0.1659716430358632,,0
a,theta=0,curve,-0.16430358632193498,-0.16430358632193498,-0.16430358632193498,,0
a,theta=0,curve,-0.16263552960800676,-0.16263552960800676,-0.16263552960800676,,0
a,theta=0,curve,-0.16096747289407842,-0.16096747289407842,-0.16096747289407842,,0
a,theta=0,curve,-0.1592994161801502,-0.1592994161801502,-0.1592994161801502,,0
a,theta=0,curve,-0.15763135946622187,-0.15763135946622187,-0.15763135946622187,,0
a,theta=0,curve,-0.15596330275229364,-0.15596330275229364,-0.15596330275229364,,0
a,theta=0,curve,-0.1542952460383653,-0.1542952460383653,-0.1542952460383653,,0
a,theta=0,curve,-0.15262718932443708,-0.15262718932443708,-0.15262718932443708,,0
a,theta=0,curve,-0.15095913261050875,-0.15095913261050875,-0.15095913261050875,,0
a,theta=0,curve,-0.14929107589658053,-0.14929107589658053,-0.14929107589658053,,0
a,theta=0,curve,-0.1476230191826522,-0.1476230191826522,-0.1476230191826522,,0
a,theta=0,curve,-0.14595496246872397,-0.14595496246872397,-0.14595496246872397,,0
a,theta=0,curve,-0.14428690575479575,-0.14428690575479575,-0.14428690575479575,,0
a,theta=0,curve,-0.1426188490408674,-0.1426188490408674,-0.1426188490408674,,0
a,theta=0,curve,-0.1409507923269392,-0.1409507923269392,-0.1409507923269392,,0
a,theta=0,curve,-0.13928273561301086,-0.13928273561301086,-0.13928273561301086,,0
a,theta=0,curve,-0.13761467889908263,-0.13761467889908263,-0.13761467889908263,,0
a,theta=0,curve,-0.1359466221851543,-0.1359466221851543,-0.1359466221851543,,0
a,theta=0,curve,-0.13427856547122607,-0.13427856547122607,-0.13427856547122607,,0
a,theta=0,curve,-0.13261050875729774,-0.13261050875729774,-0.13261050875729774,,0
a,theta=0,curve,-0.13094245204336952,-0.13094245204336952,-0.13094245204336952,,0
a,theta=0,curve,-0.12927439532944118,-0.12927439532944118,-0.12927439532944118,,0
a,theta=0,curve,-0.12760633861551296,-0.12760633861551296,-0.12760633861551296,,0
a,theta=0,curve,-0.12593828190158474,-0.12593828190158474,-0.12593828190158474,,0
a,theta=0,curve,-0.1242702251876564,-0.1242702251876564,-0.1242702251876564,,0
a,theta=0,curve,-0.12260216847372818,-0.12260216847372818,-0.12260216847372818,,0
a,theta=0,curve,-0.12093411175979984,-0.12093411175979984,-0.12093411175979984,,0
a,theta=0,curve,-0.11926605504587162,-0.11926605504587162,-0.11926605504587162,,0
a,theta=0,curve,-0.11759799833194329,-0.11759799833194329,-0.11759799833194329,,0
a,theta=0,curve,-0.11592994161801506,-0.11592994161801506,-0.11592994161801506,,0
a,theta=0,curve,-0.11426188490408673,-0.11426188490408673,-0.11426188490408673,,0
a,theta=0,curve,-0.11259382819015851,-0.11259382819015851,-0.11259382819015851,,0
a,theta=0,curve,-0.11092577147623017,-0.11092577147623017,-0.11092577147623017,,0
a,theta=0,curve,-0.10925771476230195,-0.10925771476230195,-0.10925771476230195,,0
a,theta=0,curve,-0.10758965804837373,-0.10758965804837373,-0.10758965804837373,,0
a,theta=0,curve,-0.10592160133444539,-0.10592160133444539,-0.10592160133444539,,0
a,theta=0,curve,-0.10425354462051717,-0.10425354462051717,-0.10425354462051717,,0
a,theta=0,curve,-0.10258548790658883,-0.10258548790658883,-0.10258548790658883,,0
a,theta=0,curve,-0.10091743119266061,-0.10091743119266061,-0.10091743119266061,,0
a,theta=0,curve,-0.09924937447873228,-0.09924937447873228,-0.09924937447873228,,0
a,theta=0,curve,-0.09758131776480405,-0.09758131776480405,-0.09758131776480405,,0
a,theta=0,curve,-0.09591326105087572,-0.09591326105087572,-0.09591326105087572,,0
a,theta=0,curve,-0.0942452043369475,-0.0942452043369475,-0.0942452043369475,,0
a,theta=0,curve,-0.09257714762301927,-0.09257714762301927,-0.09257714762301927,,0
a,theta=0,curve,-0.09090909090909094,-0.09090909090909094,-0.09090909090909094,,0
a,theta=0,curve,-0.08924103419516272,-0.08924103419516272,-0.08924103419516272,,0
a,theta=0,curve,-0.08757297748123438,-0.08757297748123438,-0.08757297748123438,,0
a,theta=0,curve,-0.08590492076730616,-0.08590492076730616,-0.08590492076730616,,0
a,theta=0,curve,-0.08423686405337782,-0.08423686405337782,-0.08423686405337782,,0
a,theta=0,curve,-0.0825688073394496,-0.0825688073394496,-0.0825688073394496,,0
a,theta=0,curve,-0.08090075062552127,-0.08090075062552127,-0.08090075062552127,,0
a,theta=0,curve,-0.07923269391159304,-0.07923269391159304,-0.07923269391159304,,0
a,theta=0,curve,-0.07756463719766471,-0.07756463719766471,-0.07756463719766471,,0
a,theta=0,curve,-0.07589658048373649,-0.07589658048373649,-0.07589658048373649,,0
a,theta=0,curve,-0.07422852376980826,-0.07422852376980826,-0.07422852376980826,,0
a,theta=0,curve,-0.07256046705587993,-0.07256046705587993,-0.07256046705587993,,0
a,theta=0,curve,-0.0708924103419517,-0.0708924103419517,-0.0708924103419517,,0
a,theta=0,curve,-0.06922435362802337,-0.06922435362802337,-0.06922435362802337,,0
a,theta=0,curve,-0.06755629691409515,-0.06755629691409515,-0.06755629691409515,,0
a,theta=0,curve,-0.06588824020016681,-0.06588824020016681,-0.06588824020016681,,0
a,theta=0,curve,-0.06422018348623859,-0.06422018348623859,-0.06422018348623859,,0
a,theta=0,curve,-0.06255212677231026,-0.06255212677231026,-0.06255212677231026,,0
a,theta=0,curve,-0.060884070058382034,-0.060884070058382034,-0.060884070058382034,,0
a,theta=0,curve,-0.0592160133444537,-0.0592160133444537,-0.0592160133444537,,0
a,theta=0,curve,-0.057547956630525476,-0.057547956630525476,-0.057547956630525476,,0
a,theta=0,curve,-0.05587989991659725,-0.05587989991659725,-0.05587989991659725,,0
a,theta=0,curve,-0.05421184320266892,-0.05421184320266892,-0.05421184320266892,,0
a,theta=0,curve,-0.052543786488740696,-0.052543786488740696,-0.052543786488740696,,0
a,theta=0,curve,-0.05087572977481236,-0.05087572977481236,-0.05087572977481236,,0
a,theta=0,curve,-0.04920767306088414,-0.04920767306088414,-0.04920767306088414,,0
a,theta=0,curve,-0.047539616346955804,-0.047539616346955804,-0.047539616346955804,,0
a,theta=0,curve,-0.04587155963302758,-0.04587155963302758,-0.04587155963302758,,0
a,theta=0,curve,-0.04420350291909925,-0.04420350291909925,-0.04420350291909925,,0
a,theta=0,curve,-0.042535446205171024,-0.042535446205171024,-0.042535446205171024,,0
a,theta=0,curve,-0.04086738949124269,-0.04086738949124269,-0.04086738949124269,,0
a,theta=0,curve,-0.039199332777314466,-0.039199332777314466,-0.039199332777314466,,0
a,theta=0,curve,-0.03753127606338624,-0.03753127606338624,-0.03753127606338624,,0
a,theta=0,curve,-0.03586321934945791,-0.03586321934945791,-0.03586321934945791,,0
a,theta=0,curve,-0.034195162635529686,-0.034195162635529686,-0.034195162635529686,,0
a,theta=0,curve,-0.03252710592160135,-0.03252710592160135,-0.03252710592160135,,0
a,theta=0,curve,-0.030859049207673128,-0.030859049207673128,-0.030859049207673128,,0
a,theta=0,curve,-0.029190992493744794,-0.029190992493744794,-0.029190992493744794,,0
a,theta=0,curve,-0.02752293577981657,-0.02752293577981657,-0.02752293577981657,,0
a,theta=0,curve,-0.025854879065888237,-0.025854879065888237,-0.025854879065888237,,0
a,theta=0,curve,-0.024186822351960013,-0.024186822351960013,-0.024186822351960013,,0
a,theta=0,curve,-0.02251876563803168,-0.02251876563803168,-0.02251876563803168,,0
a,theta=0,curve,-0.020850708924103456,-0.020850708924103456,-0.020850708924103456,,0
a,theta=0,curve,-0.019182652210175233,-0.019182652210175233,-0.019182652210175233,,0
a,theta=0,curve,-0.0175145954962469,-0.0175145954962469,-0.0175145954962469,,0
a,theta=0,curve,-0.015846538782318675,-0.015846538782318675,-0.015846538782318675,,0
a,theta=0,curve,-0.014178482068390341,-0.014178482068390341,-0.014178482068390341,,0
a,theta=0,curve,-0.012510425354462118,-0.012510425354462118,-0.012510425354462118,,0
a,theta=0,curve,-0.010842368640533784,-0.010842368640533784,-0.010842368640533784,,0
a,theta=0,curve,-0.00917431192660556,-0.00917431192660556,-0.00917431192660556,,0
a,theta=0,curve,-0.007506255212677226,-0.007506255212677226,-0.007506255212677226,,0
a,theta=0,curve,-0.005838198498749003,-0.005838198498749003,-0.005838198498749003,,0
a,theta=0,curve,-0.004170141784820669,-0.004170141784820669,-0.004170141784820669,,0
a,theta=0,curve,-0.002502085070892446,-0.002502085070892446,-0.002502085070892446,,0
a,theta=0,curve,-0.0008340283569642226,-0.0008340283569642226,-0.0008340283569642226,,0
a,theta=0,curve,0.0008340283569641116,0.0008340283569641116,0.0008340283569641116,,1
a,theta=0,curve,0.002502085070892335,0.002502085070892335,0.002502085070892335,,1
a,theta=0,curve,0.004170141784820558,0.004170141784820558,0.004170141784820558,,1
a,theta=0,curve,0.005838198498749003,0.005838198498749003,0.005838198498749003,,1
a,theta=0,curve,0.007506255212677226,0.007506255212677226,0.007506255212677226,,1
a,theta=0,curve,0.00917431192660545,0.00917431192660545,0.00917431192660545,,1
a,theta=0,curve,0.010842368640533673,0.010842368640533673,0.010842368640533673,,1
a,theta=0,curve,0.012510425354462118,0.012510425354462118,0.012510425354462118,,1
a,theta=0,curve,0.014178482068390341,0.014178482068390341,0.014178482068390341,,1
a,theta=0,curve,0.015846538782318564,0.015846538782318564,0.015846538782318564,,1
a,theta=0,curve,0.017514595496246788,0.017514595496246788,0.017514595496246788,,1
a,theta=0,curve,0.01918265221017501,0.01918265221017501,0.01918265221017501,,1
a,theta=0,curve,0.020850708924103456,0.020850708924103456,0.020850708924103456,,1
a,theta=0,curve,0.02251876563803168,0.02251876563803168,0.02251876563803168,,1
a,theta=0,curve,0.024186822351959902,0.024186822351959902,0.024186822351959902,,1
a,theta=0,curve,0.025854879065888126,0.025854879065888126,0.025854879065888126,,1
a,theta=0,curve,0.02752293577981657,0.02752293577981657,0.02752293577981657,,1
a,theta=0,curve,0.029190992493744794,0.029190992493744794,0.029190992493744794,,1
a,theta=0,curve,0.030859049207673017,0.030859049207673017,0.030859049207673017,,1
a,theta=0,curve,0.03252710592160124,0.03252710592160124,0.03252710592160124,,1
a,theta=0,curve,0.034195162635529464,0.034195162635529464,0.034195162635529464,,1
a,theta=0,curve,0.03586321934945791,0.03586321934945791,0.03586321934945791,,1
a,theta=0,curve,0.03753127606338613,0.03753127606338613,0.03753127606338613,,1
a,theta=0,curve,0.039199332777314355,0.039199332777314355,0.039199332777314355,,1
a,theta=0,curve,0.04086738949124258,0.04086738949124258,0.04086738949124258,,1
a,theta=0,curve,0.042535446205171024,0.042535446205171024,0.042535446205171024,,1
a,theta=0,curve,0.04420350291909925,0.04420350291909925,0.04420350291909925,,1
a,theta=0,curve,0.04587155963302747,0.04587155963302747,0.04587155963302747,,1
a,theta=0,curve,0.04753961634695569,0.04753961634695569,0.04753961634695569,,1
a,theta=0,curve,0.04920767306088414,0.04920767306088414,0.04920767306088414,,1
a,theta=0,curve,0.05087572977481236,0.05087572977481236,0.05087572977481236,,1
a,theta=0,curve,0.052543786488740585,0.052543786488740585,0.052543786488740585,,1
a,theta=0,curve,0.05421184320266881,0.05421184320266881,0.05421184320266881,,1
a,theta=0,curve,0.05587989991659703,0.05587989991659703,0.05587989991659703,,1
a,theta=0,curve,0.057547956630525476,0.057547956630525476,0.057547956630525476,,1
a,theta=0,curve,0.0592160133444537,0.0592160133444537,0.0592160133444537,,1
a,theta=0,curve,0.06088407005838192,0.06088407005838192,0.06088407005838192,,1
a,theta=0,curve,0.06255212677231015,0.06255212677231015,0.06255212677231015,,1
a,theta=0,curve,0.06422018348623859,0.06422018348623859,0.06422018348623859,,1
a,theta=0,curve,0.06588824020016681,0.06588824020016681,0.06588824020016681,,1
a,theta=0,curve,0.06755629691409504,0.06755629691409504,0.06755629691409504,,1
a,theta=0,curve,0.06922435362802326,0.06922435362802326,0.06922435362802326,,1
a,theta=0,curve,0.07089241034195148,0.07089241034195148,0.07089241034195148,,1
a,theta=0,curve,0.07256046705587993,0.07256046705587993,0.07256046705587993,,1
a,theta=0,curve,0.07422852376980815,0.07422852376980815,0.07422852376980815,,1
a,theta=0,curve,0.07589658048373638,0.07589658048373638,0.07589658048373638,,1
a,theta=0,curve,0.0775646371976646,0.0775646371976646,0.0775646371976646,,1
a,theta=0,curve,0.07923269391159304,0.07923269391159304,0.07923269391159304,,1
a,theta=0,curve,0.08090075062552127,0.08090075062552127,0.08090075062552127,,1
a,theta=0,curve,0.08256880733944949,0.08256880733944949,0.08256880733944949,,1
a,theta=0,curve,0.08423686405337771,0.08423686405337771,0.08423686405337771,,1
a,theta=0,curve,0.08590492076730594,0.08590492076730594,0.08590492076730594,,1
a,theta=0,curve,0.08757297748123438,0.08757297748123438,0.08757297748123438,,1
a,theta=0,curve,0.0892410341951626,0.0892410341951626,0.0892410341951626,,1
a,theta=0,curve,0.09090909090909083,0.09090909090909083,0.09090909090909083,,1
a,theta=0,curve,0.09257714762301905,0.09257714762301905,0.09257714762301905,,1
a,theta=0,curve,0.0942452043369475,0.0942452043369475,0.0942452043369475,,1
a,theta=0,curve,0.09591326105087572,0.09591326105087572,0.09591326105087572,,1
a,theta=0,curve,0.09758131776480394,0.09758131776480394,0.09758131776480394,,1
a,theta=0,curve,0.09924937447873217,0.09924937447873217,0.09924937447873217,,1
a,theta=0,curve,0.10091743119266061,0.10091743119266061,0.10091743119266061,,1
a,theta=0,curve,0.10258548790658883,0.10258548790658883,0.10258548790658883,,1
a,theta=0,curve,0.10425354462051706,0.10425354462051706,0.10425354462051706,,1
a,theta=0,curve,0.10592160133444528,0.10592160133444528,0.10592160133444528,,1
a,theta=0,curve,0.1075896580483735,0.1075896580483735,0.1075896580483735,,1
a,theta=0,curve,0.10925771476230195,0.10925771476230195,0.10925771476230195,,1
a,theta=0,curve,0.11092577147623017,0.11092577147623017,0.11092577147623017,,1
a,theta=0,curve,0.1125938281901584,0.1125938281901584,0.1125938281901584,,1
a,theta=0,curve,0.11426188490408662,0.11426188490408662,0.11426188490408662,,1
a,theta=0,curve,0.11592994161801506,0.11592994161801506,0.11592994161801506,,1
a,theta=0,curve,0.11759799833194329,0.11759799833194329,0.11759799833194329,,1
a,theta=0,curve,0.11926605504587151,0.11926605504587151,0.11926605504587151,,1
a,theta=0,curve,0.12093411175979973,0.12093411175979973,0.12093411175979973,,1
a,theta=0,curve,0.12260216847372796,0.12260216847372796,0.12260216847372796,,1
a,theta=0,curve,0.1242702251876564,0.1242702251876564,0.1242702251876564,,1
a,theta=0,curve,0.12593828190158463,0.12593828190158463,0.12593828190158463,,1
a,theta=0,curve,0.12760633861551285,0.12760633861551285,0.12760633861551285,,1
a,theta=0,curve,0.12927439532944107,0.12927439532944107,0.12927439532944107,,1
a,theta=0,curve,0.13094245204336952,0.13094245204336952,0.13094245204336952,,1
a,theta=0,curve,0.13261050875729774,0.13261050875729774,0.13261050875729774,,1
a,theta=0,curve,0.13427856547122596,0.13427856547122596,0.13427856547122596,,1
a,theta=0,curve,0.1359466221851542,0.1359466221851542,0.1359466221851542,,1
a,theta=0,curve,0.13761467889908263,0.13761467889908263,0.13761467889908263,,1
a,theta=0,curve,0.13928273561301086,0.13928273561301086,0.13928273561301086,,1
a,theta=0,curve,0.14095079232693908,0.14095079232693908,0.14095079232693908,,1
a,theta=0,curve,0.1426188490408673,0.1426188490408673,0.1426188490408673,,1
a,theta=0,curve,0.14428690575479552,0.14428690575479552,0.14428690575479552,,1
a,theta=0,curve,0.14595496246872397,0.14595496246872397,0.14595496246872397,,1
a,theta=0,curve,0.1476230191826522,0.1476230191826522,0.1476230191826522,,1
a,theta=0,curve,0.14929107589658042,0.14929107589658042,0.14929107589658042,,1
a,theta=0,curve,0.15095913261050864,0.15095913261050864,0.15095913261050864,,1
a,theta=0,curve,0.15262718932443708,0.15262718932443708,0.15262718932443708,,1
a,theta=0,curve,0.1542952460383653,0.1542952460383653,0.1542952460383653,,1
a,theta=0,curve,0.15596330275229353,0.15596330275229353,0.15596330275229353,,1
a,theta=0,curve,0.15763135946622175,0.15763135946622175,0.15763135946622175,,1
a,theta=0,curve,0.15929941618014998,0.15929941618014998,0.15929941618014998,,1
a,theta=0,curve,0.16096747289407842,0.16096747289407842,0.16096747289407842,,1
a,theta=0,curve,0.16263552960800665,0.16263552960800665,0.16263552960800665,,1
a,theta=0,curve,0.16430358632193487,0.16430358632193487,0.16430358632193487,,1
a,theta=0,curve,0.1659716430358631,0.1659716430358631,0.1659716430358631,,1
a,theta=0,curve,0.16763969974979154,0.16763969974979154,0.16763969974979154,,1
a,theta=0,curve,0.16930775646371976,0.16930775646371976,0.16930775646371976,,1
a,theta=0,curve,0.17097581317764798,0.17097581317764798,0.17097581317764798,,1
a,theta=0,curve,0.1726438698915762,0.1726438698915762,0.1726438698915762,,1
a,theta=0,curve,0.17431192660550465,0.17431192660550465,0.17431192660550465,,1
a,theta=0,curve,0.17597998331943288,0.17597998331943288,0.17597998331943288,,1
a,theta=0,curve,0.1776480400333611,0.1776480400333611,0.1776480400333611,,1
a,theta=0,curve,0.17931609674728932,0.17931609674728932,0.17931609674728932,,1
a,theta=0,curve,0.18098415346121755,0.18098415346121755,0.18098415346121755,,1
a,theta=0,curve,0.182652210175146,0.182652210175146,0.182652210175146,,1
a,theta=0,curve,0.1843202668890742,0.1843202668890742,0.1843202668890742,,1
a,theta=0,curve,0.18598832360300244,0.18598832360300244,0.18598832360300244,,1
a,theta=0,curve,0.18765638031693066,0.18765638031693066,0.18765638031693066,,1
a,theta=0,curve,0.1893244370308591,0.1893244370308591,0.1893244370308591,,1
a,theta=0,curve,0.19099249374478733,0.19099249374478733,0.19099249374478733,,1
a,theta=0,curve,0.19266055045871555,0.19266055045871555,0.19266055045871555,,1
a,theta=0,curve,0.19432860717264377,0.19432860717264377,0.19432860717264377,,1
a,theta=0,curve,0.195996663886572,0.195996663886572,0.195996663886572,,1
a,theta=0,curve,0.19766472060050044,0.19766472060050044,0.19766472060050044,,1
a,theta=0,curve,0.19933277731442867,0.19933277731442867,0.19933277731442867,,1
a,theta=0,curve,0.2010008340283569,0.2010008340283569,0.2010008340283569,,1
a,theta=0,curve,0.2026688907422851,0.2026688907422851,0.2026688907422851,,1
a,theta=0,curve,0.20433694745621356,0.20433694745621356,0.20433694745621356,,1
a,theta=0,curve,0.20600500417014178,0.20600500417014178,0.20600500417014178,,1
a,theta=0,curve,0.20767306088407,0.20767306088407,0.20767306088407,,1
a,theta=0,curve,0.20934111759799823,0.20934111759799823,0.20934111759799823,,1
a,theta=0,curve,0.21100917431192645,0.21100917431192645,0.21100917431192645,,1
a,theta=0,curve,0.2126772310258549,0.2126772310258549,0.2126772310258549,,1
a,theta=0,curve,0.21434528773978312,0.21434528773978312,0.21434528773978312,,1
a,theta=0,curve,0.21601334445371134,0.21601334445371134,0.21601334445371134,,1
a,theta=0,curve,0.21768140116763957,0.21768140116763957,0.21768140116763957,,1
a,theta=0,curve,0.219349457881568,0.219349457881568,0.219349457881568,,1
a,theta=0,curve,0.22101751459549623,0.22101751459549623,0.22101751459549623,,1
a,theta=0,curve,0.22268557130942446,0.22268557130942446,0.22268557130942446,,1
a,theta=0,curve,0.22435362802335268,0.22435362802335268,0.22435362802335268,,1
a,theta=0,curve,0.22602168473728113,0.22602168473728113,0.22602168473728113,,1
a,theta=0,curve,0.22768974145120935,0.22768974145120935,0.22768974145120935,,1
a,theta=0,curve,0.22935779816513757,0.22935779816513757,0.22935779816513757,,1
a,theta=0,curve,0.2310258548790658,0.2310258548790658,0.2310258548790658,,1
a,theta=0,curve,0.23269391159299402,0.23269391159299402,0.23269391159299402,,1
a,theta=0,curve,0.23436196830692246,0.23436196830692246,0.23436196830692246,,1
a,theta=0,curve,0.2360300250208507,0.2360300250208507,0.2360300250208507,,1
a,theta=0,curve,0.2376980817347789,0.2376980817347789,0.2376980817347789,,1
a,theta=0,curve,0.23936613844870713,0.23936613844870713,0.23936613844870713,,1
a,theta=0,curve,0.24103419516263558,0.24103419516263558,0.24103419516263558,,1
a,theta=0,curve,0.2427022518765638,0.2427022518765638,0.2427022518765638,,1
a,theta=0,curve,0.24437030859049202,0.24437030859049202,0.24437030859049202,,1
a,theta=0,curve,0.24603836530442025,0.24603836530442025,0.24603836530442025,,1
a,theta=0,curve,0.24770642201834847,0.24770642201834847,0.24770642201834847,,1
a,theta=0,curve,0.24937447873227692,0.24937447873227692,0.24937447873227692,,1
a,theta=0,curve,0.25104253544620514,0.25104253544620514,0.25104253544620514,,1
a,theta=0,curve,0.25271059216013336,0.25271059216013336,0.25271059216013336,,1
a,theta=0,curve,0.2543786488740616,0.2543786488740616,0.2543786488740616,,1
a,theta=0,curve,0.25604670558799003,0.25604670558799003,0.25604670558799003,,1
a,theta=0,curve,0.25771476230191825,0.25771476230191825,0.25771476230191825,,1
a,theta=0,curve,0.2593828190158465,0.2593828190158465,0.2593828190158465,,1
a,theta=0,curve,0.2610508757297747,0.2610508757297747,0.2610508757297747,,1
a,theta=0,curve,0.26271893244370315,0.26271893244370315,0.26271893244370315,,1
a,theta=0,curve,0.26438698915763137,0.26438698915763137,0.26438698915763137,,1
a,theta=0,curve,0.2660550458715596,0.2660550458715596,0.2660550458715596,,1
a,theta=0,curve,0.2677231025854878,0.2677231025854878,0.2677231025854878,,1
a,theta=0,curve,0.26939115929941604,0.26939115929941604,0.26939115929941604,,1
a,theta=0,curve,0.2710592160133445,0.2710592160133445,0.2710592160133445,,1
a,theta=0,curve,0.2727272727272727,0.2727272727272727,0.2727272727272727,,1
a,theta=0,curve,0.27439532944120093,0.27439532944120093,0.27439532944120093,,1
a,theta=0,curve,0.27606338615512915,0.27606338615512915,0.27606338615512915,,1
a,theta=0,curve,0.2777314428690576,0.2777314428690576,0.2777314428690576,,1
a,theta=0,curve,0.2793994995829858,0.2793994995829858,0.2793994995829858,,1
a,theta=0,curve,0.28106755629691405,0.28106755629691405,0.28106755629691405,,1
a,theta=0,curve,0.28273561301084227,0.28273561301084227,0.28273561301084227,,1
a,theta=0,curve,0.2844036697247705,0.2844036697247705,0.2844036697247705,,1
a,theta=0,curve,0.28607172643869894,0.28607172643869894,0.28607172643869894,,1
a,theta=0,curve,0.28773978315262716,0.28773978315262716,0.28773978315262716,,1
a,theta=0,curve,0.2894078398665554,0.2894078398665554,0.2894078398665554,,1
a,theta=0,curve,0.2910758965804836,0.2910758965804836,0.2910758965804836,,1
a,theta=0,curve,0.29274395329441205,0.29274395329441205,0.29274395329441205,,1
a,theta=0,curve,0.2944120100083403,0.2944120100083403,0.2944120100083403,,1
a,theta=0,curve,0.2960800667222685,0.2960800667222685,0.2960800667222685,,1
a,theta=0,curve,0.2977481234361967,0.2977481234361967,0.2977481234361967,,1
a,theta=0,curve,0.29941618015012494,0.29941618015012494,0.29941618015012494,,1
a,theta=0,curve,0.3010842368640534,0.3010842368640534,0.3010842368640534,,1
a,theta=0,curve,0.3027522935779816,0.3027522935779816,0.3027522935779816,,1
a,theta=0,curve,0.30442035029190984,0.30442035029190984,0.30442035029190984,,1
a,theta=0,curve,0.30608840700583806,0.30608840700583806,0.30608840700583806,,1
a,theta=0,curve,0.3077564637197665,0.3077564637197665,0.3077564637197665,,1
a,theta=0,curve,0.3094245204336947,0.3094245204336947,0.3094245204336947,,1
a,theta=0,curve,0.31109257714762295,0.31109257714762295,0.31109257714762295,,1
a,theta=0,curve,0.3127606338615512,0.3127606338615512,0.3127606338615512,,1
a,theta=0,curve,0.3144286905754796,0.3144286905754796,0.3144286905754796,,1
a,theta=0,curve,0.31609674728940784,0.31609674728940784,0.31609674728940784,,1
a,theta=0,curve,0.31776480400333607,0.31776480400333607,0.31776480400333607,,1
a,theta=0,curve,0.3194328607172643,0.3194328607172643,0.3194328607172643,,1
a,theta=0,curve,0.3211009174311925,0.3211009174311925,0.3211009174311925,,1
a,theta=0,curve,0.32276897414512096,0.32276897414512096,0.32276897414512096,,1
a,theta=0,curve,0.3244370308590492,0.3244370308590492,0.3244370308590492,,1
a,theta=0,curve,0.3261050875729774,0.3261050875729774,0.3261050875729774,,1
a,theta=0,curve,0.3277731442869056,0.3277731442869056,0.3277731442869056,,1
a,theta=0,curve,0.32944120100083407,0.32944120100083407,0.32944120100083407,,1
a,theta=0,curve,0.3311092577147623,0.3311092577147623,0.3311092577147623,,1
a,theta=0,curve,0.3327773144286905,0.3327773144286905,0.3327773144286905,,1
a,theta=0,curve,0.33444537114261874,0.33444537114261874,0.33444537114261874,,1
a,theta=0,curve,0.33611342785654696,0.33611342785654696,0.33611342785654696,,1
a,theta=0,curve,0.3377814845704754,0.3377814845704754,0.3377814845704754,,1
a,theta=0,curve,0.33944954128440363,0.33944954128440363,0.33944954128440363,,1
a,theta=0,curve,0.34111759799833186,0.34111759799833186,0.34111759799833186,,1
a,theta=0,curve,0.3427856547122601,0.3427856547122601,0.3427856547122601,,1
a,theta=0,curve,0.3444537114261885,0.3444537114261885,0.3444537114261885,,1
a,theta=0,curve,0.34612176814011675,0.34612176814011675,0.34612176814011675,,1
a,theta=0,curve,0.34778982485404497,0.34778982485404497,0.34778982485404497,,1
a,theta=0,curve,0.3494578815679732,0.3494578815679732,0.3494578815679732,,1
a,theta=0,curve,0.35112593828190164,0.35112593828190164,0.35112593828190164,,1
a,theta=0,curve,0.35279399499582986,0.35279399499582986,0.35279399499582986,,1
a,theta=0,curve,0.3544620517097581,0.3544620517097581,0.3544620517097581,,1
a,theta=0,curve,0.3561301084236863,0.3561301084236863,0.3561301084236863,,1
a,theta=0,curve,0.35779816513761453,0.35779816513761453,0.35779816513761453,,1
a,theta=0,curve,0.359466221851543,0.359466221851543,0.359466221851543,,1
a,theta=0,curve,0.3611342785654712,0.3611342785654712,0.3611342785654712,,1
a,theta=0,curve,0.3628023352793994,0.3628023352793994,0.3628023352793994,,1
a,theta=0,curve,0.36447039199332765,0.36447039199332765,0.36447039199332765,,1
a,theta=0,curve,0.3661384487072561,0.3661384487072561,0.3661384487072561,,1
a,theta=0,curve,0.3678065054211843,0.3678065054211843,0.3678065054211843,,1
a,theta=0,curve,0.36947456213511254,0.36947456213511254,0.36947456213511254,,1
a,theta=0,curve,0.37114261884904076,0.37114261884904076,0.37114261884904076,,1
a,theta=0,curve,0.372810675562969,0.372810675562969,0.372810675562969,,1
a,theta=0,curve,0.37447873227689743,0.37447873227689743,0.37447873227689743,,1
a,theta=0,curve,0.37614678899082565,0.37614678899082565,0.37614678899082565,,1
a,theta=0,curve,0.3778148457047539,0.3778148457047539,0.3778148457047539,,1
a,theta=0,curve,0.3794829024186821,0.3794829024186821,0.3794829024186821,,1
a,theta=0,curve,0.38115095913261055,0.38115095913261055,0.38115095913261055,,1
a,theta=0,curve,0.38281901584653877,0.38281901584653877,0.38281901584653877,,1
a,theta=0,curve,0.384487072560467,0.384487072560467,0.384487072560467,,1
a,theta=0,curve,0.3861551292743952,0.3861551292743952,0.3861551292743952,,1
a,theta=0,curve,0.38782318598832344,0.38782318598832344,0.38782318598832344,,1
a,theta=0,curve,0.3894912427022519,0.3894912427022519,0.3894912427022519,,1
a,theta=0,curve,0.3911592994161801,0.3911592994161801,0.3911592994161801,,1
a,theta=0,curve,0.39282735613010833,0.39282735613010833,0.39282735613010833,,1
a,theta=0,curve,0.39449541284403655,0.39449541284403655,0.39449541284403655,,1
a,theta=0,curve,0.396163469557965,0.396163469557965,0.396163469557965,,1
a,theta=0,curve,0.3978315262718932,0.3978315262718932,0.3978315262718932,,1
a,theta=0,curve,0.39949958298582144,0.39949958298582144,0.39949958298582144,,1
a,theta=0,curve,0.40116763969974967,0.40116763969974967,0.40116763969974967,,1
a,theta=0,curve,0.4028356964136781,0.4028356964136781,0.4028356964136781,,1
a,theta=0,curve,0.40450375312760634,0.40450375312760634,0.40450375312760634,,1
a,theta=0,curve,0.40617180984153456,0.40617180984153456,0.40617180984153456,,1
a,theta=0,curve,0.4078398665554628,0.4078398665554628,0.4078398665554628,,1
a,theta=0,curve,0.409507923269391,0.409507923269391,0.409507923269391,,1
a,theta=0,curve,0.41117597998331945,0.41117597998331945,0.41117597998331945,,1
a,theta=0,curve,0.4128440366972477,0.4128440366972477,0.4128440366972477,,1
a,theta=0,curve,0.4145120934111759,0.4145120934111759,0.4145120934111759,,1
a,theta=0,curve,0.4161801501251041,0.4161801501251041,0.4161801501251041,,1
a,theta=0,curve,0.41784820683903257,0.41784820683903257,0.41784820683903257,,1
a,theta=0,curve,0.4195162635529608,0.4195162635529608,0.4195162635529608,,1
a,theta=0,curve,0.421184320266889,0.421184320266889,0.421184320266889,,1
a,theta=0,curve,0.42285237698081724,0.42285237698081724,0.42285237698081724,,1
a,theta=0,curve,0.42452043369474546,0.42452043369474546,0.42452043369474546,,1
a,theta=0,curve,0.4261884904086739,0.4261884904086739,0.4261884904086739,,1
a,theta=0,curve,0.4278565471226021,0.4278565471226021,0.4278565471226021,,1
a,theta=0,curve,0.42952460383653035,0.42952460383653035,0.42952460383653035,,1
a,theta=0,curve,0.4311926605504586,0.4311926605504586,0.4311926605504586,,1
a,theta=0,curve,0.432860717264387,0.432860717264387,0.432860717264387,,1
a,theta=0,curve,0.43452877397831524,0.43452877397831524,0.43452877397831524,,1
a,theta=0,curve,0.43619683069224346,0.43619683069224346,0.43619683069224346,,1
a,theta=0,curve,0.4378648874061717,0.4378648874061717,0.4378648874061717,,1
a,theta=0,curve,0.43953294412010013,0.43953294412010013,0.43953294412010013,,1
a,theta=0,curve,0.44120100083402836,0.44120100083402836,0.44120100083402836,,1
a,theta=0,curve,0.4428690575479566,0.4428690575479566,0.4428690575479566,,1
a,theta=0,curve,0.4445371142618848,0.4445371142618848,0.4445371142618848,,1
a,theta=0,curve,0.446205170975813,0.446205170975813,0.446205170975813,,1
a,theta=0,curve,0.44787322768974147,0.44787322768974147,0.44787322768974147,,1
a,theta=0,curve,0.4495412844036697,0.4495412844036697,0.4495412844036697,,1
a,theta=0,curve,0.4512093411175979,0.4512093411175979,0.4512093411175979,,1
a,theta=0,curve,0.45287739783152614,0.45287739783152614,0.45287739783152614,,1
a,theta=0,curve,0.4545454545454546,0.4545454545454546,0.4545454545454546,,1
a,theta=0,curve,0.4562135112593828,0.4562135112593828,0.4562135112593828,,1
a,theta=0,curve,0.45788156797331103,0.45788156797331103,0.45788156797331103,,1
a,theta=0,curve,0.45954962468723926,0.45954962468723926,0.45954962468723926,,1
a,theta=0,curve,0.4612176814011675,0.4612176814011675,0.4612176814011675,,1
a,theta=0,curve,0.4628857381150959,0.4628857381150959,0.4628857381150959,,1
a,theta=0,curve,0.46455379482902415,0.46455379482902415,0.46455379482902415,,1
a,theta=0,curve,0.46622185154295237,0.46622185154295237,0.46622185154295237,,1
a,theta=0,curve,0.4678899082568806,0.4678899082568806,0.4678899082568806,,1
a,theta=0,curve,0.46955796497080904,0.46955796497080904,0.46955796497080904,,1
a,theta=0,curve,0.47122602168473726,0.47122602168473726,0.47122602168473726,,1
a,theta=0,curve,0.4728940783986655,0.4728940783986655,0.4728940783986655,,1
a,theta=0,curve,0.4745621351125937,0.4745621351125937,0.4745621351125937,,1
a,theta=0,curve,0.47623019182652215,0.47623019182652215,0.47623019182652215,,1
a,theta=0,curve,0.4778982485404504,0.4778982485404504,0.4778982485404504,,1
a,theta=0,curve,0.4795663052543786,0.4795663052543786,0.4795663052543786,,1
a,theta=0,curve,0.4812343619683068,0.4812343619683068,0.4812343619683068,,1
a,theta=0,curve,0.48290241868223505,0.48290241868223505,0.48290241868223505,,1
a,theta=0,curve,0.4845704753961635,0.4845704753961635,0.4845704753961635,,1
a,theta=0,curve,0.4862385321100917,0.4862385321100917,0.4862385321100917,,1
a,theta=0,curve,0.48790658882401994,0.48790658882401994,0.48790658882401994,,1
a,theta=0,curve,0.48957464553794816,0.48957464553794816,0.48957464553794816,,1
a,theta=0,curve,0.4912427022518766,0.4912427022518766,0.4912427022518766,,1
a,theta=0,curve,0.49291075896580483,0.49291075896580483,0.49291075896580483,,1
a,theta=0,curve,0.49457881567973305,0.49457881567973305,0.49457881567973305,,1
a,theta=0,curve,0.4962468723936613,0.4962468723936613,0.4962468723936613,,1
a,theta=0,curve,0.4979149291075895,0.4979149291075895,0.4979149291075895,,1
a,theta=0,curve,0.49958298582151794,0.49958298582151794,0.49958298582151794,,1
a,theta=0,curve,0.5012510425354462,0.5012510425354462,0.5012510425354462,,1
a,theta=0,curve,0.5029190992493744,0.5029190992493744,0.5029190992493744,,1
a,theta=0,curve,0.5045871559633026,0.5045871559633026,0.5045871559633026,,1
a,theta=0,curve,0.5062552126772311,0.5062552126772311,0.5062552126772311,,1
a,theta=0,curve,0.5079232693911593,0.5079232693911593,0.5079232693911593,,1
a,theta=0,curve,0.5095913261050875,0.5095913261050875,0.5095913261050875,,1
a,theta=0,curve,0.5112593828190157,0.5112593828190157,0.5112593828190157,,1
a,theta=0,curve,0.512927439532944,0.512927439532944,0.512927439532944,,1
a,theta=0,curve,0.5145954962468724,0.5145954962468724,0.5145954962468724,,1
a,theta=0,curve,0.5162635529608006,0.5162635529608006,0.5162635529608006,,1
a,theta=0,curve,0.5179316096747288,0.5179316096747288,0.5179316096747288,,1
a,theta=0,curve,0.5195996663886571,0.5195996663886571,0.5195996663886571,,1
a,theta=0,curve,0.5212677231025855,0.5212677231025855,0.5212677231025855,,1
a,theta=0,curve,0.5229357798165137,0.5229357798165137,0.5229357798165137,,1
a,theta=0,curve,0.524603836530442,0.524603836530442,0.524603836530442,,1
a,theta=0,curve,0.5262718932443702,0.5262718932443702,0.5262718932443702,,1
a,theta=0,curve,0.5279399499582986,0.5279399499582986,0.5279399499582986,,1
a,theta=0,curve,0.5296080066722268,0.5296080066722268,0.5296080066722268,,1
a,theta=0,curve,0.5312760633861551,0.5312760633861551,0.5312760633861551,,1
a,theta=0,curve,0.5329441201000833,0.5329441201000833,0.5329441201000833,,1
a,theta=0,curve,0.5346121768140115,0.5346121768140115,0.5346121768140115,,1
a,theta=0,curve,0.53628023352794,0.53628023352794,0.53628023352794,,1
a,theta=0,curve,0.5379482902418682,0.5379482902418682,0.5379482902418682,,1
a,theta=0,curve,0.5396163469557964,0.5396163469557964,0.5396163469557964,,1
a,theta=0,curve,0.5412844036697246,0.5412844036697246,0.5412844036697246,,1
a,theta=0,curve,0.5429524603836531,0.5429524603836531,0.5429524603836531,,1
a,theta=0,curve,0.5446205170975813,0.5446205170975813,0.5446205170975813,,1
a,theta=0,curve,0.5462885738115095,0.5462885738115095,0.5462885738115095,,1
a,theta=0,curve,0.5479566305254377,0.5479566305254377,0.5479566305254377,,1
a,theta=0,curve,0.549624687239366,0.549624687239366,0.549624687239366,,1
a,theta=0,curve,0.5512927439532944,0.5512927439532944,0.5512927439532944,,1
a,theta=0,curve,0.5529608006672226,0.5529608006672226,0.5529608006672226,,1
a,theta=0,curve,0.5546288573811509,0.5546288573811509,0.5546288573811509,,1
a,theta=0,curve,0.5562969140950791,0.5562969140950791,0.5562969140950791,,1
a,theta=0,curve,0.5579649708090075,0.5579649708090075,0.5579649708090075,,1
a,theta=0,curve,0.5596330275229358,0.5596330275229358,0.5596330275229358,,1
a,theta=0,curve,0.561301084236864,0.561301084236864,0.561301084236864,,1
a,theta=0,curve,0.5629691409507922,0.5629691409507922,0.5629691409507922,,1
a,theta=0,curve,0.5646371976647206,0.5646371976647206,0.5646371976647206,,1
a,theta=0,curve,0.5663052543786489,0.5663052543786489,0.5663052543786489,,1
a,theta=0,curve,0.5679733110925771,0.5679733110925771,0.5679733110925771,,1
a,theta=0,curve,0.5696413678065053,0.5696413678065053,0.5696413678065053,,1
a,theta=0,curve,0.5713094245204335,0.5713094245204335,0.5713094245204335,,1
a,theta=0,curve,0.572977481234362,0.572977481234362,0.572977481234362,,1
a,theta=0,curve,0.5746455379482902,0.5746455379482902,0.5746455379482902,,1
a,theta=0,curve,0.5763135946622184,0.5763135946622184,0.5763135946622184,,1
a,theta=0,curve,0.5779816513761467,0.5779816513761467,0.5779816513761467,,1
a,theta=0,curve,0.5796497080900751,0.5796497080900751,0.5796497080900751,,1
a,theta=0,curve,0.5813177648040033,0.5813177648040033,0.5813177648040033,,1
a,theta=0,curve,0.5829858215179315,0.5829858215179315,0.5829858215179315,,1
a,theta=0,curve,0.5846538782318598,0.5846538782318598,0.5846538782318598,,1
a,theta=0,curve,0.586321934945788,0.586321934945788,0.586321934945788,,1
a,theta=0,curve,0.5879899916597164,0.5879899916597164,0.5879899916597164,,1
a,theta=0,curve,0.5896580483736447,0.5896580483736447,0.5896580483736447,,1
a,theta=0,curve,0.5913261050875729,0.5913261050875729,0.5913261050875729,,1
a,theta=0,curve,0.5929941618015011,0.5929941618015011,0.5929941618015011,,1
a,theta=0,curve,0.5946622185154296,0.5946622185154296,0.5946622185154296,,1
a,theta=0,curve,0.5963302752293578,0.5963302752293578,0.5963302752293578,,1
a,theta=0,curve,0.597998331943286,0.597998331943286,0.597998331943286,,1
a,theta=0,curve,0.5996663886572142,0.5996663886572142,0.5996663886572142,,1
a,theta=0,curve,0.6013344453711427,0.6013344453711427,0.6013344453711427,,1
a,theta=0,curve,0.6030025020850709,0.6030025020850709,0.6030025020850709,,1
a,theta=0,curve,0.6046705587989991,0.6046705587989991,0.6046705587989991,,1
a,theta=0,curve,0.6063386155129273,0.6063386155129273,0.6063386155129273,,1
a,theta=0,curve,0.6080066722268556,0.6080066722268556,0.6080066722268556,,1
a,theta=0,curve,0.609674728940784,0.609674728940784,0.609674728940784,,1
a,theta=0,curve,0.6113427856547122,0.6113427856547122,0.6113427856547122,,1
a,theta=0,curve,0.6130108423686405,0.6130108423686405,0.6130108423686405,,1
a,theta=0,curve,0.6146788990825687,0.6146788990825687,0.6146788990825687,,1
a,theta=0,curve,0.6163469557964971,0.6163469557964971,0.6163469557964971,,1
a,theta=0,curve,0.6180150125104253,0.6180150125104253,0.6180150125104253,,1
a,theta=0,curve,0.6196830692243536,0.6196830692243536,0.6196830692243536,,1
a,theta=0,curve,0.6213511259382818,0.6213511259382818,0.6213511259382818,,1
a,theta=0,curve,0.62301918265221,0.62301918265221,0.62301918265221,,1
a,theta=0,curve,0.6246872393661385,0.6246872393661385,0.6246872393661385,,1
a,theta=0,curve,0.6263552960800667,0.6263552960800667,0.6263552960800667,,1
a,theta=0,curve,0.6280233527939949,0.6280233527939949,0.6280233527939949,,1
a,theta=0,curve,0.6296914095079231,0.6296914095079231,0.6296914095079231,,1
a,theta=0,curve,0.6313594662218516,0.6313594662218516,0.6313594662218516,,1
a,theta=0,curve,0.6330275229357798,0.6330275229357798,0.6330275229357798,,1
a,theta=0,curve,0.634695579649708,0.634695579649708,0.634695579649708,,1
a,theta=0,curve,0.6363636363636362,0.6363636363636362,0.6363636363636362,,1
a,theta=0,curve,0.6380316930775645,0.6380316930775645,0.6380316930775645,,1
a,theta=0,curve,0.6396997497914929,0.6396997497914929,0.6396997497914929,,1
a,theta=0,curve,0.6413678065054211,0.6413678065054211,0.6413678065054211,,1
a,theta=0,curve,0.6430358632193494,0.6430358632193494,0.6430358632193494,,1
a,theta=0,curve,0.6447039199332776,0.6447039199332776,0.6447039199332776,,1
a,theta=0,curve,0.646371976647206,0.646371976647206,0.646371976647206,,1
a,theta=0,curve,0.6480400333611342,0.6480400333611342,0.6480400333611342,,1
a,theta=0,curve,0.6497080900750625,0.6497080900750625,0.6497080900750625,,1
a,theta=0,curve,0.6513761467889907,0.6513761467889907,0.6513761467889907,,1
a,theta=0,curve,0.6530442035029191,0.6530442035029191,0.6530442035029191,,1
a,theta=0,curve,0.6547122602168474,0.6547122602168474,0.6547122602168474,,1
a,theta=0,curve,0.6563803169307756,0.6563803169307756,0.6563803169307756,,1
a,theta=0,curve,0.6580483736447038,0.6580483736447038,0.6580483736447038,,1
a,theta=0,curve,0.659716430358632,0.659716430358632,0.659716430358632,,1
a,theta=0,curve,0.6613844870725605,0.6613844870725605,0.6613844870725605,,1
a,theta=0,curve,0.6630525437864887,0.6630525437864887,0.6630525437864887,,1
a,theta=0,curve,0.6647206005004169,0.6647206005004169,0.6647206005004169,,1
a,theta=0,curve,0.6663886572143451,0.6663886572143451,0.6663886572143451,,1
a,theta=0,curve,0.6680567139282736,0.6680567139282736,0.6680567139282736,,1
a,theta=0,curve,0.6697247706422018,0.6697247706422018,0.6697247706422018,,1
a,theta=0,curve,0.67139282735613,0.67139282735613,0.67139282735613,,1
a,theta=0,curve,0.6730608840700583,0.6730608840700583,0.6730608840700583,,1
a,theta=0,curve,0.6747289407839865,0.6747289407839865,0.6747289407839865,,1
a,theta=0,curve,0.6763969974979149,0.6763969974979149,0.6763969974979149,,1
a,theta=0,curve,0.6780650542118432,0.6780650542118432,0.6780650542118432,,1
a,theta=0,curve,0.6797331109257714,0.6797331109257714,0.6797331109257714,,1
a,theta=0,curve,0.6814011676396996,0.6814011676396996,0.6814011676396996,,1
a,theta=0,curve,0.683069224353628,0.683069224353628,0.683069224353628,,1
a,theta=0,curve,0.6847372810675563,0.6847372810675563,0.6847372810675563,,1
a,theta=0,curve,0.6864053377814845,0.6864053377814845,0.6864053377814845,,1
a,theta=0,curve,0.6880733944954127,0.6880733944954127,0.6880733944954127,,1
a,theta=0,curve,0.6897414512093412,0.6897414512093412,0.6897414512093412,,1
a,theta=0,curve,0.6914095079232694,0.6914095079232694,0.6914095079232694,,1
a,theta=0,curve,0.6930775646371976,0.6930775646371976,0.6930775646371976,,1
a,theta=0,curve,0.6947456213511258,0.6947456213511258,0.6947456213511258,,1
a,theta=0,curve,0.696413678065054,0.696413678065054,0.696413678065054,,1
a,theta=0,curve,0.6980817347789825,0.6980817347789825,0.6980817347789825,,1
a,theta=0,curve,0.6997497914929107,0.6997497914929107,0.6997497914929107,,1
a,theta=0,curve,0.701417848206839,0.701417848206839,0.701417848206839,,1
a,theta=0,curve,0.7030859049207672,0.7030859049207672,0.7030859049207672,,1
a,theta=0,curve,0.7047539616346956,0.7047539616346956,0.7047539616346956,,1
a,theta=0,curve,0.7064220183486238,0.7064220183486238,0.7064220183486238,,1
a,theta=0,curve,0.7080900750625521,0.7080900750625521,0.7080900750625521,,1
a,theta=0,curve,0.7097581317764803,0.7097581317764803,0.7097581317764803,,1
a,theta=0,curve,0.7114261884904085,0.7114261884904085,0.7114261884904085,,1
a,theta=0,curve,0.713094245204337,0.713094245204337,0.713094245204337,,1
a,theta=0,curve,0.7147623019182652,0.7147623019182652,0.7147623019182652,,1
a,theta=0,curve,0.7164303586321934,0.7164303586321934,0.7164303586321934,,1
a,theta=0,curve,0.7180984153461216,0.7180984153461216,0.7180984153461216,,1
a,theta=0,curve,0.7197664720600501,0.7197664720600501,0.7197664720600501,,1
a,theta=0,curve,0.7214345287739783,0.7214345287739783,0.7214345287739783,,1
a,theta=0,curve,0.7231025854879065,0.7231025854879065,0.7231025854879065,,1
a,theta=0,curve,0.7247706422018347,0.7247706422018347,0.7247706422018347,,1
a,theta=0,curve,0.726438698915763,0.726438698915763,0.726438698915763,,1
a,theta=0,curve,0.7281067556296914,0.7281067556296914,0.7281067556296914,,1
a,theta=0,curve,0.7297748123436196,0.7297748123436196,0.7297748123436196,,1
a,theta=0,curve,0.7314428690575479,0.7314428690575479,0.7314428690575479,,1
a,theta=0,curve,0.7331109257714761,0.7331109257714761,0.7331109257714761,,1
a,theta=0,curve,0.7347789824854045,0.7347789824854045,0.7347789824854045,,1
a,theta=0,curve,0.7364470391993327,0.7364470391993327,0.7364470391993327,,1
a,theta=0,curve,0.738115095913261,0.738115095913261,0.738115095913261,,1
a,theta=0,curve,0.7397831526271892,0.7397831526271892,0.7397831526271892,,1
a,theta=0,curve,0.7414512093411176,0.7414512093411176,0.7414512093411176,,1
a,theta=0,curve,0.7431192660550459,0.7431192660550459,0.7431192660550459,,1
a,theta=0,curve,0.7447873227689741,0.7447873227689741,0.7447873227689741,,1
a,theta=0,curve,0.7464553794829023,0.7464553794829023,0.7464553794829023,,1
a,theta=0,curve,0.7481234361968305,0.7481234361968305,0.7481234361968305,,1
a,theta=0,curve,0.749791492910759,0.749791492910759,0.749791492910759,,1
a,theta=0,curve,0.7514595496246872,0.7514595496246872,0.7514595496246872,,1
a,theta=0,curve,0.7531276063386154,0.7531276063386154,0.7531276063386154,,1
a,theta=0,curve,0.7547956630525436,0.7547956630525436,0.7547956630525436,,1
a,theta=0,curve,0.7564637197664721,0.7564637197664721,0.7564637197664721,,1
a,theta=0,curve,0.7581317764804003,0.7581317764804003,0.7581317764804003,,1
a,theta=0,curve,0.7597998331943285,0.7597998331943285,0.7597998331943285,,1
a,theta=0,curve,0.7614678899082568,0.7614678899082568,0.7614678899082568,,1
a,theta=0,curve,0.763135946622185,0.763135946622185,0.763135946622185,,1
a,theta=0,curve,0.7648040033361134,0.7648040033361134,0.7648040033361134,,1
a,theta=0,curve,0.7664720600500416,0.7664720600500416,0.7664720600500416,,1
a,theta=0,curve,0.7681401167639699,0.7681401167639699,0.7681401167639699,,1
a,theta=0,curve,0.7698081734778981,0.7698081734778981,0.7698081734778981,,1
a,theta=0,curve,0.7714762301918265,0.7714762301918265,0.7714762301918265,,1
a,theta=0,curve,0.7731442869057548,0.7731442869057548,0.7731442869057548,,1
a,theta=0,curve,0.774812343619683,0.774812343619683,0.774812343619683,,1
a,theta=0,curve,0.7764804003336112,0.7764804003336112,0.7764804003336112,,1
a,theta=0,curve,0.7781484570475397,0.7781484570475397,0.7781484570475397,,1
a,theta=0,curve,0.7798165137614679,0.7798165137614679,0.7798165137614679,,1
a,theta=0,curve,0.7814845704753961,0.7814845704753961,0.7814845704753961,,1
a,theta=0,curve,0.7831526271893243,0.7831526271893243,0.7831526271893243,,1
a,theta=0,curve,0.7848206839032525,0.7848206839032525,0.7848206839032525,,1
a,theta=0,curve,0.786488740617181,0.786488740617181,0.786488740617181,,1
a,theta=0,curve,0.7881567973311092,0.7881567973311092,0.7881567973311092,,1
a,theta=0,curve,0.7898248540450374,0.7898248540450374,0.7898248540450374,,1
a,theta=0,curve,0.7914929107589657,0.7914929107589657,0.7914929107589657,,1
a,theta=0,curve,0.7931609674728941,0.7931609674728941,0.7931609674728941,,1
a,theta=0,curve,0.7948290241868223,0.7948290241868223,0.7948290241868223,,1
a,theta=0,curve,0.7964970809007506,0.7964970809007506,0.7964970809007506,,1
a,theta=0,curve,0.7981651376146788,0.7981651376146788,0.7981651376146788,,1
a,theta=0,curve,0.799833194328607,0.799833194328607,0.799833194328607,,1
a,theta=0,curve,0.8015012510425354,0.8015012510425354,0.8015012510425354,,1
a,theta=0,curve,0.8031693077564637,0.8031693077564637,0.8031693077564637,,1
a,theta=0,curve,0.8048373644703919,0.8048373644703919,0.8048373644703919,,1
a,theta=0,curve,0.8065054211843201,0.8065054211843201,0.8065054211843201,,1
a,theta=0,curve,0.8081734778982486,0.8081734778982486,0.8081734778982486,,1
a,theta=0,curve,0.8098415346121768,0.8098415346121768,0.8098415346121768,,1
a,theta=0,curve,0.811509591326105,0.811509591326105,0.811509591326105,,1
a,theta=0,curve,0.8131776480400332,0.8131776480400332,0.8131776480400332,,1
a,theta=0,curve,0.8148457047539615,0.8148457047539615,0.8148457047539615,,1
a,theta=0,curve,0.8165137614678899,0.8165137614678899,0.8165137614678899,,1
a,theta=0,curve,0.8181818181818181,0.8181818181818181,0.8181818181818181,,1
a,theta=0,curve,0.8198498748957463,0.8198498748957463,0.8198498748957463,,1
a,theta=0,curve,0.8215179316096746,0.8215179316096746,0.8215179316096746,,1
a,theta=0,curve,0.823185988323603,0.823185988323603,0.823185988323603,,1
a,theta=0,curve,0.8248540450375312,0.8248540450375312,0.8248540450375312,,1
a,theta=0,curve,0.8265221017514595,0.8265221017514595,0.8265221017514595,,1
a,theta=0,curve,0.8281901584653877,0.8281901584653877,0.8281901584653877,,1
a,theta=0,curve,0.8298582151793161,0.8298582151793161,0.8298582151793161,,1
a,theta=0,curve,0.8315262718932444,0.8315262718932444,0.8315262718932444,,1
a,theta=0,curve,0.8331943286071726,0.8331943286071726,0.8331943286071726,,1
a,theta=0,curve,0.8348623853211008,0.8348623853211008,0.8348623853211008,,1
a,theta=0,curve,0.836530442035029,0.836530442035029,0.836530442035029,,1
a,theta=0,curve,0.8381984987489575,0.8381984987489575,0.8381984987489575,,1
a,theta=0,curve,0.8398665554628857,0.8398665554628857,0.8398665554628857,,1
a,theta=0,curve,0.8415346121768139,0.8415346121768139,0.8415346121768139,,1
a,theta=0,curve,0.8432026688907421,0.8432026688907421,0.8432026688907421,,1
a,theta=0,curve,0.8448707256046706,0.8448707256046706,0.8448707256046706,,1
a,theta=0,curve,0.8465387823185988,0.8465387823185988,0.8465387823185988,,1
a,theta=0,curve,0.848206839032527,0.848206839032527,0.848206839032527,,1
a,theta=0,curve,0.8498748957464553,0.8498748957464553,0.8498748957464553,,1
a,theta=0,curve,0.8515429524603835,0.8515429524603835,0.8515429524603835,,1
a,theta=0,curve,0.8532110091743119,0.8532110091743119,0.8532110091743119,,1
a,theta=0,curve,0.8548790658882401,0.8548790658882401,0.8548790658882401,,1
a,theta=0,curve,0.8565471226021684,0.8565471226021684,0.8565471226021684,,1
a,theta=0,curve,0.8582151793160966,0.8582151793160966,0.8582151793160966,,1
a,theta=0,curve,0.859883236030025,0.859883236030025,0.859883236030025,,1
a,theta=0,curve,0.8615512927439533,0.8615512927439533,0.8615512927439533,,1
a,theta=0,curve,0.8632193494578815,0.8632193494578815,0.8632193494578815,,1
a,theta=0,curve,0.8648874061718097,0.8648874061718097,0.8648874061718097,,1
a,theta=0,curve,0.8665554628857381,0.8665554628857381,0.8665554628857381,,1
a,theta=0,curve,0.8682235195996664,0.8682235195996664,0.8682235195996664,,1
a,theta=0,curve,0.8698915763135946,0.8698915763135946,0.8698915763135946,,1
a,theta=0,curve,0.8715596330275228,0.8715596330275228,0.8715596330275228,,1
a,theta=0,curve,0.873227689741451,0.873227689741451,0.873227689741451,,1
a,theta=0,curve,0.8748957464553795,0.8748957464553795,0.8748957464553795,,1
a,theta=0,curve,0.8765638031693077,0.8765638031693077,0.8765638031693077,,1
a,theta=0,curve,0.8782318598832359,0.8782318598832359,0.8782318598832359,,1
a,theta=0,curve,0.8798999165971642,0.8798999165971642,0.8798999165971642,,1
a,theta=0,curve,0.8815679733110926,0.8815679733110926,0.8815679733110926,,1
a,theta=0,curve,0.8832360300250208,0.8832360300250208,0.8832360300250208,,1
a,theta=0,curve,0.884904086738949,0.884904086738949,0.884904086738949,,1
a,theta=0,curve,0.8865721434528773,0.8865721434528773,0.8865721434528773,,1
a,theta=0,curve,0.8882402001668055,0.8882402001668055,0.8882402001668055,,1
a,theta=0,curve,0.8899082568807339,0.8899082568807339,0.8899082568807339,,1
a,theta=0,curve,0.8915763135946622,0.8915763135946622,0.8915763135946622,,1
a,theta=0,curve,0.8932443703085904,0.8932443703085904,0.8932443703085904,,1
a,theta=0,curve,0.8949124270225186,0.8949124270225186,0.8949124270225186,,1
a,theta=0,curve,0.896580483736447,0.896580483736447,0.896580483736447,,1
a,theta=0,curve,0.8982485404503753,0.8982485404503753,0.8982485404503753,,1
a,theta=0,curve,0.8999165971643035,0.8999165971643035,0.8999165971643035,,1
a,theta=0,curve,0.9015846538782317,0.9015846538782317,0.9015846538782317,,1
a,theta=0,curve,0.9032527105921602,0.9032527105921602,0.9032527105921602,,1
a,theta=0,curve,0.9049207673060884,0.9049207673060884,0.9049207673060884,,1
a,theta=0,curve,0.9065888240200166,0.9065888240200166,0.9065888240200166,,1
a,theta=0,curve,0.9082568807339448,0.9082568807339448,0.9082568807339448,,1
a,theta=0,curve,0.9099249374478731,0.9099249374478731,0.9099249374478731,,1
a,theta=0,curve,0.9115929941618015,0.9115929941618015,0.9115929941618015,,1
a,theta=0,curve,0.9132610508757297,0.9132610508757297,0.9132610508757297,,1
a,theta=0,curve,0.914929107589658,0.914929107589658,0.914929107589658,,1
a,theta=0,curve,0.9165971643035862,0.9165971643035862,0.9165971643035862,,1
a,theta=0,curve,0.9182652210175146,0.9182652210175146,0.9182652210175146,,1
a,theta=0,curve,0.9199332777314428,0.9199332777314428,0.9199332777314428,,1
a,theta=0,curve,0.9216013344453711,0.9216013344453711,0.9216013344453711,,1
a,theta=0,curve,0.9232693911592993,0.9232693911592993,0.9232693911592993,,1
a,theta=0,curve,0.9249374478732275,0.9249374478732275,0.9249374478732275,,1
a,theta=0,curve,0.926605504587156,0.926605504587156,0.926605504587156,,1
a,theta=0,curve,0.9282735613010842,0.9282735613010842,0.9282735613010842,,1
a,theta=0,curve,0.9299416180150124,0.9299416180150124,0.9299416180150124,,1
a,theta=0,curve,0.9316096747289406,0.9316096747289406,0.9316096747289406,,1
a,theta=0,curve,0.9332777314428691,0.9332777314428691,0.9332777314428691,,1
a,theta=0,curve,0.9349457881567973,0.9349457881567973,0.9349457881567973,,1
a,theta=0,curve,0.9366138448707255,0.9366138448707255,0.9366138448707255,,1
a,theta=0,curve,0.9382819015846537,0.9382819015846537,0.9382819015846537,,1
a,theta=0,curve,0.939949958298582,0.939949958298582,0.939949958298582,,1
a,theta=0,curve,0.9416180150125104,0.9416180150125104,0.9416180150125104,,1
a,theta=0,curve,0.9432860717264386,0.9432860717264386,0.9432860717264386,,1
a,theta=0,curve,0.9449541284403669,0.9449541284403669,0.9449541284403669,,1
a,theta=0,curve,0.9466221851542951,0.9466221851542951,0.9466221851542951,,1
a,theta=0,curve,0.9482902418682235,0.9482902418682235,0.9482902418682235,,1
a,theta=0,curve,0.9499582985821518,0.9499582985821518,0.9499582985821518,,1
a,theta=0,curve,0.95162635529608,0.95162635529608,0.95162635529608,,1
a,theta=0,curve,0.9532944120100082,0.9532944120100082,0.9532944120100082,,1
a,theta=0,curve,0.9549624687239366,0.9549624687239366,0.9549624687239366,,1
a,theta=0,curve,0.9566305254378649,0.9566305254378649,0.9566305254378649,,1
a,theta=0,curve,0.9582985821517931,0.9582985821517931,0.9582985821517931,,1
a,theta=0,curve,0.9599666388657213,0.9599666388657213,0.9599666388657213,,1
a,theta=0,curve,0.9616346955796495,0.9616346955796495,0.9616346955796495,,1
a,theta=0,curve,0.963302752293578,0.963302752293578,0.963302752293578,,1
a,theta=0,curve,0.9649708090075062,0.9649708090075062,0.9649708090075062,,1
a,theta=0,curve,0.9666388657214344,0.9666388657214344,0.9666388657214344,,1
a,theta=0,curve,0.9683069224353626,0.9683069224353626,0.9683069224353626,,1
a,theta=0,curve,0.9699749791492911,0.9699749791492911,0.9699749791492911,,1
a,theta=0,curve,0.9716430358632193,0.9716430358632193,0.9716430358632193,,1
a,theta=0,curve,0.9733110925771475,0.9733110925771475,0.9733110925771475,,1
a,theta=0,curve,0.9749791492910758,0.9749791492910758,0.9749791492910758,,1
a,theta=0,curve,0.976647206005004,0.976647206005004,0.976647206005004,,1
a,theta=0,curve,0.9783152627189324,0.9783152627189324,0.9783152627189324,,1
a,theta=0,curve,0.9799833194328607,0.9799833194328607,0.9799833194328607,,1
a,theta=0,curve,0.9816513761467889,0.9816513761467889,0.9816513761467889,,1
a,theta=0,curve,0.9833194328607171,0.9833194328607171,0.9833194328607171,,1
a,theta=0,curve,0.9849874895746455,0.9849874895746455,0.9849874895746455,,1
a,theta=0,curve,0.9866555462885738,0.9866555462885738,0.9866555462885738,,1
a,theta=0,curve,0.988323603002502,0.988323603002502,0.988323603002502,,1
a,theta=0,curve,0.9899916597164302,0.9899916597164302,0.9899916597164302,,1
a,theta=0,curve,0.9916597164303587,0.9916597164303587,0.9916597164303587,,1
a,theta=0,curve,0.9933277731442869,0.9933277731442869,0.9933277731442869,,1
a,theta=0,curve,0.9949958298582151,0.9949958298582151,0.9949958298582151,,1
a,theta=0,curve,0.9966638865721433,0.9966638865721433,0.9966638865721433,,1
a,theta=0,curve,0.9983319432860716,0.9983319432860716,0.9983319432860716,,1
a,theta=0,curve,1.0,1.0,1.0,,1
a,theta=0.25,curve,-1.0,-1.0,-0.25,,0
a,theta=0.25,curve,-0.9983319432860718,-0.9983319432860718,-0.24958246411904284,,0
a,theta=0.25,curve,-0.9966638865721434,-0.9966638865721434,-0.24916388483313512,,0
a,theta=0.25,curve,-0.9949958298582152,-0.9949958298582152,-0.24874426214227718,,0
a,theta=0.25,curve,-0.9933277731442869,-0.9933277731442869,-0.24832359604646914,,0
a,theta=0.25,curve,-0.9916597164303587,-0.9916597164303587,-0.24790188654571055,,0
a,theta=0.25,curve,-0.9899916597164303,-0.9899916597164303,-0.24747913364000174,,0
a,theta=0.25,curve,-0.9883236030025021,-0.9883236030025021,-0.24705533732934248,,0
a,theta=0.25,curve,-0.9866555462885738,-0.9866555462885738,-0.2466304976137328,,0
a,theta=0.25,curve,-0.9849874895746455,-0.9849874895746455,-0.246204614493173,,0
a,theta=0.25,curve,-0.9833194328607172,-0.9833194328607172,-0.24577768796766264,,0
a,theta=0.25,curve,-0.981651376146789,-0.981651376146789,-0.24534971803720218,,0
a,theta=0.25,curve,-0.9799833194328608,-0.9799833194328608,-0.24492070470179128,,0
a,theta=0.25,curve,-0.9783152627189324,-0.9783152627189324,-0.24449064796143016,,0
a,theta=0.25,curve,-0.9766472060050042,-0.9766472060050042,-0.2440595478161186,,0
a,theta=0.25,curve,-0.9749791492910759,-0.9749791492910759,-0.24362740426585694,,0
a,theta=0.25,curve,-0.9733110925771477,-0.9733110925771477,-0.24319421731064472,,0
a,theta=0.25,curve,-0.9716430358632193,-0.9716430358632193,-0.24275998695048207,,0
a,theta=0.25,curve,-0.9699749791492911,-0.9699749791492911,-0.2423247131853692,,0
a,theta=0.25,curve,-0.9683069224353628,-0.9683069224353628,-0.24188839601530587,,0
a,theta=0.25,curve,-0.9666388657214345,-0.9666388657214345,-0.24145103544029245,,0
a,theta=0.25,curve,-0.9649708090075062,-0.9649708090075062,-0.2410126314603287,,0
a,theta=0.25,curve,-0.963302752293578,-0.963302752293578,-0.24057318407541461,,0
a,theta=0.25,curve,-0.9616346955796498,-0.9616346955796498,-0.24013269328554998,,0
a,theta=0.25,curve,-0.9599666388657214,-0.9599666388657214,-0.23969115909073524,,0
a,theta=0.25,curve,-0.9582985821517932,-0.9582985821517932,-0.23924858149097017,,0
a,theta=0.25,curve,-0.9566305254378649,-0.9566305254378649,-0.23880496048625455,,0
a,theta=0.25,curve,-0.9549624687239366,-0.9549624687239366,-0.2383602960765887,,0
a,theta=0.25,curve,-0.9532944120100083,-0.9532944120100083,-0.23791458826197254,,0
a,theta=0.25,curve,-0.9516263552960801,-0.9516263552960801,-0.23746783704240593,,0
a,theta=0.25,curve,-0.9499582985821518,-0.9499582985821518,-0.2370200424178892,,0
a,theta=0.25,curve,-0.9482902418682235,-0.9482902418682235,-0.23657120438842216,,0
a,theta=0.25,curve,-0.9466221851542953,-0.9466221851542953,-0.23612132295400468,,0
a,theta=0.25,curve,-0.944954128440367,-0.944954128440367,-0.23567039811463686,,0
a,theta=0.25,curve,-0.9432860717264387,-0.9432860717264387,-0.2352184298703187,,0
a,theta=0.25,curve,-0.9416180150125104,-0.9416180150125104,-0.23476541822105024,,0
a,theta=0.25,curve,-0.9399499582985822,-0.9399499582985822,-0.23431136316683143,,0
a,theta=0.25,curve,-0.9382819015846539,-0.9382819015846539,-0.2338562647076622,,0
a,theta=0.25,curve,-0.9366138448707256,-0.9366138448707256,-0.23340012284354283,,0
a,theta=0.25,curve,-0.9349457881567973,-0.9349457881567973,-0.23294293757447293,,0
a,theta=0.25,curve,-0.9332777314428691,-0.9332777314428691,-0.23248470890045292,,0
a,theta=0.25,curve,-0.9316096747289407,-0.9316096747289407,-0.23202543682148258,,0
a,theta=0.25,curve,-0.9299416180150125,-0.9299416180150125,-0.2315651213375618,,0
a,theta=0.25,curve,-0.9282735613010842,-0.9282735613010842,-0.23110376244869058,,0
a,theta=0.25,curve,-0.926605504587156,-0.926605504587156,-0.23064136015486914,,0
a,theta=0.25,curve,-0.9249374478732277,-0.9249374478732277,-0.23017791445609737,,0
a,theta=0.25,curve,-0.9232693911592994,-0.9232693911592994,-0.22971342535237516,,0
a,theta=0.25,curve,-0.9216013344453712,-0.9216013344453712,-0.22924789284370273,,0
a,theta=0.25,curve,-0.9199332777314428,-0.9199332777314428,-0.22878131693007997,,0
a,theta=0.25,curve,-0.9182652210175146,-0.9182652210175146,-0.228313697611507,,0
a,theta=0.25,curve,-0.9165971643035863,-0.9165971643035863,-0.22784503488798358,,0
a,theta=0.25,curve,-0.9149291075896581,-0.9149291075896581,-0.22737532875950983,,0
a,theta=0.25,curve,-0.9132610508757297,-0.9132610508757297,-0.22690457922608576,,0
a,theta=0.25,curve,-0.9115929941618015,-0.9115929941618015,-0.22643278628771124,,0
a,theta=0.25,curve,-0.9099249374478733,-0.9099249374478733,-0.2259599499443865,,0
a,theta=0.25,curve,-0.908256880733945,-0.908256880733945,-0.22548607019611133,,0
a,theta=0.25,curve,-0.9065888240200167,-0.9065888240200167,-0.22501114704288594,,0
a,theta=0.25,curve,-0.9049207673060884,-0.9049207673060884,-0.22453518048471033,,0
a,theta=0.25,curve,-0.9032527105921602,-0.9032527105921602,-0.22405817052158417,,0
a,theta=0.25,curve,-0.9015846538782318,-0.9015846538782318,-0.2235801171535079,,0
a,theta=0.25,curve,-0.8999165971643036,-0.8999165971643036,-0.22310102038048119,,0
a,theta=0.25,curve,-0.8982485404503753,-0.8982485404503753,-0.22262088020250403,,0
a,theta=0.25,curve,-0.896580483736447,-0.896580483736447,-0.22213969661957655,,0
a,theta=0.25,curve,-0.8949124270225188,-0.8949124270225188,-0.22165746963169897,,0
a,theta=0.25,curve,-0.8932443703085905,-0.8932443703085905,-0.22117419923887083,,0
a,theta=0.25,curve,-0.8915763135946622,-0.8915763135946622,-0.22068988544109247,,0
a,theta=0.25,curve,-0.8899082568807339,-0.8899082568807339,-0.22020452823836378,,0
a,theta=0.25,curve,-0.8882402001668057,-0.8882402001668057,-0.21971812763068477,,0
a,theta=0.25,curve,-0.8865721434528774,-0.8865721434528774,-0.21923068361805542,,0
a,theta=0.25,curve,-0.8849040867389492,-0.8849040867389492,-0.21874219620047575,,0
a,theta=0.25,curve,-0.8832360300250208,-0.8832360300250208,-0.21825266537794563,,0
a,theta=0.25,curve,-0.8815679733110926,-0.8815679733110926,-0.2177620911504653,,0
a,theta=0.25,curve,-0.8798999165971643,-0.8798999165971643,-0.2172704735180344,,0
a,theta=0.25,curve,-0.878231859883236,-0.878231859883236,-0.21677781248065342,,0
a,theta=0.25,curve,-0.8765638031693077,-0.8765638031693077,-0.2162841080383222,,0
a,theta=0.25,curve,-0.8748957464553795,-0.8748957464553795,-0.21578936019104056,,0
a,theta=0.25,curve,-0.8732276897414513,-0.8732276897414513,-0.21529356893880847,,0
a,theta=0.25,curve,-0.8715596330275229,-0.8715596330275229,-0.21479673428162616,,0
a,theta=0.25,curve,-0.8698915763135947,-0.8698915763135947,-0.21429885621949352,,0
a,theta=0.25,curve,-0.8682235195996664,-0.8682235195996664,-0.21379993475241044,,0
a,theta=0.25,curve,-0.8665554628857381,-0.8665554628857381,-0.21329996988037703,,0
a,theta=0.25,curve,-0.8648874061718098,-0.8648874061718098,-0.2127989616033934,,0
a,theta=0.25,curve,-0.8632193494578816,-0.8632193494578816,-0.21229690992145933,,0
a,theta=0.25,curve,-0.8615512927439533,-0.8615512927439533,-0.21179381483457504,,0
a,theta=0.25,curve,-0.859883236030025,-0.859883236030025,-0.21128967634274054,,0
a,theta=0.25,curve,-0.8582151793160968,-0.8582151793160968,-0.21078449444595548,,0
a,theta=0.25,curve,-0.8565471226021685,-0.8565471226021685,-0.2102782691442202,,0
a,theta=0.25,curve,-0.8548790658882401,-0.8548790658882401,-0.20977100043753438,,0
a,theta=0.25,curve,-0.8532110091743119,-0.8532110091743119,-0.20926268832589856,,0
a,theta=0.25,curve,-0.8515429524603837,-0.8515429524603837,-0.2087533328093122,,0
a,theta=0.25,curve,-0.8498748957464554,-0.8498748957464554,-0.20824293388777548,,0
a,theta=0.25,curve,-0.8482068390325271,-0.8482068390325271,-0.20773149156128856,,0
a,theta=0.25,curve,-0.8465387823185988,-0.8465387823185988,-0.2072190058298512,,0
a,theta=0.25,curve,-0.8448707256046706,-0.8448707256046706,-0.20670547669346362,,0
a,theta=0.25,curve,-0.8432026688907424,-0.8432026688907424,-0.2061909041521257,,0
a,theta=0.25,curve,-0.841534612176814,-0.841534612176814,-0.20567528820583747,,0
a,theta=0.25,curve,-0.8398665554628857,-0.8398665554628857,-0.2051586288545988,,0
a,theta=0.25,curve,-0.8381984987489575,-0.8381984987489575,-0.20464092609840978,,0
a,theta=0.25,curve,-0.8365304420350292,-0.8365304420350292,-0.20412217993727055,,0
a,theta=0.25,curve,-0.8348623853211009,-0.8348623853211009,-0.20360239037118077,,0
a,theta=0.25,curve,-0.8331943286071727,-0.8331943286071727,-0.2030815574001409,,0
a,theta=0.25,curve,-0.8315262718932444,-0.8315262718932444,-0.20255968102415056,,0
a,theta=0.25,curve,-0.8298582151793161,-0.8298582151793161,-0.20203676124321002,,0
a,theta=0.25,curve,-0.8281901584653878,-0.8281901584653878,-0.20151279805731914,,0
a,theta=0.25,curve,-0.8265221017514596,-0.8265221017514596,-0.20098779146647783,,0
a,theta=0.25,curve,-0.8248540450375312,-0.8248540450375312,-0.20046174147068618,,0
a,theta=0.25,curve,-0.823185988323603,-0.823185988323603,-0.19993464806994432,,0
a,theta=0.25,curve,-0.8215179316096748,-0.8215179316096748,-0.19940651126425213,,0
a,theta=0.25,curve,-0.8198498748957465,-0.8198498748957465,-0.19887733105360939,,0
a,theta=0.25,curve,-0.8181818181818181,-0.8181818181818181,-0.19834710743801653,,0
a,theta=0.25,curve,-0.8165137614678899,-0.8165137614678899,-0.19781584041747324,,0
a,theta=0.25,curve,-0.8148457047539617,-0.8148457047539617,-0.19728352999197973,,0
a,theta=0.25,curve,-0.8131776480400333,-0.8131776480400333,-0.19675017616153578,,0
a,theta=0.25,curve,-0.8115095913261051,-0.8115095913261051,-0.19621577892614162,,0
a,theta=0.25,curve,-0.8098415346121768,-0.8098415346121768,-0.195680338285797,,0
a,theta=0.25,curve,-0.8081734778982486,-0.8081734778982486,-0.19514385424050207,,0
a,theta=0.25,curve,-0.8065054211843203,-0.8065054211843203,-0.1946063267902569,,0
a,theta=0.25,curve,-0.804837364470392,-0.804837364470392,-0.1940677559350612,,0
a,theta=0.25,curve,-0.8031693077564637,-0.8031693077564637,-0.1935281416749154,,0
a,theta=0.25,curve,-0.8015012510425354,-0.8015012510425354,-0.19298748400981913,,0
a,theta=0.25,curve,-0.7998331943286072,-0.7998331943286072,-0.19244578293977255,,0
a,theta=0.25,curve,-0.7981651376146789,-0.7981651376146789,-0.19190303846477574,,0
a,theta=0.25,curve,-0.7964970809007507,-0.7964970809007507,-0.1913592505848286,,0
a,theta=0.25,curve,-0.7948290241868223,-0.7948290241868223,-0.19081441929993093,,0
a,theta=0.25,curve,-0.7931609674728941,-0.7931609674728941,-0.19026854461008313,,0
a,theta=0.25,curve,-0.7914929107589658,-0.7914929107589658,-0.18972162651528468,,0
a,theta=0.25,curve,-0.7898248540450375,-0.7898248540450375,-0.18917366501553623,,0
a,theta=0.25,curve,-0.7881567973311092,-0.7881567973311092,-0.18862466011083745,,0
a,theta=0.25,curve,-0.786488740617181,-0.786488740617181,-0.18807461180118823,,0
a,theta=0.25,curve,-0.7848206839032528,-0.7848206839032528,-0.18752352008658868,,0
a,theta=0.25,curve,-0.7831526271893244,-0.7831526271893244,-0.1869713849670389,,0
a,theta=0.25,curve,-0.7814845704753962,-0.7814845704753962,-0.1864182064425387,,0
a,theta=0.25,curve,-0.7798165137614679,-0.7798165137614679,-0.18586398451308805,,0
a,theta=0.25,curve,-0.7781484570475397,-0.7781484570475397,-0.1853087191786873,,0
a,theta=0.25,curve,-0.7764804003336113,-0.7764804003336113,-0.184752410439336,,0
a,theta=0.25,curve,-0.7748123436196831,-0.7748123436196831,-0.18419505829503446,,0
a,theta=0.25,curve,-0.7731442869057548,-0.7731442869057548,-0.18363666274578272,,0
a,theta=0.25,curve,-0.7714762301918265,-0.7714762301918265,-0.18307722379158053,,0
a,theta=0.25,curve,-0.7698081734778983,-0.7698081734778983,-0.18251674143242802,,0
a,theta=0.25,curve,-0.76814011676397,-0.76814011676397,-0.1819552156683253,,0
a,theta=0.25,curve,-0.7664720600500416,-0.7664720600500416,-0.181392646499272,,0
a,theta=0.25,curve,-0.7648040033361134,-0.7648040033361134,-0.1808290339252686,,0
a,theta=0.25,curve,-0.7631359466221852,-0.7631359466221852,-0.18026437794631478,,0
a,theta=0.25,curve,-0.7614678899082569,-0.7614678899082569,-0.1796986785624105,,0
a,theta=0.25,curve,-0.7597998331943286,-0.7597998331943286,-0.17913193577355602,,0
a,theta=0.25,curve,-0.7581317764804003,-0.7581317764804003,-0.1785641495797512,,0
a,theta=0.25,curve,-0.7564637197664721,-0.7564637197664721,-0.17799531998099605,,0
a,theta=0.25,curve,-0.7547956630525439,-0.7547956630525439,-0.17742544697729068,,0
a,theta=0.25,curve,-0.7531276063386155,-0.7531276063386155,-0.17685453056863487,,0
a,theta=0.25,curve,-0.7514595496246872,-0.7514595496246872,-0.17628257075502873,,0
a,theta=0.25,curve,-0.749791492910759,-0.749791492910759,-0.17570956753647216,,0
a,theta=0.25,curve,-0.7481234361968307,-0.7481234361968307,-0.17513552091296547,,0
a,theta=0.25,curve,-0.7464553794829024,-0.7464553794829024,-0.17456043088450823,,0
a,theta=0.25,curve,-0.7447873227689741,-0.7447873227689741,-0.17398429745110078,,0
a,theta=0.25,curve,-0.7431192660550459,-0.7431192660550459,-0.173407120612743,,0
a,theta=0.25,curve,-0.7414512093411176,-0.7414512093411176,-0.17282890036943488,,0
a,theta=0.25,curve,-0.7397831526271894,-0.7397831526271894,-0.17224963672117655,,0
a,theta=0.25,curve,-0.7381150959132611,-0.7381150959132611,-0.17166932966796777,,0
a,theta=0.25,curve,-0.7364470391993327,-0.7364470391993327,-0.17108797920980856,,0
a,theta=0.25,curve,-0.7347789824854045,-0.7347789824854045,-0.17050558534669913,,0
a,theta=0.25,curve,-0.7331109257714763,-0.7331109257714763,-0.16992214807863937,,0
a,theta=0.25,curve,-0.731442869057548,-0.731442869057548,-0.16933766740562917,,0
a,theta=0.25,curve,-0.7297748123436196,-0.7297748123436196,-0.16875214332766875,,0
a,theta=0.25,curve,-0.7281067556296914,-0.7281067556296914,-0.168165575844758,,0
a,theta=0.25,curve,-0.7264386989157632,-0.7264386989157632,-0.16757796495689692,,0
a,theta=0.25,curve,-0.7247706422018348,-0.7247706422018348,-0.1669893106640855,,0
a,theta=0.25,curve,-0.7231025854879066,-0.7231025854879066,-0.16639961296632388,,0
a,theta=0.25,curve,-0.7214345287739783,-0.7214345287739783,-0.1658088718636117,,0
a,theta=0.25,curve,-0.7197664720600501,-0.7197664720600501,-0.1652170873559493,,0
a,theta=0.25,curve,-0.7180984153461218,-0.7180984153461218,-0.16462425944333658,,0
a,theta=0.25,curve,-0.7164303586321935,-0.7164303586321935,-0.16403038812577342,,0
a,theta=0.25,curve,-0.7147623019182652,-0.7147623019182652,-0.16343547340326003,,0
a,theta=0.25,curve,-0.713094245204337,-0.713094245204337,-0.1628395152757962,,0
a,theta=0.25,curve,-0.7114261884904087,-0.7114261884904087,-0.16224251374338228,,0
a,theta=0.25,curve,-0.7097581317764804,-0.7097581317764804,-0.1616444688060179,,0
a,theta=0.25,curve,-0.7080900750625521,-0.7080900750625521,-0.16104538046370298,,0
a,theta=0.25,curve,-0.7064220183486238,-0.7064220183486238,-0.16044524871643795,,0
a,theta=0.25,curve,-0.7047539616346956,-0.7047539616346956,-0.1598440735642227,,0
a,theta=0.25,curve,-0.7030859049207674,-0.7030859049207674,-0.1592418550070569,,0
a,theta=0.25,curve,-0.7014178482068391,-0.7014178482068391,-0.15863859304494077,,0
a,theta=0.25,curve,-0.6997497914929107,-0.6997497914929107,-0.15803428767787442,,0
a,theta=0.25,curve,-0.6980817347789825,-0.6980817347789825,-0.15742893890585774,,0
a,theta=0.25,curve,-0.6964136780650543,-0.6964136780650543,-0.15682254672889073,,0
a,theta=0.25,curve,-0.6947456213511259,-0.6947456213511259,-0.1562151111469734,,0
a,theta=0.25,curve,-0.6930775646371976,-0.6930775646371976,-0.15560663216010562,,0
a,theta=0.25,curve,-0.6914095079232694,-0.6914095079232694,-0.15499710976828762,,0
a,theta=0.25,curve,-0.6897414512093412,-0.6897414512093412,-0.1543865439715193,,0
a,theta=0.25,curve,-0.6880733944954129,-0.6880733944954129,-0.15377493476980053,,0
a,theta=0.25,curve,-0.6864053377814846,-0.6864053377814846,-0.15316228216313144,,0
a,theta=0.25,curve,-0.6847372810675563,-0.6847372810675563,-0.15254858615151212,,0
a,theta=0.25,curve,-0.683069224353628,-0.683069224353628,-0.15193384673494248,,0
a,theta=0.25,curve,-0.6814011676396998,-0.6814011676396998,-0.1513180639134225,,0
a,theta=0.25,curve,-0.6797331109257715,-0.6797331109257715,-0.1507012376869521,,0
a,theta=0.25,curve,-0.6780650542118432,-0.6780650542118432,-0.15008336805553135,,0
a,theta=0.25,curve,-0.6763969974979149,-0.6763969974979149,-0.1494644550191604,,0
a,theta=0.25,curve,-0.6747289407839867,-0.6747289407839867,-0.148844498577839,,0
a,theta=0.25,curve,-0.6730608840700584,-0.6730608840700584,-0.14822349873156737,,0
a,theta=0.25,curve,-0.67139282735613,-0.67139282735613,-0.1476014554803453,,0
a,theta=0.25,curve,-0.6697247706422018,-0.6697247706422018,-0.14697836882417303,,0
a,theta=0.25,curve,-0.6680567139282736,-0.6680567139282736,-0.14635423876305043,,0
a,theta=0.25,curve,-0.6663886572143454,-0.6663886572143454,-0.1457290652969775,,0
a,theta=0.25,curve,-0.664720600500417,-0.664720600500417,-0.1451028484259541,,0
a,theta=0.25,curve,-0.6630525437864887,-0.6630525437864887,-0.1444755881499804,,0
a,theta=0.25,curve,-0.6613844870725605,-0.6613844870725605,-0.14384728446905648,,0
a,theta=0.25,curve,-0.6597164303586323,-0.6597164303586323,-0.14321793738318211,,0
a,theta=0.25,curve,-0.6580483736447039,-0.6580483736447039,-0.14258754689235742,,0
a,theta=0.25,curve,-0.6563803169307756,-0.6563803169307756,-0.1419561129965825,,0
a,theta=0.25,curve,-0.6547122602168474,-0.6547122602168474,-0.14132363569585715,,0
a,theta=0.25,curve,-0.6530442035029191,-0.6530442035029191,-0.14069011499018158,,0
a,theta=0.25,curve,-0.6513761467889909,-0.6513761467889909,-0.14005555087955557,,0
a,theta=0.25,curve,-0.6497080900750626,-0.6497080900750626,-0.13941994336397945,,0
a,theta=0.25,curve,-0.6480400333611342,-0.6480400333611342,-0.13878329244345267,,0
a,theta=0.25,curve,-0.646371976647206,-0.646371976647206,-0.13814559811797567,,0
a,theta=0.25,curve,-0.6447039199332778,-0.6447039199332778,-0.13750686038754845,,0
a,theta=0.25,curve,-0.6430358632193495,-0.6430358632193495,-0.1368670792521708,,0
a,theta=0.25,curve,-0.6413678065054211,-0.6413678065054211,-0.1362262547118428,,0
a,theta=0.25,curve,-0.6396997497914929,-0.6396997497914929,-0.1355843867665646,,0
a,theta=0.25,curve,-0.6380316930775647,-0.6380316930775647,-0.13494147541633605,,0
a,theta=0.25,curve,-0.6363636363636364,-0.6363636363636364,-0.13429752066115708,,0
a,theta=0.25,curve,-0.6346955796497081,-0.6346955796497081,-0.13365252250102777,,0
a,theta=0.25,curve,-0.6330275229357798,-0.6330275229357798,-0.13300648093594813,,0
a,theta=0.25,curve,-0.6313594662218516,-0.6313594662218516,-0.13235939596591828,,0
a,theta=0.25,curve,-0.6296914095079233,-0.6296914095079233,-0.13171126759093799,,0
a,theta=0.25,curve,-0.628023352793995,-0.628023352793995,-0.13106209581100725,,0
a,theta=0.25,curve,-0.6263552960800667,-0.6263552960800667,-0.1304118806261264,,0
a,theta=0.25,curve,-0.6246872393661385,-0.6246872393661385,-0.12976062203629524,,0
a,theta=0.25,curve,-0.6230191826522102,-0.6230191826522102,-0.12910832004151362,,0
a,theta=0.25,curve,-0.6213511259382819,-0.6213511259382819,-0.1284549746417818,,0
a,theta=0.25,curve,-0.6196830692243536,-0.6196830692243536,-0.1278005858370994,,0
a,theta=0.25,curve,-0.6180150125104253,-0.6180150125104253,-0.12714515362746687,,0
a,theta=0.25,curve,-0.6163469557964971,-0.6163469557964971,-0.126488678012884,,0
a,theta=0.25,curve,-0.6146788990825689,-0.6146788990825689,-0.1258311589933508,,0
a,theta=0.25,curve,-0.6130108423686406,-0.6130108423686406,-0.12517259656886714,,0
a,theta=0.25,curve,-0.6113427856547122,-0.6113427856547122,-0.12451299073943323,,0
a,theta=0.25,curve,-0.609674728940784,-0.609674728940784,-0.12385234150504909,,0
a,theta=0.25,curve,-0.6080066722268558,-0.6080066722268558,-0.12319064886571451,,0
a,theta=0.25,curve,-0.6063386155129274,-0.6063386155129274,-0.12252791282142961,,0
a,theta=0.25,curve,-0.6046705587989991,-0.6046705587989991,-0.12186413337219437,,0
a,theta=0.25,curve,-0.6030025020850709,-0.6030025020850709,-0.12119931051800881,,0
a,theta=0.25,curve,-0.6013344453711427,-0.6013344453711427,-0.12053344425887302,,0
a,theta=0.25,curve,-0.5996663886572143,-0.5996663886572143,-0.11986653459478669,,0
a,theta=0.25,curve,-0.5979983319432861,-0.5979983319432861,-0.11919858152575014,,0
a,theta=0.25,curve,-0.5963302752293578,-0.5963302752293578,-0.11852958505176325,,0
a,theta=0.25,curve,-0.5946622185154296,-0.5946622185154296,-0.11785954517282615,,0
a,theta=0.25,curve,-0.5929941618015013,-0.5929941618015013,-0.11718846188893861,,0
a,theta=0.25,curve,-0.591326105087573,-0.591326105087573,-0.1165163352001008,,0
a,theta=0.25,curve,-0.5896580483736447,-0.5896580483736447,-0.11584316510631248,,0
a,theta=0.25,curve,-0.5879899916597164,-0.5879899916597164,-0.11516895160757401,,0
a,theta=0.25,curve,-0.5863219349457882,-0.5863219349457882,-0.11449369470388515,,0
a,theta=0.25,curve,-0.5846538782318599,-0.5846538782318599,-0.11381739439524585,,0
a,theta=0.25,curve,-0.5829858215179315,-0.5829858215179315,-0.11314005068165639,,0
a,theta=0.25,curve,-0.5813177648040033,-0.5813177648040033,-0.1124616635631166,,0
a,theta=0.25,curve,-0.5796497080900751,-0.5796497080900751,-0.11178223303962648,,0
a,theta=0.25,curve,-0.5779816513761469,-0.5779816513761469,-0.11110175911118592,,0
a,theta=0.25,curve,-0.5763135946622185,-0.5763135946622185,-0.11042024177779519,,0
a,theta=0.25,curve,-0.5746455379482902,-0.5746455379482902,-0.10973768103945392,,0
a,theta=0.25,curve,-0.572977481234362,-0.572977481234362,-0.10905407689616242,,0
a,theta=0.25,curve,-0.5713094245204338,-0.5713094245204338,-0.1083694293479206,,0
a,theta=0.25,curve,-0.5696413678065054,-0.5696413678065054,-0.10768373839472845,,0
a,theta=0.25,curve,-0.5679733110925771,-0.5679733110925771,-0.10699700403658596,,0
a,theta=0.25,curve,-0.5663052543786489,-0.5663052543786489,-0.1063092262734931,,0
a,theta=0.25,curve,-0.5646371976647206,-0.5646371976647206,-0.10562040510545001,,0
a,theta=0.25,curve,-0.5629691409507924,-0.5629691409507924,-0.10493054053245654,,0
a,theta=0.25,curve,-0.5613010842368641,-0.5613010842368641,-0.10423963255451274,,0
a,theta=0.25,curve,-0.5596330275229358,-0.5596330275229358,-0.1035476811716185,,0
a,theta=0.25,curve,-0.5579649708090075,-0.5579649708090075,-0.1028546863837741,,0
a,theta=0.25,curve,-0.5562969140950793,-0.5562969140950793,-0.10216064819097936,,0
a,theta=0.25,curve,-0.554628857381151,-0.554628857381151,-0.10146556659323414,,0
a,theta=0.25,curve,-0.5529608006672226,-0.5529608006672226,-0.10076944159053869,,0
a,theta=0.25,curve,-0.5512927439532944,-0.5512927439532944,-0.10007227318289286,,0
a,theta=0.25,curve,-0.5496246872393662,-0.5496246872393662,-0.09937406137029675,,0
a,theta=0.25,curve,-0.5479566305254379,-0.5479566305254379,-0.09867480615275037,,0
a,theta=0.25,curve,-0.5462885738115096,-0.5462885738115096,-0.09797450753025361,,0
a,theta=0.25,curve,-0.5446205170975813,-0.5446205170975813,-0.0972731655028064,,0
a,theta=0.25,curve,-0.5429524603836531,-0.5429524603836531,-0.09657078007040898,,0
a,theta=0.25,curve,-0.5412844036697249,-0.5412844036697249,-0.09586735123306123,,0
a,theta=0.25,curve,-0.5396163469557965,-0.5396163469557965,-0.09516287899076303,,0
a,theta=0.25,curve,-0.5379482902418682,-0.5379482902418682,-0.09445736334351462,,0
a,theta=0.25,curve,-0.53628023352794,-0.53628023352794,-0.09375080429131588,,0
a,theta=0.25,curve,-0.5346121768140117,-0.5346121768140117,-0.09304320183416681,,0
a,theta=0.25,curve,-0.5329441201000834,-0.5329441201000834,-0.09233455597206741,,0
a,theta=0.25,curve,-0.5312760633861551,-0.5312760633861551,-0.09162486670501757,,0
a,theta=0.25,curve,-0.5296080066722268,-0.5296080066722268,-0.09091413403301751,,0
a,theta=0.25,curve,-0.5279399499582986,-0.5279399499582986,-0.09020235795606713,,0
a,theta=0.25,curve,-0.5262718932443704,-0.5262718932443704,-0.08948953847416635,,0
a,theta=0.25,curve,-0.5246038365304421,-0.5246038365304421,-0.0887756755873152,,0
a,theta=0.25,curve,-0.5229357798165137,-0.5229357798165137,-0.08806076929551387,,0
a,theta=0.25,curve,-0.5212677231025855,-0.5212677231025855,-0.08734481959876206,,0
a,theta=0.25,curve,-0.5195996663886573,-0.5195996663886573,-0.08662782649706002,,0
a,theta=0.25,curve,-0.517931609674729,-0.517931609674729,-0.08590978999040771,,0
a,theta=0.25,curve,-0.5162635529608006,-0.5162635529608006,-0.08519071007880485,,0
a,theta=0.25,curve,-0.5145954962468724,-0.5145954962468724,-0.08447058676225183,,0
a,theta=0.25,curve,-0.5129274395329442,-0.5129274395329442,-0.08374942004074848,,0
a,theta=0.25,curve,-0.5112593828190158,-0.5112593828190158,-0.08302720991429469,,0
a,theta=0.25,curve,-0.5095913261050876,-0.5095913261050876,-0.08230395638289056,,0
a,theta=0.25,curve,-0.5079232693911593,-0.5079232693911593,-0.08157965944653628,,0
a,theta=0.25,curve,-0.5062552126772311,-0.5062552126772311,-0.08085431910523155,,0
a,theta=0.25,curve,-0.5045871559633028,-0.5045871559633028,-0.08012793535897655,,0
a,theta=0.25,curve,-0.5029190992493745,-0.5029190992493745,-0.07940050820777123,,0
a,theta=0.25,curve,-0.5012510425354462,-0.5012510425354462,-0.07867203765161546,,0
a,theta=0.25,curve,-0.49958298582151794,-0.49958298582151794,-0.07794252369050947,,0
a,theta=0.25,curve,-0.4979149291075897,-0.4979149291075897,-0.0772119663244531,,0
a,theta=0.25,curve,-0.4962468723936614,-0.4962468723936614,-0.07648036555344628,,0
a,theta=0.25,curve,-0.49457881567973316,-0.49457881567973316,-0.0757477213774892,,0
a,theta=0.25,curve,-0.49291075896580483,-0.49291075896580483,-0.07501403379658195,,0
a,theta=0.25,curve,-0.4912427022518766,-0.4912427022518766,-0.07427930281072426,,0
a,theta=0.25,curve,-0.48957464553794827,-0.48957464553794827,-0.0735435284199163,,0
a,theta=0.25,curve,-0.48790658882402005,-0.48790658882402005,-0.07280671062415794,,0
a,theta=0.25,curve,-0.4862385321100917,-0.4862385321100917,-0.07206884942344916,,0
a,theta=0.25,curve,-0.4845704753961635,-0.4845704753961635,-0.0713299448177902,,0
a,theta=0.25,curve,-0.48290241868223527,-0.48290241868223527,-0.07058999680718092,,0
a,theta=0.25,curve,-0.48123436196830693,-0.48123436196830693,-0.06984900539162109,,0
a,theta=0.25,curve,-0.4795663052543787,-0.4795663052543787,-0.06910697057111115,,0
a,theta=0.25,curve,-0.4778982485404504,-0.4778982485404504,-0.06836389234565088,,0
a,theta=0.25,curve,-0.47623019182652215,-0.47623019182652215,-0.06761977071524017,,0
a,theta=0.25,curve,-0.4745621351125938,-0.4745621351125938,-0.06687460567987924,,0
a,theta=0.25,curve,-0.4728940783986656,-0.4728940783986656,-0.06612839723956798,,0
a,theta=0.25,curve,-0.47122602168473726,-0.47122602168473726,-0.06538114539430617,,0
a,theta=0.25,curve,-0.46955796497080904,-0.46955796497080904,-0.0646328501440942,,0
a,theta=0.25,curve,-0.4678899082568807,-0.4678899082568807,-0.06388351148893179,,0
a,theta=0.25,curve,-0.4662218515429525,-0.4662218515429525,-0.06313312942881921,,0
a,theta=0.25,curve,-0.46455379482902426,-0.46455379482902426,-0.06238170396375631,,0
a,theta=0.25,curve,-0.4628857381150959,-0.4628857381150959,-0.06162923509374296,,0
a,theta=0.25,curve,-0.4612176814011677,-0.4612176814011677,-0.0608757228187794,,0
a,theta=0.25,curve,-0.45954962468723937,-0.45954962468723937,-0.06012116713886545,,0
a,theta=0.25,curve,-0.45788156797331114,-0.45788156797331114,-0.05936556805400117,,0
a,theta=0.25,curve,-0.4562135112593828,-0.4562135112593828,-0.05860892556418651,,0
a,theta=0.25,curve,-0.4545454545454546,-0.4545454545454546,-0.05785123966942152,,0
a,theta=0.25,curve,-0.45287739783152625,-0.45287739783152625,-0.057092510369706195,,0
a,theta=0.25,curve,-0.45120934111759803,-0.45120934111759803,-0.056332737665040544,,0
a,theta=0.25,curve,-0.4495412844036697,-0.4495412844036697,-0.055571921555424564,,0
a,theta=0.25,curve,-0.44787322768974147,-0.44787322768974147,-0.054810062040858365,,0
a,theta=0.25,curve,-0.44620517097581325,-0.44620517097581325,-0.05404715912134178,,0
a,theta=0.25,curve,-0.4445371142618849,-0.4445371142618849,-0.05328321279687487,,0
a,theta=0.25,curve,-0.4428690575479567,-0.4428690575479567,-0.05251822306745757,,0
a,theta=0.25,curve,-0.44120100083402836,-0.44120100083402836,-0.05175218993308994,,0
a,theta=0.25,curve,-0.43953294412010013,-0.43953294412010013,-0.050985113393771986,,0
a,theta=0.25,curve,-0.4378648874061718,-0.4378648874061718,-0.0502169934495037,,0
a,theta=0.25,curve,-0.4361968306922436,-0.4361968306922436,-0.049447830100285084,,0
a,theta=0.25,curve,-0.43452877397831524,-0.43452877397831524,-0.04867762334611614,,0
a,theta=0.25,curve,-0.432860717264387,-0.432860717264387,-0.047906373186996976,,0
a,theta=0.25,curve,-0.4311926605504587,-0.4311926605504587,-0.04713407962292737,,0
a,theta=0.25,curve,-0.42952460383653046,-0.42952460383653046,-0.046360742653907494,,0
a,theta=0.25,curve,-0.42785654712260224,-0.42785654712260224,-0.04558636227993729,,0
a,theta=0.25,curve,-0.4261884904086739,-0.4261884904086739,-0.044810938501016695,,0
a,theta=0.25,curve,-0.4245204336947457,-0.4245204336947457,-0.044034471317145774,,0
a,theta=0.25,curve,-0.42285237698081735,-0.42285237698081735,-0.04325696072832441,,0
a,theta=0.25,curve,-0.4211843202668891,-0.4211843202668891,-0.04247840673455289,,0
a,theta=0.25,curve,-0.4195162635529608,-0.4195162635529608,-0.04169880933583098,,0
a,theta=0.25,curve,-0.41784820683903257,-0.41784820683903257,-0.040918168532158794,,0
a,theta=0.25,curve,-0.41618015012510423,-0.41618015012510423,-0.04013648432353628,,0
a,theta=0.25,curve,-0.414512093411176,-0.414512093411176,-0.03935375670996344,,0
a,theta=0.25,curve,-0.4128440366972477,-0.4128440366972477,-0.0385699856914401,,0
a,theta=0.25,curve,-0.41117597998331945,-0.41117597998331945,-0.037785171267966544,,0
a,theta=0.25,curve,-0.4095079232693912,-0.4095079232693912,-0.036999313439542714,,0
a,theta=0.25,curve,-0.4078398665554629,-0.4078398665554629,-0.03621241220616844,,0
a,theta=0.25,curve,-0.40617180984153467,-0.40617180984153467,-0.0354244675678439,,0
a,theta=0.25,curve,-0.40450375312760634,-0.40450375312760634,-0.03463547952456908,,0
a,theta=0.25,curve,-0.4028356964136781,-0.4028356964136781,-0.033845448076343876,,0
a,theta=0.25,curve,-0.4011676396997498,-0.4011676396997498,-0.03305437322316834,,0
a,theta=0.25,curve,-0.39949958298582156,-0.39949958298582156,-0.032262254965042536,,0
a,theta=0.25,curve,-0.3978315262718932,-0.3978315262718932,-0.03146909330196623,,0
a,theta=0.25,curve,-0.396163469557965,-0.396163469557965,-0.030674888233939768,,0
a,theta=0.25,curve,-0.3944954128440368,-0.3944954128440368,-0.029879639760962917,,0
a,theta=0.25,curve,-0.39282735613010844,-0.39282735613010844,-0.029083347883035626,,0
a,theta=0.25,curve,-0.3911592994161802,-0.3911592994161802,-0.028286012600158172,,0
a,theta=0.25,curve,-0.3894912427022519,-0.3894912427022519,-0.027487633912330334,,0
a,theta=0.25,curve,-0.38782318598832366,-0.38782318598832366,-0.026688211819552166,,0
a,theta=0.25,curve,-0.3861551292743953,-0.3861551292743953,-0.025887746321823724,,0
a,theta=0.25,curve,-0.3844870725604671,-0.3844870725604671,-0.025086237419144897,,0
a,theta=0.25,curve,-0.38281901584653877,-0.38281901584653877,-0.02428368511151563,,0
a,theta=0.25,curve,-0.38115095913261055,-0.38115095913261055,-0.0234800893989362,,0
a,theta=0.25,curve,-0.3794829024186822,-0.3794829024186822,-0.022675450281406218,,0
a,theta=0.25,curve,-0.377814845704754,-0.377814845704754,-0.02186976775892613,,0
a,theta=0.25,curve,-0.37614678899082576,-0.37614678899082576,-0.021063041831495655,,0
a,theta=0.25,curve,-0.37447873227689743,-0.37447873227689743,-0.02025527249911485,,0
a,theta=0.25,curve,-0.3728106755629692,-0.3728106755629692,-0.01944645976178372,,0
a,theta=0.25,curve,-0.3711426188490409,-0.3711426188490409,-0.018636603619502257,,0
a,theta=0.25,curve,-0.36947456213511265,-0.36947456213511265,-0.017825704072270465,,0
a,theta=0.25,curve,-0.3678065054211843,-0.3678065054211843,-0.017013761120088233,,0
a,theta=0.25,curve,-0.3661384487072561,-0.3661384487072561,-0.01620077476295584,,0
a,theta=0.25,curve,-0.36447039199332776,-0.36447039199332776,-0.015386745000872892,,0
a,theta=0.25,curve,-0.36280233527939953,-0.36280233527939953,-0.014571671833839783,,0
a,theta=0.25,curve,-0.3611342785654712,-0.3611342785654712,-0.013755555261856345,,0
a,theta=0.25,curve,-0.359466221851543,-0.359466221851543,-0.012938395284922632,,0
a,theta=0.25,curve,-0.35779816513761475,-0.35779816513761475,-0.012120191903038535,,0
a,theta=0.25,curve,-0.3561301084236864,-0.3561301084236864,-0.011300945116204053,,0
a,theta=0.25,curve,-0.3544620517097582,-0.3544620517097582,-0.010480654924419297,,0
a,theta=0.25,curve,-0.35279399499582986,-0.35279399499582986,-0.0096593213276841,,0
a,theta=0.25,curve,-0.35112593828190164,-0.35112593828190164,-0.008836944325998686,,0
a,theta=0.25,curve,-0.3494578815679733,-0.3494578815679733,-0.00801352391936283,,0
a,theta=0.25,curve,-0.3477898248540451,-0.3477898248540451,-0.007189060107776757,,0
a,theta=0.25,curve,-0.34612176814011675,-0.34612176814011675,-0.006363552891240298,,0
a,theta=0.25,curve,-0.3444537114261885,-0.3444537114261885,-0.005537002269753566,,0
a,theta=0.25,curve,-0.3427856547122602,-0.3427856547122602,-0.004709408243316504,,0
a,theta=0.25,curve,-0.34111759799833197,-0.34111759799833197,-0.003880770811929113,,0
a,theta=0.25,curve,-0.33944954128440374,-0.33944954128440374,-0.0030510899755913368,,0
a,theta=0.25,curve,-0.3377814845704754,-0.3377814845704754,-0.0022203657343031757,,0
a,theta=0.25,curve,-0.3361134278565472,-0.3361134278565472,-0.0013885980880647963,,0
a,theta=0.25,curve,-0.33444537114261885,-0.33444537114261885,-0.0005557870368759765,,0
a,theta=0.25,curve,-0.33277731442869063,-0.33277731442869063,0.00027806741926306167,,1
a,theta=0.25,curve,-0.3311092577147623,-0.3311092577147623,0.0011129652803524848,,1
a,theta=0.25,curve,-0.32944120100083407,-0.32944120100083407,0.0019489065463922373,,1
a,theta=0.25,curve,-0.32777314428690574,-0.32777314428690574,0.0027858912173822636,,1
a,theta=0.25,curve,-0.3261050875729775,-0.3261050875729775,0.0036239192933226194,,1
a,theta=0.25,curve,-0.3244370308590492,-0.3244370308590492,0.004462990774213471,,1
a,theta=0.25,curve,-0.32276897414512096,-0.32276897414512096,0.005303105660054486,,1
a,theta=0.25,curve,-0.32110091743119273,-0.32110091743119273,0.00614426395084583,,1
a,theta=0.25,curve,-0.3194328607172644,-0.3194328607172644,0.0069864656465876696,,1
a,theta=0.25,curve,-0.3177648040033362,-0.3177648040033362,0.007829710747279672,,1
a,theta=0.25,curve,-0.31609674728940784,-0.31609674728940784,0.00867399925292206,,1
a,theta=0.25,curve,-0.3144286905754796,-0.3144286905754796,0.009519331163514777,,1
a,theta=0.25,curve,-0.3127606338615513,-0.3127606338615513,0.010365706479057768,,1
a,theta=0.25,curve,-0.31109257714762306,-0.31109257714762306,0.011213125199551088,,1
a,theta=0.25,curve,-0.3094245204336947,-0.3094245204336947,0.01206158732499496,,1
a,theta=0.25,curve,-0.3077564637197665,-0.3077564637197665,0.01291109285538894,,1
a,theta=0.25,curve,-0.3060884070058383,-0.3060884070058383,0.013761641790733303,,1
a,theta=0.25,curve,-0.30442035029190995,-0.30442035029190995,0.014613234131028052,,1
a,theta=0.25,curve,-0.3027522935779817,-0.3027522935779817,0.015465869876273075,,1
a,theta=0.25,curve,-0.3010842368640534,-0.3010842368640534,0.016319549026468427,,1
a,theta=0.25,curve,-0.29941618015012517,-0.29941618015012517,0.017174271581614053,,1
a,theta=0.25,curve,-0.29774812343619683,-0.29774812343619683,0.018030037541710064,,1
a,theta=0.25,curve,-0.2960800667222686,-0.2960800667222686,0.018886846906756405,,1
a,theta=0.25,curve,-0.2944120100083403,-0.2944120100083403,0.01974469967675313,,1
a,theta=0.25,curve,-0.29274395329441205,-0.29274395329441205,0.02060359585170013,,1
a,theta=0.25,curve,-0.2910758965804837,-0.2910758965804837,0.02146353543159757,,1
a,theta=0.25,curve,-0.2894078398665555,-0.2894078398665555,0.022324518416445227,,1
a,theta=0.25,curve,-0.28773978315262727,-0.28773978315262727,0.023186544806243214,,1
a,theta=0.25,curve,-0.28607172643869894,-0.28607172643869894,0.02404961460099153,,1
a,theta=0.25,curve,-0.2844036697247707,-0.2844036697247707,0.024913727800690122,,1
a,theta=0.25,curve,-0.2827356130108424,-0.2827356130108424,0.025778884405339098,,1
a,theta=0.25,curve,-0.28106755629691416,-0.28106755629691416,0.026645084414938403,,1
a,theta=0.25,curve,-0.2793994995829858,-0.2793994995829858,0.027512327829488148,,1
a,theta=0.25,curve,-0.2777314428690576,-0.2777314428690576,0.02838061464898811,,1
a,theta=0.25,curve,-0.27606338615512926,-0.27606338615512926,0.029249944873438516,,1
a,theta=0.25,curve,-0.27439532944120104,-0.27439532944120104,0.03012031850283914,,1
a,theta=0.25,curve,-0.2727272727272727,-0.2727272727272727,0.03099173553719009,,1
a,theta=0.25,curve,-0.2710592160133445,-0.2710592160133445,0.03186419597649137,,1
a,theta=0.25,curve,-0.26939115929941626,-0.26939115929941626,0.03273769982074298,,1
a,theta=0.25,curve,-0.2677231025854879,-0.2677231025854879,0.03361224706994492,,1
a,theta=0.25,curve,-0.2660550458715597,-0.2660550458715597,0.03448783772409719,,1
a,theta=0.25,curve,-0.26438698915763137,-0.26438698915763137,0.03536447178319996,,1
a,theta=0.25,curve,-0.26271893244370315,-0.26271893244370315,0.036242149247252886,,1
a,theta=0.25,curve,-0.2610508757297748,-0.2610508757297748,0.037120870116256255,,1
a,theta=0.25,curve,-0.2593828190158466,-0.2593828190158466,0.03800063439020984,,1
a,theta=0.25,curve,-0.25771476230191825,-0.25771476230191825,0.03888144206911376,,1
a,theta=0.25,curve,-0.25604670558799003,-0.25604670558799003,0.039763293152968004,,1
a,theta=0.25,curve,-0.2543786488740617,-0.2543786488740617,0.040646187641772635,,1
a,theta=0.25,curve,-0.2527105921601335,-0.2527105921601335,0.041530125535527485,,1
a,theta=0.25,curve,-0.25104253544620525,-0.25104253544620525,0.042415106834232774,,1
a,theta=0.25,curve,-0.24937447873227692,-0.24937447873227692,0.043301131537888504,,1
a,theta=0.25,curve,-0.2477064220183487,-0.2477064220183487,0.04418819964649434,,1
a,theta=0.25,curve,-0.24603836530442036,-0.24603836530442036,0.04507631116005073,,1
a,theta=0.25,curve,-0.24437030859049214,-0.24437030859049214,0.04596546607855728,,1
a,theta=0.25,curve,-0.2427022518765638,-0.2427022518765638,0.04685566440201416,,1
a,theta=0.25,curve,-0.24103419516263558,-0.24103419516263558,0.04774690613042143,,1
a,theta=0.25,curve,-0.23936613844870724,-0.23936613844870724,0.04863919126377897,,1
a,theta=0.25,curve,-0.23769808173477902,-0.23769808173477902,0.049532519802086894,,1
a,theta=0.25,curve,-0.2360300250208507,-0.2360300250208507,0.050426891745345204,,1
a,theta=0.25,curve,-0.23436196830692246,-0.23436196830692246,0.05132230709355379,,1
a,theta=0.25,curve,-0.23269391159299424,-0.23269391159299424,0.052218765846712645,,1
a,theta=0.25,curve,-0.2310258548790659,-0.2310258548790659,0.05311626800482194,,1
a,theta=0.25,curve,-0.22935779816513768,-0.22935779816513768,0.054014813567881514,,1
a,theta=0.25,curve,-0.22768974145120935,-0.22768974145120935,0.054914402535891416,,1
a,theta=0.25,curve,-0.22602168473728113,-0.22602168473728113,0.05581503490885159,,1
a,theta=0.25,curve,-0.2243536280233528,-0.2243536280233528,0.05671671068676215,,1
a,theta=0.25,curve,-0.22268557130942457,-0.22268557130942457,0.057619429869622985,,1
a,theta=0.25,curve,-0.22101751459549623,-0.22101751459549623,0.058523192457434314,,1
a,theta=0.25,curve,-0.219349457881568,-0.219349457881568,0.05942799845019586,,1
a,theta=0.25,curve,-0.21768140116763968,-0.21768140116763968,0.060333847847907796,,1
a,theta=0.25,curve,-0.21601334445371145,-0.21601334445371145,0.06124074065056995,,1
a,theta=0.25,curve,-0.21434528773978323,-0.21434528773978323,0.06214867685818248,,1
a,theta=0.25,curve,-0.2126772310258549,-0.2126772310258549,0.06305765647074535,,1
a,theta=0.25,curve,-0.21100917431192667,-0.21100917431192667,0.06396767948825854,,1
a,theta=0.25,curve,-0.20934111759799834,-0.20934111759799834,0.06487874591072207,,1
a,theta=0.25,curve,-0.20767306088407012,-0.20767306088407012,0.06579085573813587,,1
a,theta=0.25,curve,-0.20600500417014178,-0.20600500417014178,0.06670400897050016,,1
a,theta=0.25,curve,-0.20433694745621356,-0.20433694745621356,0.06761820560781467,,1
a,theta=0.25,curve,-0.20266889074228522,-0.20266889074228522,0.06853344565007957,,1
a,theta=0.25,curve,-0.201000834028357,-0.201000834028357,0.06944972909729474,,1
a,theta=0.25,curve,-0.19933277731442867,-0.19933277731442867,0.07036705594946024,,1
a,theta=0.25,curve,-0.19766472060050044,-0.19766472060050044,0.07128542620657607,,1
a,theta=0.25,curve,-0.19599666388657222,-0.19599666388657222,0.07220483986864223,,1
a,theta=0.25,curve,-0.19432860717264389,-0.19432860717264389,0.07312529693565872,,1
a,theta=0.25,curve,-0.19266055045871566,-0.19266055045871566,0.07404679740762554,,1
a,theta=0.25,curve,-0.19099249374478733,-0.19099249374478733,0.0749693412845428,,1
a,theta=0.25,curve,-0.1893244370308591,-0.1893244370308591,0.07589292856641028,,1
a,theta=0.25,curve,-0.18765638031693077,-0.18765638031693077,0.0768175592532282,,1
a,theta=0.25,curve,-0.18598832360300255,-0.18598832360300255,0.07774323334499633,,1
a,theta=0.25,curve,-0.1843202668890742,-0.1843202668890742,0.0786699508417148,,1
a,theta=0.25,curve,-0.182652210175146,-0.182652210175146,0.07959771174338359,,1
a,theta=0.25,curve,-0.18098415346121777,-0.18098415346121777,0.08052651605000272,,1
a,theta=0.25,curve,-0.17931609674728943,-0.17931609674728943,0.08145636376157217,,1
a,theta=0.25,curve,-0.1776480400333612,-0.1776480400333612,0.08238725487809195,,1
a,theta=0.25,curve,-0.17597998331943288,-0.17597998331943288,0.08331918939956218,,1
a,theta=0.25,curve,-0.17431192660550465,-0.17431192660550465,0.08425216732598262,,1
a,theta=0.25,curve,-0.17264386989157632,-0.17264386989157632,0.0851861886573535,,1
a,theta=0.25,curve,-0.1709758131776481,-0.1709758131776481,0.0861212533936746,,1
a,theta=0.25,curve,-0.16930775646371976,-0.16930775646371976,0.08705736153494609,,1
a,theta=0.25,curve,-0.16763969974979154,-0.16763969974979154,0.08799451308116779,,1
a,theta=0.25,curve,-0.1659716430358632,-0.1659716430358632,0.08893270803233994,,1
a,theta=0.25,curve,-0.16430358632193498,-0.16430358632193498,0.08987194638846241,,1
a,theta=0.25,curve,-0.16263552960800676,-0.16263552960800676,0.09081222814953516,,1
a,theta=0.25,curve,-0.16096747289407842,-0.16096747289407842,0.09175355331555834,,1
a,theta=0.25,curve,-0.1592994161801502,-0.1592994161801502,0.09269592188653175,,1
a,theta=0.25,curve,-0.15763135946622187,-0.15763135946622187,0.0936393338624556,,1
a,theta=0.25,curve,-0.15596330275229364,-0.15596330275229364,0.09458378924332966,,1
a,theta=0.25,curve,-0.1542952460383653,-0.1542952460383653,0.09552928802915414,,1
a,theta=0.25,curve,-0.15262718932443708,-0.15262718932443708,0.0964758302199289,,1
a,theta=0.25,curve,-0.15095913261050875,-0.15095913261050875,0.09742341581565395,,1
a,theta=0.25,curve,-0.14929107589658053,-0.14929107589658053,0.09837204481632938,,1
a,theta=0.25,curve,-0.1476230191826522,-0.1476230191826522,0.09932171722195521,,1
a,theta=0.25,curve,-0.14595496246872397,-0.14595496246872397,0.10027243303253125,,1
a,theta=0.25,curve,-0.14428690575479575,-0.14428690575479575,0.10122419224805765,,1
a,theta=0.25,curve,-0.1426188490408674,-0.1426188490408674,0.10217699486853449,,1
a,theta=0.25,curve,-0.1409507923269392,-0.1409507923269392,0.10313084089396155,,1
a,theta=0.25,curve,-0.13928273561301086,-0.13928273561301086,0.10408573032433896,,1
a,theta=0.25,curve,-0.13761467889908263,-0.13761467889908263,0.10504166315966668,,1
a,theta=0.25,curve,-0.1359466221851543,-0.1359466221851543,0.1059986393999447,,1
a,theta=0.25,curve,-0.13427856547122607,-0.13427856547122607,0.1069566590451731,,1
a,theta=0.25,curve,-0.13261050875729774,-0.13261050875729774,0.10791572209535194,,1
a,theta=0.25,curve,-0.13094245204336952,-0.13094245204336952,0.10887582855048095,,1
a,theta=0.25,curve,-0.12927439532944118,-0.12927439532944118,0.10983697841056045,,1
a,theta=0.25,curve,-0.12760633861551296,-0.12760633861551296,0.11079917167559011,,1
a,theta=0.25,curve,-0.12593828190158474,-0.12593828190158474,0.11176240834557016,,1
a,theta=0.25,curve,-0.1242702251876564,-0.1242702251876564,0.11272668842050054,,1
a,theta=0.25,curve,-0.12260216847372818,-0.12260216847372818,0.1136920119003812,,1
a,theta=0.25,curve,-0.12093411175979984,-0.12093411175979984,0.11465837878521226,,1
a,theta=0.25,curve,-0.11926605504587162,-0.11926605504587162,0.1156257890749936,,1
a,theta=0.25,curve,-0.11759799833194329,-0.11759799833194329,0.11659424276972541,,1
a,theta=0.25,curve,-0.11592994161801506,-0.11592994161801506,0.11756373986940744,,1
a,theta=0.25,curve,-0.11426188490408673,-0.11426188490408673,0.11853428037403985,,1
a,theta=0.25,curve,-0.11259382819015851,-0.11259382819015851,0.11950586428362253,,1
a,theta=0.25,curve,-0.11092577147623017,-0.11092577147623017,0.12047849159815555,,1
a,theta=0.25,curve,-0.10925771476230195,-0.10925771476230195,0.12145216231763889,,1
a,theta=0.25,curve,-0.10758965804837373,-0.10758965804837373,0.12242687644207256,,1
a,theta=0.25,curve,-0.10592160133444539,-0.10592160133444539,0.12340263397145654,,1
a,theta=0.25,curve,-0.10425354462051717,-0.10425354462051717,0.1243794349057909,,1
a,theta=0.25,curve,-0.10258548790658883,-0.10258548790658883,0.12535727924507567,,1
a,theta=0.25,curve,-0.10091743119266061,-0.10091743119266061,0.12633616698931063,,1
a,theta=0.25,curve,-0.09924937447873228,-0.09924937447873228,0.12731609813849604,,1
a,theta=0.25,curve,-0.09758131776480405,-0.09758131776480405,0.1282970726926317,,1
a,theta=0.25,curve,-0.09591326105087572,-0.09591326105087572,0.12927909065171767,,1
a,theta=0.25,curve,-0.0942452043369475,-0.0942452043369475,0.130262152015754,,1
a,theta=0.25,curve,-0.09257714762301927,-0.09257714762301927,0.13124625678474064,,1
a,theta=0.25,curve,-0.09090909090909094,-0.09090909090909094,0.13223140495867763,,1
a,theta=0.25,curve,-0.08924103419516272,-0.08924103419516272,0.13321759653756493,,1
a,theta=0.25,curve,-0.08757297748123438,-0.08757297748123438,0.13420483152140267,,1
a,theta=0.25,curve,-0.08590492076730616,-0.08590492076730616,0.13519310991019062,,1
a,theta=0.25,curve,-0.08423686405337782,-0.08423686405337782,0.13618243170392902,,1
a,theta=0.25,curve,-0.0825688073394496,-0.0825688073394496,0.13717279690261763,,1
a,theta=0.25,curve,-0.08090075062552127,-0.08090075062552127,0.13816420550625658,,1
a,theta=0.25,curve,-0.07923269391159304,-0.07923269391159304,0.13915665751484588,,1
a,theta=0.25,curve,-0.07756463719766471,-0.07756463719766471,0.1401501529283855,,1
a,theta=0.25,curve,-0.07589658048373649,-0.07589658048373649,0.14114469174687547,,1
a,theta=0.25,curve,-0.07422852376980826,-0.07422852376980826,0.14214027397031576,,1
a,theta=0.25,curve,-0.07256046705587993,-0.07256046705587993,0.14313689959870646,,1
a,theta=0.25,curve,-0.0708924103419517,-0.0708924103419517,0.14413456863204735,,1
a,theta=0.25,curve,-0.06922435362802337,-0.06922435362802337,0.14513328107033874,,1
a,theta=0.25,curve,-0.06755629691409515,-0.06755629691409515,0.14613303691358034,,1
a,theta=0.25,curve,-0.06588824020016681,-0.06588824020016681,0.14713383616177228,,1
a,theta=0.25,curve,-0.06422018348623859,-0.06422018348623859,0.14813567881491452,,1
a,theta=0.25,curve,-0.06255212677231026,-0.06255212677231026,0.14913856487300714,,1
a,theta=0.25,curve,-0.060884070058382034,-0.060884070058382034,0.15014249433605004,,1
a,theta=0.25,curve,-0.0592160133444537,-0.0592160133444537,0.15114746720404343,,1
a,theta=0.25,curve,-0.057547956630525476,-0.057547956630525476,0.15215348347698698,,1
a,theta=0.25,curve,-0.05587989991659725,-0.05587989991659725,0.1531605431548809,,1
a,theta=0.25,curve,-0.05421184320266892,-0.05421184320266892,0.15416864623772525,,1
a,theta=0.25,curve,-0.052543786488740696,-0.052543786488740696,0.15517779272551982,,1
a,theta=0.25,curve,-0.05087572977481236,-0.05087572977481236,0.15618798261826472,,1
a,theta=0.25,curve,-0.04920767306088414,-0.04920767306088414,0.15719921591595998,,1
a,theta=0.25,curve,-0.047539616346955804,-0.047539616346955804,0.1582114926186055,,1
a,theta=0.25,curve,-0.04587155963302758,-0.04587155963302758,0.15922481272620143,,1
a,theta=0.25,curve,-0.04420350291909925,-0.04420350291909925,0.16023917623874778,,1
a,theta=0.25,curve,-0.042535446205171024,-0.042535446205171024,0.1612545831562443,,1
a,theta=0.25,curve,-0.04086738949124269,-0.04086738949124269,0.16227103347869126,,1
a,theta=0.25,curve,-0.039199332777314466,-0.039199332777314466,0.1632885272060885,,1
a,theta=0.25,curve,-0.03753127606338624,-0.03753127606338624,0.164307064338436,,1
a,theta=0.25,curve,-0.03586321934945791,-0.03586321934945791,0.16532664487573395,,1
a,theta=0.25,curve,-0.034195162635529686,-0.034195162635529686,0.16634726881798212,,1
a,theta=0.25,curve,-0.03252710592160135,-0.03252710592160135,0.1673689361651807,,1
a,theta=0.25,curve,-0.030859049207673128,-0.030859049207673128,0.16839164691732955,,1
a,theta=0.25,curve,-0.029190992493744794,-0.029190992493744794,0.16941540107442887,,1
a,theta=0.25,curve,-0.02752293577981657,-0.02752293577981657,0.17044019863647836,,1
a,theta=0.25,curve,-0.025854879065888237,-0.025854879065888237,0.17146603960347834,,1
a,theta=0.25,curve,-0.024186822351960013,-0.024186822351960013,0.1724929239754285,,1
a,theta=0.25,curve,-0.02251876563803168,-0.02251876563803168,0.17352085175232906,,1
a,theta=0.25,curve,-0.020850708924103456,-0.020850708924103456,0.17454982293417992,,1
a,theta=0.25,curve,-0.019182652210175233,-0.019182652210175233,0.17557983752098105,,1
a,theta=0.25,curve,-0.0175145954962469,-0.0175145954962469,0.1766108955127326,,1
a,theta=0.25,curve,-0.015846538782318675,-0.015846538782318675,0.17764299690943447,,1
a,theta=0.25,curve,-0.014178482068390341,-0.014178482068390341,0.17867614171108676,,1
a,theta=0.25,curve,-0.012510425354462118,-0.012510425354462118,0.17971032991768923,,1
a,theta=0.25,curve,-0.010842368640533784,-0.010842368640533784,0.18074556152924215,,1
a,theta=0.25,curve,-0.00917431192660556,-0.00917431192660556,0.1817818365457453,,1
a,theta=0.25,curve,-0.007506255212677226,-0.007506255212677226,0.1828191549671988,,1
a,theta=0.25,curve,-0.005838198498749003,-0.005838198498749003,0.18385751679360265,,1
a,theta=0.25,curve,-0.004170141784820669,-0.004170141784820669,0.18489692202495683,,1
a,theta=0.25,curve,-0.002502085070892446,-0.002502085070892446,0.18593737066126131,,1
a,theta=0.25,curve,-0.0008340283569642226,-0.0008340283569642226,0.18697886270251612,,1
a,theta=0.25,curve,0.0008340283569641116,0.0008340283569641116,0.18802139814872135,,1
a,theta=0.25,curve,0.002502085070892335,0.002502085070892335,0.18906497699987684,,1
a,theta=0.25,curve,0.004170141784820558,0.004170141784820558,0.19010959925598261,,1
a,theta=0.25,curve,0.005838198498749003,0.005838198498749003,0.1911552649170389,,1
a,theta=0.25,curve,0.007506255212677226,0.007506255212677226,0.19220197398304537,,1
a,theta=0.25,curve,0.00917431192660545,0.00917431192660545,0.19324972645400215,,1
a,theta=0.25,curve,0.010842368640533673,0.010842368640533673,0.19429852232990927,,1
a,theta=0.25,curve,0.012510425354462118,0.012510425354462118,0.19534836161076685,,1
a,theta=0.25,curve,0.014178482068390341,0.014178482068390341,0.19639924429657465,,1
a,theta=0.25,curve,0.015846538782318564,0.015846538782318564,0.1974511703873328,,1
a,theta=0.25,curve,0.017514595496246788,0.017514595496246788,0.19850413988304122,,1
a,theta=0.25,curve,0.01918265221017501,0.01918265221017501,0.19955815278369998,,1
a,theta=0.25,curve,0.020850708924103456,0.020850708924103456,0.2006132090893092,,1
a,theta=0.25,curve,0.02251876563803168,0.02251876563803168,0.20166930879986866,,1
a,theta=0.25,curve,0.024186822351959902,0.024186822351959902,0.20272645191537844,,1
a,theta=0.25,curve,0.025854879065888126,0.025854879065888126,0.20378463843583852,,1
a,theta=0.25,curve,0.02752293577981657,0.02752293577981657,0.2048438683612491,,1
a,theta=0.25,curve,0.029190992493744794,0.029190992493744794,0.20590414169160984,,1
a,theta=0.25,curve,0.030859049207673017,0.030859049207673017,0.20696545842692093,,1
a,theta=0.25,curve,0.03252710592160124,0.03252710592160124,0.20802781856718236,,1
a,theta=0.25,curve,0.034195162635529464,0.034195162635529464,0.20909122211239412,,1
a,theta=0.25,curve,0.03586321934945791,0.03586321934945791,0.2101556690625563,,1
a,theta=0.25,curve,0.03753127606338613,0.03753127606338613,0.21122115941766872,,1
a,theta=0.25,curve,0.039199332777314355,0.039199332777314355,0.21228769317773147,,1
a,theta=0.25,curve,0.04086738949124258,0.04086738949124258,0.21335527034274454,,1
a,theta=0.25,curve,0.042535446205171024,0.042535446205171024,0.21442389091270808,,1
a,theta=0.25,curve,0.04420350291909925,0.04420350291909925,0.2154935548876218,,1
a,theta=0.25,curve,0.04587155963302747,0.04587155963302747,0.21656426226748587,,1
a,theta=0.25,curve,0.04753961634695569,0.04753961634695569,0.21763601305230024,,1
a,theta=0.25,curve,0.04920767306088414,0.04920767306088414,0.21870880724206512,,1
a,theta=0.25,curve,0.05087572977481236,0.05087572977481236,0.21978264483678017,,1
a,theta=0.25,curve,0.052543786488740585,0.052543786488740585,0.22085752583644555,,1
a,theta=0.25,curve,0.05421184320266881,0.05421184320266881,0.22193345024106126,,1
a,theta=0.25,curve,0.05587989991659703,0.05587989991659703,0.22301041805062732,,1
a,theta=0.25,curve,0.057547956630525476,0.057547956630525476,0.22408842926514383,,1
a,theta=0.25,curve,0.0592160133444537,0.0592160133444537,0.22516748388461053,,1
a,theta=0.25,curve,0.06088407005838192,0.06088407005838192,0.22624758190902758,,1
a,theta=0.25,curve,0.06255212677231015,0.06255212677231015,0.22732872333839493,,1
a,theta=0.25,curve,0.06422018348623859,0.06422018348623859,0.22841090817271278,,1
a,theta=0.25,curve,0.06588824020016681,0.06588824020016681,0.2294941364119808,,1
a,theta=0.25,curve,0.06755629691409504,0.06755629691409504,0.23057840805619914,,1
a,theta=0.25,curve,0.06922435362802326,0.06922435362802326,0.23166372310536784,,1
a,theta=0.25,curve,0.07089241034195148,0.07089241034195148,0.23275008155948687,,1
a,theta=0.25,curve,0.07256046705587993,0.07256046705587993,0.23383748341855637,,1
a,theta=0.25,curve,0.07422852376980815,0.07422852376980815,0.23492592868257603,,1
a,theta=0.25,curve,0.07589658048373638,0.07589658048373638,0.23601541735154602,,1
a,theta=0.25,curve,0.0775646371976646,0.0775646371976646,0.23710594942546637,,1
a,theta=0.25,curve,0.07923269391159304,0.07923269391159304,0.23819752490433718,,1
a,theta=0.25,curve,0.08090075062552127,0.08090075062552127,0.2392901437881582,,1
a,theta=0.25,curve,0.08256880733944949,0.08256880733944949,0.24038380607692952,,1
a,theta=0.25,curve,0.08423686405337771,0.08423686405337771,0.2414785117706512,,1
a,theta=0.25,curve,0.08590492076730594,0.08590492076730594,0.24257426086932316,,1
a,theta=0.25,curve,0.08757297748123438,0.08757297748123438,0.24367105337294565,,1
a,theta=0.25,curve,0.0892410341951626,0.0892410341951626,0.24476888928151827,,1
a,theta=0.25,curve,0.09090909090909083,0.09090909090909083,0.24586776859504128,,1
a,theta=0.25,curve,0.09257714762301905,0.09257714762301905,0.24696769131351456,,1
a,theta=0.25,curve,0.0942452043369475,0.0942452043369475,0.24806865743693837,,1
a,theta=0.25,curve,0.09591326105087572,0.09591326105087572,0.24917066696531234,,1
a,theta=0.25,curve,0.09758131776480394,0.09758131776480394,0.25027371989863667,,1
a,theta=0.25,curve,0.09924937447873217,0.09924937447873217,0.25137781623691124,,1
a,theta=0.25,curve,0.10091743119266061,0.10091743119266061,0.25248295598013637,,1
a,theta=0.25,curve,0.10258548790658883,0.10258548790658883,0.2535891391283117,,1
a,theta=0.25,curve,0.10425354462051706,0.10425354462051706,0.25469636568143733,,1
a,theta=0.25,curve,0.10592160133444528,0.10592160133444528,0.2558046356395133,,1
a,theta=0.25,curve,0.1075896580483735,0.1075896580483735,0.25691394900253955,,1
a,theta=0.25,curve,0.10925771476230195,0.10925771476230195,0.2580243057705163,,1
a,theta=0.25,curve,0.11092577147623017,0.11092577147623017,0.25913570594344326,,1
a,theta=0.25,curve,0.1125938281901584,0.1125938281901584,0.2602481495213206,,1
a,theta=0.25,curve,0.11426188490408662,0.11426188490408662,0.2613616365041481,,1
a,theta=0.25,curve,0.11592994161801506,0.11592994161801506,0.2624761668919262,,1
a,theta=0.25,curve,0.11759799833194329,0.11759799833194329,0.2635917406846545,,1
a,theta=0.25,curve,0.11926605504587151,0.11926605504587151,0.2647083578823331,,1
a,theta=0.25,curve,0.12093411175979973,0.12093411175979973,0.265826018484962,,1
a,theta=0.25,curve,0.12260216847372796,0.12260216847372796,0.2669447224925413,,1
a,theta=0.25,curve,0.1242702251876564,0.1242702251876564,0.26806446990507105,,1
a,theta=0.25,curve,0.12593828190158463,0.12593828190158463,0.26918526072255095,,1
a,theta=0.25,curve,0.12760633861551285,0.12760633861551285,0.2703070949449812,,1
a,theta=0.25,curve,0.12927439532944107,0.12927439532944107,0.2714299725723618,,1
a,theta=0.25,curve,0.13094245204336952,0.13094245204336952,0.27255389360469284,,1
a,theta=0.25,curve,0.13261050875729774,0.13261050875729774,0.2736788580419741,,1
a,theta=0.25,curve,0.13427856547122596,0.13427856547122596,0.27480486588420566,,1
a,theta=0.25,curve,0.1359466221851542,0.1359466221851542,0.27593191713138754,,1
a,theta=0.25,curve,0.13761467889908263,0.13761467889908263,0.27706001178351997,,1
a,theta=0.25,curve,0.13928273561301086,0.13928273561301086,0.2781891498406025,,1
a,theta=0.25,curve,0.14095079232693908,0.14095079232693908,0.2793193313026354,,1
a,theta=0.25,curve,0.1426188490408673,0.1426188490408673,0.2804505561696186,,1
a,theta=0.25,curve,0.14428690575479552,0.14428690575479552,0.2815828244415522,,1
a,theta=0.25,curve,0.14595496246872397,0.14595496246872397,0.28271613611843627,,1
a,theta=0.25,curve,0.1476230191826522,0.1476230191826522,0.2838504912002704,,1
a,theta=0.25,curve,0.14929107589658042,0.14929107589658042,0.28498588968705496,,1
a,theta=0.25,curve,0.15095913261050864,0.15095913261050864,0.28612233157878986,,1
a,theta=0.25,curve,0.15262718932443708,0.15262718932443708,0.2872598168754752,,1
a,theta=0.25,curve,0.1542952460383653,0.1542952460383653,0.28839834557711075,,1
a,theta=0.25,curve,0.15596330275229353,0.15596330275229353,0.28953791768369663,,1
a,theta=0.25,curve,0.15763135946622175,0.15763135946622175,0.29067853319523285,,1
a,theta=0.25,curve,0.15929941618014998,0.15929941618014998,0.2918201921117194,,1
a,theta=0.25,curve,0.16096747289407842,0.16096747289407842,0.2929628944331564,,1
a,theta=0.25,curve,0.16263552960800665,0.16263552960800665,0.2941066401595436,,1
a,theta=0.25,curve,0.16430358632193487,0.16430358632193487,0.2952514292908811,,1
a,theta=0.25,curve,0.1659716430358631,0.1659716430358631,0.29639726182716897,,1
a,theta=0.25,curve,0.16763969974979154,0.16763969974979154,0.29754413776840727,,1
a,theta=0.25,curve,0.16930775646371976,0.16930775646371976,0.2986920571145958,,1
a,theta=0.25,curve,0.17097581317764798,0.17097581317764798,0.29984101986573464,,1
a,theta=0.25,curve,0.1726438698915762,0.1726438698915762,0.3009910260218238,,1
a,theta=0.25,curve,0.17431192660550465,0.17431192660550465,0.30214207558286343,,1
a,theta=0.25,curve,0.17597998331943288,0.17597998331943288,0.30329416854885327,,1
a,theta=0.25,curve,0.1776480400333611,0.1776480400333611,0.30444730491979344,,1
a,theta=0.25,curve,0.17931609674728932,0.17931609674728932,0.30560148469568393,,1
a,theta=0.25,curve,0.18098415346121755,0.18098415346121755,0.30675670787652476,,1
a,theta=0.25,curve,0.182652210175146,0.182652210175146,0.3079129744623161,,1
a,theta=0.25,curve,0.1843202668890742,0.1843202668890742,0.3090702844530575,,1
a,theta=0.25,curve,0.18598832360300244,0.18598832360300244,0.3102286378487494,,1
a,theta=0.25,curve,0.18765638031693066,0.18765638031693066,0.3113880346493915,,1
a,theta=0.25,curve,0.1893244370308591,0.1893244370308591,0.31254847485498416,,1
a,theta=0.25,curve,0.19099249374478733,0.19099249374478733,0.31370995846552696,,1
a,theta=0.25,curve,0.19266055045871555,0.19266055045871555,0.3148724854810201,,1
a,theta=0.25,curve,0.19432860717264377,0.19432860717264377,0.31603605590146355,,1
a,theta=0.25,curve,0.195996663886572,0.195996663886572,0.31720066972685734,,1
a,theta=0.25,curve,0.19766472060050044,0.19766472060050044,0.31836632695720163,,1
a,theta=0.25,curve,0.19933277731442867,0.19933277731442867,0.3195330275924961,,1
a,theta=0.25,curve,0.2010008340283569,0.2010008340283569,0.3207007716327409,,1
a,theta=0.25,curve,0.2026688907422851,0.2026688907422851,0.321869559077936,,1
a,theta=0.25,curve,0.20433694745621356,0.20433694745621356,0.3230393899280816,,1
a,theta=0.25,curve,0.20600500417014178,0.20600500417014178,0.3242102641831774,,1
a,theta=0.25,curve,0.20767306088407,0.20767306088407,0.32538218184322354,,1
a,theta=0.25,curve,0.20934111759799823,0.20934111759799823,0.32655514290821996,,1
a,theta=0.25,curve,0.21100917431192645,0.21100917431192645,0.3277291473781667,,1
a,theta=0.25,curve,0.2126772310258549,0.2126772310258549,0.32890419525306397,,1
a,theta=0.25,curve,0.21434528773978312,0.21434528773978312,0.33008028653291144,,1
a,theta=0.25,curve,0.21601334445371134,0.21601334445371134,0.3312574212177092,,1
a,theta=0.25,curve,0.21768140116763957,0.21768140116763957,0.33243559930745725,,1
a,theta=0.25,curve,0.219349457881568,0.219349457881568,0.3336148208021559,,1
a,theta=0.25,curve,0.22101751459549623,0.22101751459549623,0.3347950857018046,,1
a,theta=0.25,curve,0.22268557130942446,0.22268557130942446,0.33597639400640367,,1
a,theta=0.25,curve,0.22435362802335268,0.22435362802335268,0.33715874571595306,,1
a,theta=0.25,curve,0.22602168473728113,0.22602168473728113,0.338342140830453,,1
a,theta=0.25,curve,0.22768974145120935,0.22768974145120935,0.33952657934990305,,1
a,theta=0.25,curve,0.22935779816513757,0.22935779816513757,0.3407120612743035,,1
a,theta=0.25,curve,0.2310258548790658,0.2310258548790658,0.34189858660365424,,1
a,theta=0.25,curve,0.23269391159299402,0.23269391159299402,0.3430861553379553,,1
a,theta=0.25,curve,0.23436196830692246,0.23436196830692246,0.34427476747720687,,1
a,theta=0.25,curve,0.2360300250208507,0.2360300250208507,0.34546442302140856,,1
a,theta=0.25,curve,0.2376980817347789,0.2376980817347789,0.34665512197056064,,1
a,theta=0.25,curve,0.23936613844870713,0.23936613844870713,0.347846864324663,,1
a,theta=0.25,curve,0.24103419516263558,0.24103419516263558,0.3490396500837159,,1
a,theta=0.25,curve,0.2427022518765638,0.2427022518765638,0.35023347924771897,,1
a,theta=0.25,curve,0.24437030859049202,0.24437030859049202,0.3514283518166723,,1
a,theta=0.25,curve,0.24603836530442025,0.24603836530442025,0.35262426779057604,,1
a,theta=0.25,curve,0.24770642201834847,0.24770642201834847,0.3538212271694301,,1
a,theta=0.25,curve,0.24937447873227692,0.24937447873227692,0.3550192299532346,,1
a,theta=0.25,curve,0.25104253544620514,0.25104253544620514,0.3562182761419893,,1
a,theta=0.25,curve,0.25271059216013336,0.25271059216013336,0.35741836573569435,,1
a,theta=0.25,curve,0.2543786488740616,0.2543786488740616,0.35861949873434973,,1
a,theta=0.25,curve,0.25604670558799003,0.25604670558799003,0.35982167513795554,,1
a,theta=0.25,curve,0.25771476230191825,0.25771476230191825,0.3610248949465116,,1
a,theta=0.25,curve,0.2593828190158465,0.2593828190158465,0.36222915816001794,,1
a,theta=0.25,curve,0.2610508757297747,0.2610508757297747,0.36343446477847463,,1
a,theta=0.25,curve,0.26271893244370315,0.26271893244370315,0.3646408148018818,,1
a,theta=0.25,curve,0.26438698915763137,0.26438698915763137,0.3658482082302391,,1
a,theta=0.25,curve,0.2660550458715596,0.2660550458715596,0.36705664506354685,,1
a,theta=0.25,curve,0.2677231025854878,0.2677231025854878,0.3682661253018048,,1
a,theta=0.25,curve,0.26939115929941604,0.26939115929941604,0.36947664894501314,,1
a,theta=0.25,curve,0.2710592160133445,0.2710592160133445,0.370688215993172,,1
a,theta=0.25,curve,0.2727272727272727,0.2727272727272727,0.371900826446281,,1
a,theta=0.25,curve,0.27439532944120093,0.27439532944120093,0.3731144803043403,,1
a,theta=0.25,curve,0.27606338615512915,0.27606338615512915,0.37432917756734996,,1
a,theta=0.25,curve,0.2777314428690576,0.2777314428690576,0.3755449182353101,,1
a,theta=0.25,curve,0.2793994995829858,0.2793994995829858,0.3767617023082204,,1
a,theta=0.25,curve,0.28106755629691405,0.28106755629691405,0.37797952978608107,,1
a,theta=0.25,curve,0.28273561301084227,0.28273561301084227,0.37919840066889204,,1
a,theta=0.25,curve,0.2844036697247705,0.2844036697247705,0.38041831495665335,,1
a,theta=0.25,curve,0.28607172643869894,0.28607172643869894,0.38163927264936515,,1
a,theta=0.25,curve,0.28773978315262716,0.28773978315262716,0.38286127374702716,,1
a,theta=0.25,curve,0.2894078398665554,0.2894078398665554,0.38408431824963946,,1
a,theta=0.25,curve,0.2910758965804836,0.2910758965804836,0.3853084061572021,,1
a,theta=0.25,curve,0.29274395329441205,0.29274395329441205,0.3865335374697152,,1
a,theta=0.25,curve,0.2944120100083403,0.2944120100083403,0.38775971218717853,,1
a,theta=0.25,curve,0.2960800667222685,0.2960800667222685,0.3889869303095921,,1
a,theta=0.25,curve,0.2977481234361967,0.2977481234361967,0.3902151918369561,,1
a,theta=0.25,curve,0.29941618015012494,0.29941618015012494,0.39144449676927034,,1
a,theta=0.25,curve,0.3010842368640534,0.3010842368640534,0.39267484510653516,,1
a,theta=0.25,curve,0.3027522935779816,0.3027522935779816,0.3939062368487501,,1
a,theta=0.25,curve,0.30442035029190984,0.30442035029190984,0.39513867199591535,,1
a,theta=0.25,curve,0.30608840700583806,0.30608840700583806,0.396372150548031,,1
a,theta=0.25,curve,0.3077564637197665,0.3077564637197665,0.39760667250509707,,1
a,theta=0.25,curve,0.3094245204336947,0.3094245204336947,0.3988422378671133,,1
a,theta=0.25,curve,0.31109257714762295,0.31109257714762295,0.4000788466340799,,1
a,theta=0.25,curve,0.3127606338615512,0.3127606338615512,0.40131649880599685,,1
a,theta=0.25,curve,0.3144286905754796,0.3144286905754796,0.40255519438286425,,1
a,theta=0.25,curve,0.31609674728940784,0.31609674728940784,0.40379493336468186,,1
a,theta=0.25,curve,0.31776480400333607,0.31776480400333607,0.4050357157514498,,1
a,theta=0.25,curve,0.3194328607172643,0.3194328607172643,0.40627754154316803,,1
a,theta=0.25,curve,0.3211009174311925,0.3211009174311925,0.4075204107398366,,1
a,theta=0.25,curve,0.32276897414512096,0.32276897414512096,0.4087643233414557,,1
a,theta=0.25,curve,0.3244370308590492,0.3244370308590492,0.4100092793480249,,1
a,theta=0.25,curve,0.3261050875729774,0.3261050875729774,0.4112552787595445,,1
a,theta=0.25,curve,0.3277731442869056,0.3277731442869056,0.4125023215760144,,1
a,theta=0.25,curve,0.32944120100083407,0.32944120100083407,0.41375040779743477,,1
a,theta=0.25,curve,0.3311092577147623,0.3311092577147623,0.41499953742380535,,1
a,theta=0.25,curve,0.3327773144286905,0.3327773144286905,0.41624971045512626,,1
a,theta=0.25,curve,0.33444537114261874,0.33444537114261874,0.41750092689139745,,1
a,theta=0.25,curve,0.33611342785654696,0.33611342785654696,0.418753186732619,,1
a,theta=0.25,curve,0.3377814845704754,0.3377814845704754,0.4200064899787911,,1
a,theta=0.25,curve,0.33944954128440363,0.33944954128440363,0.42126083662991326,,1
a,theta=0.25,curve,0.34111759799833186,0.34111759799833186,0.4225162266859858,,1
a,theta=0.25,curve,0.3427856547122601,0.3427856547122601,0.4237726601470087,,1
a,theta=0.25,curve,0.3444537114261885,0.3444537114261885,0.4250301370129821,,1
a,theta=0.25,curve,0.34612176814011675,0.34612176814011675,0.42628865728390564,,1
a,theta=0.25,curve,0.34778982485404497,0.34778982485404497,0.42754822095977946,,1
a,theta=0.25,curve,0.3494578815679732,0.3494578815679732,0.42880882804060366,,1
a,theta=0.25,curve,0.35112593828190164,0.35112593828190164,0.43007047852637836,,1
a,theta=0.25,curve,0.35279399499582986,0.35279399499582986,0.43133317241710323,,1
a,theta=0.25,curve,0.3544620517097581,0.3544620517097581,0.4325969097127784,,1
a,theta=0.25,curve,0.3561301084236863,0.3561301084236863,0.43386169041340394,,1
a,theta=0.25,curve,0.35779816513761453,0.35779816513761453,0.4351275145189798,,1
a,theta=0.25,curve,0.359466221851543,0.359466221851543,0.4363943820295061,,1
a,theta=0.25,curve,0.3611342785654712,0.3611342785654712,0.4376622929449826,,1
a,theta=0.25,curve,0.3628023352793994,0.3628023352793994,0.43893124726540944,,1
a,theta=0.25,curve,0.36447039199332765,0.36447039199332765,0.4402012449907866,,1
a,theta=0.25,curve,0.3661384487072561,0.3661384487072561,0.44147228612111433,,1
a,theta=0.25,curve,0.3678065054211843,0.3678065054211843,0.44274437065639216,,1
a,theta=0.25,curve,0.36947456213511254,0.36947456213511254,0.4440174985966203,,1
a,theta=0.25,curve,0.37114261884904076,0.37114261884904076,0.4452916699417988,,1
a,theta=0.25,curve,0.372810675562969,0.372810675562969,0.4465668846919276,,1
a,theta=0.25,curve,0.37447873227689743,0.37447873227689743,0.44784314284700694,,1
a,theta=0.25,curve,0.37614678899082565,0.37614678899082565,0.4491204444070364,,1
a,theta=0.25,curve,0.3778148457047539,0.3778148457047539,0.4503987893720162,,1
a,theta=0.25,curve,0.3794829024186821,0.3794829024186821,0.4516781777419464,,1
a,theta=0.25,curve,0.38115095913261055,0.38115095913261055,0.45295860951682704,,1
a,theta=0.25,curve,0.38281901584653877,0.38281901584653877,0.45424008469665783,,1
a,theta=0.25,curve,0.384487072560467,0.384487072560467,0.45552260328143895,,1
a,theta=0.25,curve,0.3861551292743952,0.3861551292743952,0.4568061652711704,,1
a,theta=0.25,curve,0.38782318598832344,0.38782318598832344,0.45809077066585224,,1
a,theta=0.25,curve,0.3894912427022519,0.3894912427022519,0.4593764194654845,,1
a,theta=0.25,curve,0.3911592994161801,0.3911592994161801,0.46066311167006696,,1
a,theta=0.25,curve,0.39282735613010833,0.39282735613010833,0.4619508472795998,,1
a,theta=0.25,curve,0.39449541284403655,0.39449541284403655,0.4632396262940829,,1
a,theta=0.25,curve,0.396163469557965,0.396163469557965,0.4645294487135165,,1
a,theta=0.25,curve,0.3978315262718932,0.3978315262718932,0.4658203145379003,,1
a,theta=0.25,curve,0.39949958298582144,0.39949958298582144,0.4671122237672344,,1
a,theta=0.25,curve,0.40116763969974967,0.40116763969974967,0.4684051764015188,,1
a,theta=0.25,curve,0.4028356964136781,0.4028356964136781,0.46969917244075376,,1
a,theta=0.25,curve,0.40450375312760634,0.40450375312760634,0.47099421188493884,,1
a,theta=0.25,curve,0.40617180984153456,0.40617180984153456,0.4722902947340743,,1
a,theta=0.25,curve,0.4078398665554628,0.4078398665554628,0.4735874209881601,,1
a,theta=0.25,curve,0.409507923269391,0.409507923269391,0.47488559064719615,,1
a,theta=0.25,curve,0.41117597998331945,0.41117597998331945,0.47618480371118277,,1
a,theta=0.25,curve,0.4128440366972477,0.4128440366972477,0.4774850601801195,,1
a,theta=0.25,curve,0.4145120934111759,0.4145120934111759,0.47878636005400654,,1
a,theta=0.25,curve,0.4161801501251041,0.4161801501251041,0.480088703332844,,1
a,theta=0.25,curve,0.41784820683903257,0.41784820683903257,0.4813920900166319,,1
a,theta=0.25,curve,0.4195162635529608,0.4195162635529608,0.48269652010537,,1
a,theta=0.25,curve,0.421184320266889,0.421184320266889,0.4840019935990584,,1
a,theta=0.25,curve,0.42285237698081724,0.42285237698081724,0.48530851049769713,,1
a,theta=0.25,curve,0.42452043369474546,0.42452043369474546,0.48661607080128616,,1
a,theta=0.25,curve,0.4261884904086739,0.4261884904086739,0.48792467450982574,,1
a,theta=0.25,curve,0.4278565471226021,0.4278565471226021,0.4892343216233155,,1
a,theta=0.25,curve,0.42952460383653035,0.42952460383653035,0.49054501214175555,,1
a,theta=0.25,curve,0.4311926605504586,0.4311926605504586,0.4918567460651459,,1
a,theta=0.25,curve,0.432860717264387,0.432860717264387,0.4931695233934868,,1
a,theta=0.25,curve,0.43452877397831524,0.43452877397831524,0.49448334412677786,,1
a,theta=0.25,curve,0.43619683069224346,0.43619683069224346,0.49579820826501925,,1
a,theta=0.25,curve,0.4378648874061717,0.4378648874061717,0.49711411580821097,,1
a,theta=0.25,curve,0.43953294412010013,0.43953294412010013,0.4984310667563532,,1
a,theta=0.25,curve,0.44120100083402836,0.44120100083402836,0.4997490611094455,,1
a,theta=0.25,curve,0.4428690575479566,0.4428690575479566,0.5010680988674883,,1
a,theta=0.25,curve,0.4445371142618848,0.4445371142618848,0.5023881800304812,,1
a,theta=0.25,curve,0.446205170975813,0.446205170975813,0.5037093045984247,,1
a,theta=0.25,curve,0.44787322768974147,0.44787322768974147,0.5050314725713185,,1
a,theta=0.25,curve,0.4495412844036697,0.4495412844036697,0.5063546839491625,,1
a,theta=0.25,curve,0.4512093411175979,0.4512093411175979,0.5076789387319569,,1
a,theta=0.25,curve,0.45287739783152614,0.45287739783152614,0.5090042369197015,,1
a,theta=0.25,curve,0.4545454545454546,0.4545454545454546,0.5103305785123967,,1
a,theta=0.25,curve,0.4562135112593828,0.4562135112593828,0.5116579635100421,,1
a,theta=0.25,curve,0.45788156797331103,0.45788156797331103,0.5129863919126377,,1
a,theta=0.25,curve,0.45954962468723926,0.45954962468723926,0.5143158637201838,,1
a,theta=0.25,curve,0.4612176814011675,0.4612176814011675,0.5156463789326801,,1
a,theta=0.25,curve,0.4628857381150959,0.4628857381150959,0.5169779375501269,,1
a,theta=0.25,curve,0.46455379482902415,0.46455379482902415,0.5183105395725239,,1
a,theta=0.25,curve,0.46622185154295237,0.46622185154295237,0.5196441849998712,,1
a,theta=0.25,curve,0.4678899082568806,0.4678899082568806,0.5209788738321689,,1
a,theta=0.25,curve,0.46955796497080904,0.46955796497080904,0.522314606069417,,1
a,theta=0.25,curve,0.47122602168473726,0.47122602168473726,0.5236513817116154,,1
a,theta=0.25,curve,0.4728940783986655,0.4728940783986655,0.524989200758764,,1
a,theta=0.25,curve,0.4745621351125937,0.4745621351125937,0.526328063210863,,1
a,theta=0.25,curve,0.47623019182652215,0.47623019182652215,0.5276679690679125,,1
a,theta=0.25,curve,0.4778982485404504,0.4778982485404504,0.5290089183299121,,1
a,theta=0.25,curve,0.4795663052543786,0.4795663052543786,0.530350910996862,,1
a,theta=0.25,curve,0.4812343619683068,0.4812343619683068,0.5316939470687624,,1
a,theta=0.25,curve,0.48290241868223505,0.48290241868223505,0.533038026545613,,1
a,theta=0.25,curve,0.4845704753961635,0.4845704753961635,0.5343831494274142,,1
a,theta=0.25,curve,0.4862385321100917,0.4862385321100917,0.5357293157141655,,1
a,theta=0.25,curve,0.48790658882401994,0.48790658882401994,0.537076525405867,,1
a,theta=0.25,curve,0.48957464553794816,0.48957464553794816,0.538424778502519,,1
a,theta=0.25,curve,0.4912427022518766,0.4912427022518766,0.5397740750041214,,1
a,theta=0.25,curve,0.49291075896580483,0.49291075896580483,0.5411244149106741,,1
a,theta=0.25,curve,0.49457881567973305,0.49457881567973305,0.5424757982221771,,1
a,theta=0.25,curve,0.4962468723936613,0.4962468723936613,0.5438282249386304,,1
a,theta=0.25,curve,0.4979149291075895,0.4979149291075895,0.5451816950600339,,1
a,theta=0.25,curve,0.49958298582151794,0.49958298582151794,0.5465362085863881,,1
a,theta=0.25,curve,0.5012510425354462,0.5012510425354462,0.5478917655176923,,1
a,theta=0.25,curve,0.5029190992493744,0.5029190992493744,0.5492483658539469,,1
a,theta=0.25,curve,0.5045871559633026,0.5045871559633026,0.5506060095951518,,1
a,theta=0.25,curve,0.5062552126772311,0.5062552126772311,0.5519646967413072,,1
a,theta=0.25,curve,0.5079232693911593,0.5079232693911593,0.5533244272924128,,1
a,theta=0.25,curve,0.5095913261050875,0.5095913261050875,0.5546852012484688,,1
a,theta=0.25,curve,0.5112593828190157,0.5112593828190157,0.556047018609475,,1
a,theta=0.25,curve,0.512927439532944,0.512927439532944,0.5574098793754316,,1
a,theta=0.25,curve,0.5145954962468724,0.5145954962468724,0.5587737835463387,,1
a,theta=0.25,curve,0.5162635529608006,0.5162635529608006,0.5601387311221959,,1
a,theta=0.25,curve,0.5179316096747288,0.5179316096747288,0.5615047221030035,,1
a,theta=0.25,curve,0.5195996663886571,0.5195996663886571,0.5628717564887613,,1
a,theta=0.25,curve,0.5212677231025855,0.5212677231025855,0.5642398342794698,,1
a,theta=0.25,curve,0.5229357798165137,0.5229357798165137,0.5656089554751283,,1
a,theta=0.25,curve,0.524603836530442,0.524603836530442,0.5669791200757373,,1
a,theta=0.25,curve,0.5262718932443702,0.5262718932443702,0.5683503280812965,,1
a,theta=0.25,curve,0.5279399499582986,0.5279399499582986,0.5697225794918062,,1
a,theta=0.25,curve,0.5296080066722268,0.5296080066722268,0.571095874307266,,1
a,theta=0.25,curve,0.5312760633861551,0.5312760633861551,0.5724702125276763,,1
a,theta=0.25,curve,0.5329441201000833,0.5329441201000833,0.5738455941530368,,1
a,theta=0.25,curve,0.5346121768140115,0.5346121768140115,0.5752220191833477,,1
a,theta=0.25,curve,0.53628023352794,0.53628023352794,0.5765994876186091,,1
a,theta=0.25,curve,0.5379482902418682,0.5379482902418682,0.5779779994588206,,1
a,theta=0.25,curve,0.5396163469557964,0.5396163469557964,0.5793575547039824,,1
a,theta=0.25,curve,0.5412844036697246,0.5412844036697246,0.5807381533540946,,1
a,theta=0.25,curve,0.5429524603836531,0.5429524603836531,0.5821197954091574,,1
a,theta=0.25,curve,0.5446205170975813,0.5446205170975813,0.5835024808691702,,1
a,theta=0.25,curve,0.5462885738115095,0.5462885738115095,0.5848862097341334,,1
a,theta=0.25,curve,0.5479566305254377,0.5479566305254377,0.5862709820040469,,1
a,theta=0.25,curve,0.549624687239366,0.549624687239366,0.5876567976789108,,1
a,theta=0.25,curve,0.5512927439532944,0.5512927439532944,0.5890436567587252,,1
a,theta=0.25,curve,0.5529608006672226,0.5529608006672226,0.5904315592434897,,1
a,theta=0.25,curve,0.5546288573811509,0.5546288573811509,0.5918205051332045,,1
a,theta=0.25,curve,0.5562969140950791,0.5562969140950791,0.5932104944278697,,1
a,theta=0.25,curve,0.5579649708090075,0.5579649708090075,0.5946015271274854,,1
a,theta=0.25,curve,0.5596330275229358,0.5596330275229358,0.5959936032320512,,1
a,theta=0.25,curve,0.561301084236864,0.561301084236864,0.5973867227415673,,1
a,theta=0.25,curve,0.5629691409507922,0.5629691409507922,0.5987808856560338,,1
a,theta=0.25,curve,0.5646371976647206,0.5646371976647206,0.6001760919754509,,1
a,theta=0.25,curve,0.5663052543786489,0.5663052543786489,0.601572341699818,,1
a,theta=0.25,curve,0.5679733110925771,0.5679733110925771,0.6029696348291355,,1
a,theta=0.25,curve,0.5696413678065053,0.5696413678065053,0.6043679713634033,,1
a,theta=0.25,curve,0.5713094245204335,0.5713094245204335,0.6057673513026214,,1
a,theta=0.25,curve,0.572977481234362,0.572977481234362,0.6071677746467901,,1
a,theta=0.25,curve,0.5746455379482902,0.5746455379482902,0.6085692413959088,,1
a,theta=0.25,curve,0.5763135946622184,0.5763135946622184,0.609971751549978,,1
a,theta=0.25,curve,0.5779816513761467,0.5779816513761467,0.6113753051089974,,1
a,theta=0.25,curve,0.5796497080900751,0.5796497080900751,0.6127799020729674,,1
a,theta=0.25,curve,0.5813177648040033,0.5813177648040033,0.6141855424418876,,1
a,theta=0.25,curve,0.5829858215179315,0.5829858215179315,0.615592226215758,,1
a,theta=0.25,curve,0.5846538782318598,0.5846538782318598,0.6169999533945788,,1
a,theta=0.25,curve,0.586321934945788,0.586321934945788,0.6184087239783499,,1
a,theta=0.25,curve,0.5879899916597164,0.5879899916597164,0.6198185379670715,,1
a,theta=0.25,curve,0.5896580483736447,0.5896580483736447,0.6212293953607433,,1
a,theta=0.25,curve,0.5913261050875729,0.5913261050875729,0.6226412961593655,,1
a,theta=0.25,curve,0.5929941618015011,0.5929941618015011,0.6240542403629379,,1
a,theta=0.25,curve,0.5946622185154296,0.5946622185154296,0.6254682279714608,,1
a,theta=0.25,curve,0.5963302752293578,0.5963302752293578,0.6268832589849339,,1
a,theta=0.25,curve,0.597998331943286,0.597998331943286,0.6282993334033573,,1
a,theta=0.25,curve,0.5996663886572142,0.5996663886572142,0.6297164512267311,,1
a,theta=0.25,curve,0.6013344453711427,0.6013344453711427,0.6311346124550554,,1
a,theta=0.25,curve,0.6030025020850709,0.6030025020850709,0.6325538170883298,,1
a,theta=0.25,curve,0.6046705587989991,0.6046705587989991,0.6339740651265545,,1
a,theta=0.25,curve,0.6063386155129273,0.6063386155129273,0.6353953565697297,,1
a,theta=0.25,curve,0.6080066722268556,0.6080066722268556,0.636817691417855,,1
a,theta=0.25,curve,0.609674728940784,0.609674728940784,0.638241069670931,,1
a,theta=0.25,curve,0.6113427856547122,0.6113427856547122,0.639665491328957,,1
a,theta=0.25,curve,0.6130108423686405,0.6130108423686405,0.6410909563919335,,1
a,theta=0.25,curve,0.6146788990825687,0.6146788990825687,0.6425174648598602,,1
a,theta=0.25,curve,0.6163469557964971,0.6163469557964971,0.6439450167327374,,1
a,theta=0.25,curve,0.6180150125104253,0.6180150125104253,0.6453736120105649,,1
a,theta=0.25,curve,0.6196830692243536,0.6196830692243536,0.6468032506933425,,1
a,theta=0.25,curve,0.6213511259382818,0.6213511259382818,0.6482339327810706,,1
a,theta=0.25,curve,0.62301918265221,0.62301918265221,0.649665658273749,,1
a,theta=0.25,curve,0.6246872393661385,0.6246872393661385,0.6510984271713779,,1
a,theta=0.25,curve,0.6263552960800667,0.6263552960800667,0.6525322394739569,,1
a,theta=0.25,curve,0.6280233527939949,0.6280233527939949,0.6539670951814863,,1
a,theta=0.25,curve,0.6296914095079231,0.6296914095079231,0.655402994293966,,1
a,theta=0.25,curve,0.6313594662218516,0.6313594662218516,0.6568399368113962,,1
a,theta=0.25,curve,0.6330275229357798,0.6330275229357798,0.6582779227337766,,1
a,theta=0.25,curve,0.634695579649708,0.634695579649708,0.6597169520611073,,1
a,theta=0.25,curve,0.6363636363636362,0.6363636363636362,0.6611570247933883,,1
a,theta=0.25,curve,0.6380316930775645,0.6380316930775645,0.6625981409306196,,1
a,theta=0.25,curve,0.6396997497914929,0.6396997497914929,0.6640403004728016,,1
a,theta=0.25,curve,0.6413678065054211,0.6413678065054211,0.6654835034199336,,1
a,theta=0.25,curve,0.6430358632193494,0.6430358632193494,0.666927749772016,,1
a,theta=0.25,curve,0.6447039199332776,0.6447039199332776,0.6683730395290486,,1
a,theta=0.25,curve,0.646371976647206,0.646371976647206,0.6698193726910318,,1
a,theta=0.25,curve,0.6480400333611342,0.6480400333611342,0.6712667492579651,,1
a,theta=0.25,curve,0.6497080900750625,0.6497080900750625,0.6727151692298489,,1
a,theta=0.25,curve,0.6513761467889907,0.6513761467889907,0.6741646326066828,,1
a,theta=0.25,curve,0.6530442035029191,0.6530442035029191,0.6756151393884674,,1
a,theta=0.25,curve,0.6547122602168474,0.6547122602168474,0.677066689575202,,1
a,theta=0.25,curve,0.6563803169307756,0.6563803169307756,0.678519283166887,,1
a,theta=0.25,curve,0.6580483736447038,0.6580483736447038,0.6799729201635223,,1
a,theta=0.25,curve,0.659716430358632,0.659716430358632,0.681427600565108,,1
a,theta=0.25,curve,0.6613844870725605,0.6613844870725605,0.6828833243716441,,1
a,theta=0.25,curve,0.6630525437864887,0.6630525437864887,0.6843400915831305,,1
a,theta=0.25,curve,0.6647206005004169,0.6647206005004169,0.6857979021995672,,1
a,theta=0.25,curve,0.6663886572143451,0.6663886572143451,0.6872567562209541,,1
a,theta=0.25,curve,0.6680567139282736,0.6680567139282736,0.6887166536472916,,1
a,theta=0.25,curve,0.6697247706422018,0.6697247706422018,0.6901775944785792,,1
a,theta=0.25,curve,0.67139282735613,0.67139282735613,0.6916395787148172,,1
a,theta=0.25,curve,0.6730608840700583,0.6730608840700583,0.6931026063560055,,1
a,theta=0.25,curve,0.6747289407839865,0.6747289407839865,0.6945666774021442,,1
a,theta=0.25,curve,0.6763969974979149,0.6763969974979149,0.6960317918532333,,1
a,theta=0.25,curve,0.6780650542118432,0.6780650542118432,0.6974979497092726,,1
a,theta=0.25,curve,0.6797331109257714,0.6797331109257714,0.6989651509702621,,1
a,theta=0.25,curve,0.6814011676396996,0.6814011676396996,0.7004333956362021,,1
a,theta=0.25,curve,0.683069224353628,0.683069224353628,0.7019026837070926,,1
a,theta=0.25,curve,0.6847372810675563,0.6847372810675563,0.7033730151829332,,1
a,theta=0.25,curve,0.6864053377814845,0.6864053377814845,0.7048443900637241,,1
a,theta=0.25,curve,0.6880733944954127,0.6880733944954127,0.7063168083494654,,1
a,theta=0.25,curve,0.6897414512093412,0.6897414512093412,0.7077902700401573,,1
a,theta=0.25,curve,0.6914095079232694,0.6914095079232694,0.7092647751357991,,1
a,theta=0.25,curve,0.6930775646371976,0.6930775646371976,0.7107403236363914,,1
a,theta=0.25,curve,0.6947456213511258,0.6947456213511258,0.712216915541934,,1
a,theta=0.25,curve,0.696413678065054,0.696413678065054,0.713694550852427,,1
a,theta=0.25,curve,0.6980817347789825,0.6980817347789825,0.7151732295678703,,1
a,theta=0.25,curve,0.6997497914929107,0.6997497914929107,0.7166529516882639,,1
a,theta=0.25,curve,0.701417848206839,0.701417848206839,0.7181337172136079,,1
a,theta=0.25,curve,0.7030859049207672,0.7030859049207672,0.7196155261439021,,1
a,theta=0.25,curve,0.7047539616346956,0.7047539616346956,0.7210983784791469,,1
a,theta=0.25,curve,0.7064220183486238,0.7064220183486238,0.7225822742193417,,1
a,theta=0.25,curve,0.7080900750625521,0.7080900750625521,0.724067213364487,,1
a,theta=0.25,curve,0.7097581317764803,0.7097581317764803,0.7255531959145826,,1
a,theta=0.25,curve,0.7114261884904085,0.7114261884904085,0.7270402218696285,,1
a,theta=0.25,curve,0.713094245204337,0.713094245204337,0.7285282912296249,,1
a,theta=0.25,curve,0.7147623019182652,0.7147623019182652,0.7300174039945715,,1
a,theta=0.25,curve,0.7164303586321934,0.7164303586321934,0.7315075601644684,,1
a,theta=0.25,curve,0.7180984153461216,0.7180984153461216,0.7329987597393156,,1
a,theta=0.25,curve,0.7197664720600501,0.7197664720600501,0.7344910027191133,,1
a,theta=0.25,curve,0.7214345287739783,0.7214345287739783,0.7359842891038612,,1
a,theta=0.25,curve,0.7231025854879065,0.7231025854879065,0.7374786188935594,,1
a,theta=0.25,curve,0.7247706422018347,0.7247706422018347,0.7389739920882079,,1
a,theta=0.25,curve,0.726438698915763,0.726438698915763,0.7404704086878068,,1
a,theta=0.25,curve,0.7281067556296914,0.7281067556296914,0.7419678686923562,,1
a,theta=0.25,curve,0.7297748123436196,0.7297748123436196,0.7434663721018557,,1
a,theta=0.25,curve,0.7314428690575479,0.7314428690575479,0.7449659189163056,,1
a,theta=0.25,curve,0.7331109257714761,0.7331109257714761,0.7464665091357058,,1
a,theta=0.25,curve,0.7347789824854045,0.7347789824854045,0.7479681427600565,,1
a,theta=0.25,curve,0.7364470391993327,0.7364470391993327,0.7494708197893574,,1
a,theta=0.25,curve,0.738115095913261,0.738115095913261,0.7509745402236085,,1
a,theta=0.25,curve,0.7397831526271892,0.7397831526271892,0.75247930406281,,1
a,theta=0.25,curve,0.7414512093411176,0.7414512093411176,0.7539851113069621,,1
a,theta=0.25,curve,0.7431192660550459,0.7431192660550459,0.7554919619560643,,1
a,theta=0.25,curve,0.7447873227689741,0.7447873227689741,0.7569998560101168,,1
a,theta=0.25,curve,0.7464553794829023,0.7464553794829023,0.7585087934691196,,1
a,theta=0.25,curve,0.7481234361968305,0.7481234361968305,0.7600187743330727,,1
a,theta=0.25,curve,0.749791492910759,0.749791492910759,0.7615297986019764,,1
a,theta=0.25,curve,0.7514595496246872,0.7514595496246872,0.7630418662758304,,1
a,theta=0.25,curve,0.7531276063386154,0.7531276063386154,0.7645549773546345,,1
a,theta=0.25,curve,0.7547956630525436,0.7547956630525436,0.766069131838389,,1
a,theta=0.25,curve,0.7564637197664721,0.7564637197664721,0.767584329727094,,1
a,theta=0.25,curve,0.7581317764804003,0.7581317764804003,0.7691005710207491,,1
a,theta=0.25,curve,0.7597998331943285,0.7597998331943285,0.7706178557193546,,1
a,theta=0.25,curve,0.7614678899082568,0.7614678899082568,0.7721361838229104,,1
a,theta=0.25,curve,0.763135946622185,0.763135946622185,0.7736555553314166,,1
a,theta=0.25,curve,0.7648040033361134,0.7648040033361134,0.7751759702448733,,1
a,theta=0.25,curve,0.7664720600500416,0.7664720600500416,0.7766974285632801,,1
a,theta=0.25,curve,0.7681401167639699,0.7681401167639699,0.7782199302866372,,1
a,theta=0.25,curve,0.7698081734778981,0.7698081734778981,0.7797434754149446,,1
a,theta=0.25,curve,0.7714762301918265,0.7714762301918265,0.7812680639482026,,1
a,theta=0.25,curve,0.7731442869057548,0.7731442869057548,0.7827936958864107,,1
a,theta=0.25,curve,0.774812343619683,0.774812343619683,0.7843203712295692,,1
a,theta=0.25,curve,0.7764804003336112,0.7764804003336112,0.785848089977678,,1
a,theta=0.25,curve,0.7781484570475397,0.7781484570475397,0.7873768521307373,,1
a,theta=0.25,curve,0.7798165137614679,0.7798165137614679,0.7889066576887467,,1
a,theta=0.25,curve,0.7814845704753961,0.7814845704753961,0.7904375066517065,,1
a,theta=0.25,curve,0.7831526271893243,0.7831526271893243,0.7919693990196166,,1
a,theta=0.25,curve,0.7848206839032525,0.7848206839032525,0.793502334792477,,1
a,theta=0.25,curve,0.786488740617181,0.786488740617181,0.795036313970288,,1
a,theta=0.25,curve,0.7881567973311092,0.7881567973311092,0.7965713365530491,,1
a,theta=0.25,curve,0.7898248540450374,0.7898248540450374,0.7981074025407605,,1
a,theta=0.25,curve,0.7914929107589657,0.7914929107589657,0.7996445119334222,,1
a,theta=0.25,curve,0.7931609674728941,0.7931609674728941,0.8011826647310346,,1
a,theta=0.25,curve,0.7948290241868223,0.7948290241868223,0.802721860933597,,1
a,theta=0.25,curve,0.7964970809007506,0.7964970809007506,0.8042621005411097,,1
a,theta=0.25,curve,0.7981651376146788,0.7981651376146788,0.8058033835535728,,1
a,theta=0.25,curve,0.799833194328607,0.799833194328607,0.8073457099709862,,1
a,theta=0.25,curve,0.8015012510425354,0.8015012510425354,0.8088890797933501,,1
a,theta=0.25,curve,0.8031693077564637,0.8031693077564637,0.8104334930206643,,1
a,theta=0.25,curve,0.8048373644703919,0.8048373644703919,0.8119789496529286,,1
a,theta=0.25,curve,0.8065054211843201,0.8065054211843201,0.8135254496901434,,1
a,theta=0.25,curve,0.8081734778982486,0.8081734778982486,0.8150729931323086,,1
a,theta=0.25,curve,0.8098415346121768,0.8098415346121768,0.816621579979424,,1
a,theta=0.25,curve,0.811509591326105,0.811509591326105,0.8181712102314898,,1
a,theta=0.25,curve,0.8131776480400332,0.8131776480400332,0.8197218838885058,,1
a,theta=0.25,curve,0.8148457047539615,0.8148457047539615,0.8212736009504722,,1
a,theta=0.25,curve,0.8165137614678899,0.8165137614678899,0.8228263614173891,,1
a,theta=0.25,curve,0.8181818181818181,0.8181818181818181,0.8243801652892562,,1
a,theta=0.25,curve,0.8198498748957463,0.8198498748957463,0.8259350125660735,,1
a,theta=0.25,curve,0.8215179316096746,0.8215179316096746,0.8274909032478412,,1
a,theta=0.25,curve,0.823185988323603,0.823185988323603,0.8290478373345594,,1
a,theta=0.25,curve,0.8248540450375312,0.8248540450375312,0.8306058148262279,,1
a,theta=0.25,curve,0.8265221017514595,0.8265221017514595,0.8321648357228465,,1
a,theta=0.25,curve,0.8281901584653877,0.8281901584653877,0.8337249000244156,,1
a,theta=0.25,curve,0.8298582151793161,0.8298582151793161,0.8352860077309351,,1
a,theta=0.25,curve,0.8315262718932444,0.8315262718932444,0.8368481588424048,,1
a,theta=0.25,curve,0.8331943286071726,0.8331943286071726,0.8384113533588248,,1
a,theta=0.25,curve,0.8348623853211008,0.8348623853211008,0.8399755912801952,,1
a,theta=0.25,curve,0.836530442035029,0.836530442035029,0.8415408726065159,,1
a,theta=0.25,curve,0.8381984987489575,0.8381984987489575,0.843107197337787,,1
a,theta=0.25,curve,0.8398665554628857,0.8398665554628857,0.8446745654740084,,1
a,theta=0.25,curve,0.8415346121768139,0.8415346121768139,0.84624297701518,,1
a,theta=0.25,curve,0.8432026688907421,0.8432026688907421,0.8478124319613021,,1
a,theta=0.25,curve,0.8448707256046706,0.8448707256046706,0.8493829303123746,,1
a,theta=0.25,curve,0.8465387823185988,0.8465387823185988,0.8509544720683972,,1
a,theta=0.25,curve,0.848206839032527,0.848206839032527,0.8525270572293703,,1
a,theta=0.25,curve,0.8498748957464553,0.8498748957464553,0.8541006857952935,,1
a,theta=0.25,curve,0.8515429524603835,0.8515429524603835,0.8556753577661672,,1
a,theta=0.25,curve,0.8532110091743119,0.8532110091743119,0.8572510731419914,,1
a,theta=0.25,curve,0.8548790658882401,0.8548790658882401,0.8588278319227657,,1
a,theta=0.25,curve,0.8565471226021684,0.8565471226021684,0.8604056341084904,,1
a,theta=0.25,curve,0.8582151793160966,0.8582151793160966,0.8619844796991654,,1
a,theta=0.25,curve,0.859883236030025,0.859883236030025,0.8635643686947908,,1
a,theta=0.25,curve,0.8615512927439533,0.8615512927439533,0.8651453010953665,,1
a,theta=0.25,curve,0.8632193494578815,0.8632193494578815,0.8667272769008925,,1
a,theta=0.25,curve,0.8648874061718097,0.8648874061718097,0.8683102961113688,,1
a,theta=0.25,curve,0.8665554628857381,0.8665554628857381,0.8698943587267955,,1
a,theta=0.25,curve,0.8682235195996664,0.8682235195996664,0.8714794647471725,,1
a,theta=0.25,curve,0.8698915763135946,0.8698915763135946,0.8730656141724998,,1
a,theta=0.25,curve,0.8715596330275228,0.8715596330275228,0.8746528070027775,,1
a,theta=0.25,curve,0.873227689741451,0.873227689741451,0.8762410432380053,,1
a,theta=0.25,curve,0.8748957464553795,0.8748957464553795,0.8778303228781839,,1
a,theta=0.25,curve,0.8765638031693077,0.8765638031693077,0.8794206459233125,,1
a,theta=0.25,curve,0.8782318598832359,0.8782318598832359,0.8810120123733914,,1
a,theta=0.25,curve,0.8798999165971642,0.8798999165971642,0.8826044222284207,,1
a,theta=0.25,curve,0.8815679733110926,0.8815679733110926,0.8841978754884005,,1
a,theta=0.25,curve,0.8832360300250208,0.8832360300250208,0.8857923721533304,,1
a,theta=0.25,curve,0.884904086738949,0.884904086738949,0.8873879122232107,,1
a,theta=0.25,curve,0.8865721434528773,0.8865721434528773,0.8889844956980413,,1
a,theta=0.25,curve,0.8882402001668055,0.8882402001668055,0.8905821225778222,,1
a,theta=0.25,curve,0.8899082568807339,0.8899082568807339,0.8921807928625537,,1
a,theta=0.25,curve,0.8915763135946622,0.8915763135946622,0.8937805065522353,,1
a,theta=0.25,curve,0.8932443703085904,0.8932443703085904,0.8953812636468671,,1
a,theta=0.25,curve,0.8949124270225186,0.8949124270225186,0.8969830641464493,,1
a,theta=0.25,curve,0.896580483736447,0.896580483736447,0.8985859080509822,,1
a,theta=0.25,curve,0.8982485404503753,0.8982485404503753,0.9001897953604651,,1
a,theta=0.25,curve,0.8999165971643035,0.8999165971643035,0.9017947260748983,,1
a,theta=0.25,curve,0.9015846538782317,0.9015846538782317,0.9034007001942819,,1
a,theta=0.25,curve,0.9032527105921602,0.9032527105921602,0.905007717718616,,1
a,theta=0.25,curve,0.9049207673060884,0.9049207673060884,0.9066157786479002,,1
a,theta=0.25,curve,0.9065888240200166,0.9065888240200166,0.9082248829821348,,1
a,theta=0.25,curve,0.9082568807339448,0.9082568807339448,0.9098350307213197,,1
a,theta=0.25,curve,0.9099249374478731,0.9099249374478731,0.9114462218654549,,1
a,theta=0.25,curve,0.9115929941618015,0.9115929941618015,0.9130584564145406,,1
a,theta=0.25,curve,0.9132610508757297,0.9132610508757297,0.9146717343685765,,1
a,theta=0.25,curve,0.914929107589658,0.914929107589658,0.9162860557275627,,1
a,theta=0.25,curve,0.9165971643035862,0.9165971643035862,0.9179014204914993,,1
a,theta=0.25,curve,0.9182652210175146,0.9182652210175146,0.9195178286603863,,1
a,theta=0.25,curve,0.9199332777314428,0.9199332777314428,0.9211352802342235,,1
a,theta=0.25,curve,0.9216013344453711,0.9216013344453711,0.922753775213011,,1
a,theta=0.25,curve,0.9232693911592993,0.9232693911592993,0.9243733135967489,,1
a,theta=0.25,curve,0.9249374478732275,0.9249374478732275,0.9259938953854371,,1
a,theta=0.25,curve,0.926605504587156,0.926605504587156,0.9276155205790758,,1
a,theta=0.25,curve,0.9282735613010842,0.9282735613010842,0.9292381891776647,,1
a,theta=0.25,curve,0.9299416180150124,0.9299416180150124,0.9308619011812038,,1
a,theta=0.25,curve,0.9316096747289406,0.9316096747289406,0.9324866565896933,,1
a,theta=0.25,curve,0.9332777314428691,0.9332777314428691,0.9341124554031335,,1
a,theta=0.25,curve,0.9349457881567973,0.9349457881567973,0.9357392976215236,,1
a,theta=0.25,curve,0.9366138448707255,0.9366138448707255,0.9373671832448641,,1
a,theta=0.25,curve,0.9382819015846537,0.9382819015846537,0.9389961122731549,,1
a,theta=0.25,curve,0.939949958298582,0.939949958298582,0.9406260847063961,,1
a,theta=0.25,curve,0.9416180150125104,0.9416180150125104,0.9422571005445878,,1
a,theta=0.25,curve,0.9432860717264386,0.9432860717264386,0.9438891597877296,,1
a,theta=0.25,curve,0.9449541284403669,0.9449541284403669,0.9455222624358218,,1
a,theta=0.25,curve,0.9466221851542951,0.9466221851542951,0.9471564084888643,,1
a,theta=0.25,curve,0.9482902418682235,0.9482902418682235,0.9487915979468573,,1
a,theta=0.25,curve,0.9499582985821518,0.9499582985821518,0.9504278308098004,,1
a,theta=0.25,curve,0.95162635529608,0.95162635529608,0.9520651070776939,,1
a,theta=0.25,curve,0.9532944120100082,0.9532944120100082,0.9537034267505378,,1
a,theta=0.25,curve,0.9549624687239366,0.9549624687239366,0.9553427898283321,,1
a,theta=0.25,curve,0.9566305254378649,0.9566305254378649,0.9569831963110765,,1
a,theta=0.25,curve,0.9582985821517931,0.9582985821517931,0.9586246461987713,,1
a,theta=0.25,curve,0.9599666388657213,0.9599666388657213,0.9602671394914165,,1
a,theta=0.25,curve,0.9616346955796495,0.9616346955796495,0.9619106761890119,,1
a,theta=0.25,curve,0.963302752293578,0.963302752293578,0.9635552562915579,,1
a,theta=0.25,curve,0.9649708090075062,0.9649708090075062,0.9652008797990541,,1
a,theta=0.25,curve,0.9666388657214344,0.9666388657214344,0.9668475467115005,,1
a,theta=0.25,curve,0.9683069224353626,0.9683069224353626,0.9684952570288973,,1
a,theta=0.25,curve,0.9699749791492911,0.9699749791492911,0.9701440107512447,,1
a,theta=0.25,curve,0.9716430358632193,0.9716430358632193,0.9717938078785421,,1
a,theta=0.25,curve,0.9733110925771475,0.9733110925771475,0.9734446484107898,,1
a,theta=0.25,curve,0.9749791492910758,0.9749791492910758,0.975096532347988,,1
a,theta=0.25,curve,0.976647206005004,0.976647206005004,0.9767494596901364,,1
a,theta=0.25,curve,0.9783152627189324,0.9783152627189324,0.9784034304372353,,1
a,theta=0.25,curve,0.9799833194328607,0.9799833194328607,0.9800584445892845,,1
a,theta=0.25,curve,0.9816513761467889,0.9816513761467889,0.9817145021462839,,1
a,theta=0.25,curve,0.9833194328607171,0.9833194328607171,0.9833716031082336,,1
a,theta=0.25,curve,0.9849874895746455,0.9849874895746455,0.9850297474751339,,1
a,theta=0.25,curve,0.9866555462885738,0.9866555462885738,0.9866889352469843,,1
a,theta=0.25,curve,0.988323603002502,0.988323603002502,0.9883491664237851,,1
a,theta=0.25,curve,0.9899916597164302,0.9899916597164302,0.9900104410055361,,1
a,theta=0.25,curve,0.9916597164303587,0.9916597164303587,0.9916727589922378,,1
a,theta=0.25,curve,0.9933277731442869,0.9933277731442869,0.9933361203838895,,1
a,theta=0.25,curve,0.9949958298582151,0.9949958298582151,0.9950005251804916,,1
a,theta=0.25,curve,0.9966638865721433,0.9966638865721433,0.996665973382044,,1
a,theta=0.25,curve,0.9983319432860716,0.9983319432860716,0.9983324649885468,,1
a,theta=0.25,curve,1.0,1.0,1.0,,1
a,theta=0.5,curve,-1.0,-1.0,0.0,,1
a,theta=0.5,curve,-0.9983319432860718,-0.9983319432860718,6.956033001825901e-07,,1
a,theta=0.5,curve,-0.9966638865721434,-0.9966638865721434,2.782413200952405e-06,,1
a,theta=0.5,curve,-0.9949958298582152,-0.9949958298582152,6.2604297020874e-06,,1
a,theta=0.5,curve,-0.9933277731442869,-0.9933277731442869,1.1129652803476553e-05,,1
a,theta=0.5,curve,-0.9916597164303587,-0.9916597164303587,1.739008250545293e-05,,1
a,theta=0.5,curve,-0.9899916597164303,-0.9899916597164303,2.504171880779449e-05,,1
a,theta=0.5,curve,-0.9883236030025021,-0.9883236030025021,3.408456171072327e-05,,1
a,theta=0.5,curve,-0.9866555462885738,-0.9866555462885738,4.4518611214128256e-05,,1
a,theta=0.5,curve,-0.9849874895746455,-0.9849874895746455,5.634386731789842e-05,,1
a,theta=0.5,curve,-0.9833194328607172,-0.9833194328607172,6.956033002214479e-05,,1
a,theta=0.5,curve,-0.981651376146789,-0.981651376146789,8.416799932675634e-05,,1
a,theta=0.5,curve,-0.9799833194328608,-0.9799833194328608,0.00010016687523184409,,1
a,theta=0.5,curve,-0.9783152627189324,-0.9783152627189324,0.000117556957737186,,1
a,theta=0.5,curve,-0.9766472060050042,-0.9766472060050042,0.00013633824684322615,,1
a,theta=0.5,curve,-0.9749791492910759,-0.9749791492910759,0.00015651074254940944,,1
a,theta=0.5,curve,-0.9733110925771477,-0.9733110925771477,0.00017807444485629098,,1
a,theta=0.5,curve,-0.9716430358632193,-0.9716430358632193,0.00020102935376364872,,1
a,theta=0.5,curve,-0.9699749791492911,-0.9699749791492911,0.00022537546927137164,,1
a,theta=0.5,curve,-0.9683069224353628,-0.9683069224353628,0.0002511127913796818,,1
a,theta=0.5,curve,-0.9666388657214345,-0.9666388657214345,0.0002782413200882461,,1
a,theta=0.5,curve,-0.9649708090075062,-0.9649708090075062,0.0003067610553971756,,1
a,theta=0.5,curve,-0.963302752293578,-0.963302752293578,0.00033667199730658126,,1
a,theta=0.5,curve,-0.9616346955796498,-0.9616346955796498,0.00036797414581657417,,1
a,theta=0.5,curve,-0.9599666388657214,-0.9599666388657214,0.00040066750092682124,,1
a,theta=0.5,curve,-0.9582985821517932,-0.9582985821517932,0.0004347520626375445,,1
a,theta=0.5,curve,-0.9566305254378649,-0.9566305254378649,0.00047022783094896603,,1
a,theta=0.5,curve,-0.9549624687239366,-0.9549624687239366,0.0005070948058606417,,1
a,theta=0.5,curve,-0.9532944120100083,-0.9532944120100083,0.0005453529873727936,,1
a,theta=0.5,curve,-0.9516263552960801,-0.9516263552960801,0.0005850023754854217,,1
a,theta=0.5,curve,-0.9499582985821518,-0.9499582985821518,0.0006260429701983039,,1
a,theta=0.5,curve,-0.9482902418682235,-0.9482902418682235,0.0006684747715116623,,1
a,theta=0.5,curve,-0.9466221851542953,-0.9466221851542953,0.000712297779425608,,1
a,theta=0.5,curve,-0.944954128440367,-0.944954128440367,0.0007575119939398078,,1
a,theta=0.5,curve,-0.9432860717264387,-0.9432860717264387,0.0008041174150545949,,1
a,theta=0.5,curve,-0.9416180150125104,-0.9416180150125104,0.0008521140427698581,,1
a,theta=0.5,curve,-0.9399499582985822,-0.9399499582985822,0.0009015018770854866,,1
a,theta=0.5,curve,-0.9382819015846539,-0.9382819015846539,0.0009522809180017022,,1
a,theta=0.5,curve,-0.9366138448707256,-0.9366138448707256,0.001004451165518172,,1
a,theta=0.5,curve,-0.9349457881567973,-0.9349457881567973,0.001058012619635118,,1
a,theta=0.5,curve,-0.9332777314428691,-0.9332777314428691,0.0011129652803524293,,1
a,theta=0.5,curve,-0.9316096747289407,-0.9316096747289407,0.0011693091476702167,,1
a,theta=0.5,curve,-0.9299416180150125,-0.9299416180150125,0.0012270442215884803,,1
a,theta=0.5,curve,-0.9282735613010842,-0.9282735613010842,0.001286170502107331,,1
a,theta=0.5,curve,-0.926605504587156,-0.926605504587156,0.001346687989226547,,1
a,theta=0.5,curve,-0.9249374478732277,-0.9249374478732277,0.0014085966829461283,,1
a,theta=0.5,curve,-0.9232693911592994,-0.9232693911592994,0.0014718965832662967,,1
a,theta=0.5,curve,-0.9216013344453712,-0.9216013344453712,0.0015365876901867193,,1
a,theta=0.5,curve,-0.9199332777314428,-0.9199332777314428,0.001602670003707618,,1
a,theta=0.5,curve,-0.9182652210175146,-0.9182652210175146,0.001670143523828882,,1
a,theta=0.5,curve,-0.9165971643035863,-0.9165971643035863,0.0017390082505506221,,1
a,theta=0.5,curve,-0.9149291075896581,-0.9149291075896581,0.0018092641838728385,,1
a,theta=0.5,curve,-0.9132610508757297,-0.9132610508757297,0.001880911323795642,,1
a,theta=0.5,curve,-0.9115929941618015,-0.9115929941618015,0.001953949670318811,,1
a,theta=0.5,curve,-0.9099249374478733,-0.9099249374478733,0.0020283792234423448,,1
a,theta=0.5,curve,-0.908256880733945,-0.908256880733945,0.002104199983166466,,1
a,theta=0.5,curve,-0.9065888240200167,-0.9065888240200167,0.0021814119494909523,,1
a,theta=0.5,curve,-0.9049207673060884,-0.9049207673060884,0.002260015122415693,,1
a,theta=0.5,curve,-0.9032527105921602,-0.9032527105921602,0.0023400095019411316,,1
a,theta=0.5,curve,-0.9015846538782318,-0.9015846538782318,0.0024213950880667134,,1
a,theta=0.5,curve,-0.8999165971643036,-0.8999165971643036,0.0025041718807929936,,1
a,theta=0.5,curve,-0.8982485404503753,-0.8982485404503753,0.00258833988011975,,1
a,theta=0.5,curve,-0.896580483736447,-0.896580483736447,0.0026738990860468714,,1
a,theta=0.5,curve,-0.8949124270225188,-0.8949124270225188,0.002760849498574358,,1
a,theta=0.5,curve,-0.8932443703085905,-0.8932443703085905,0.002849191117702432,,1
a,theta=0.5,curve,-0.8915763135946622,-0.8915763135946622,0.00293892394343076,,1
a,theta=0.5,curve,-0.8899082568807339,-0.8899082568807339,0.0030300479757595644,,1
a,theta=0.5,curve,-0.8882402001668057,-0.8882402001668057,0.003122563214688956,,1
a,theta=0.5,curve,-0.8865721434528774,-0.8865721434528774,0.0032164696602186016,,1
a,theta=0.5,curve,-0.8849040867389492,-0.8849040867389492,0.0033117673123487235,,1
a,theta=0.5,curve,-0.8832360300250208,-0.8832360300250208,0.0034084561710794326,,1
a,theta=0.5,curve,-0.8815679733110926,-0.8815679733110926,0.003506536236410507,,1
a,theta=0.5,curve,-0.8798999165971643,-0.8798999165971643,0.0036060075083421683,,1
a,theta=0.5,curve,-0.878231859883236,-0.878231859883236,0.003706869986874084,,1
a,theta=0.5,curve,-0.8765638031693077,-0.8765638031693077,0.003809123672006365,,1
a,theta=0.5,curve,-0.8748957464553795,-0.8748957464553795,0.003912768563739122,,1
a,theta=0.5,curve,-0.8732276897414513,-0.8732276897414513,0.004017804662072466,,1
a,theta=0.5,curve,-0.8715596330275229,-0.8715596330275229,0.0041242319670060645,,1
a,theta=0.5,curve,-0.8698915763135947,-0.8698915763135947,0.004232050478540139,,1
a,theta=0.5,curve,-0.8682235195996664,-0.8682235195996664,0.004341260196674912,,1
a,theta=0.5,curve,-0.8665554628857381,-0.8665554628857381,0.004451861121409939,,1
a,theta=0.5,curve,-0.8648874061718098,-0.8648874061718098,0.004563853252745442,,1
a,theta=0.5,curve,-0.8632193494578816,-0.8632193494578816,0.004677236590681422,,1
a,theta=0.5,curve,-0.8615512927439533,-0.8615512927439533,0.004792011135217655,,1
a,theta=0.5,curve,-0.859883236030025,-0.859883236030025,0.004908176886354365,,1
a,theta=0.5,curve,-0.8582151793160968,-0.8582151793160968,0.005025733844091662,,1
a,theta=0.5,curve,-0.8565471226021685,-0.8565471226021685,0.005144682008429213,,1
a,theta=0.5,curve,-0.8548790658882401,-0.8548790658882401,0.005265021379367463,,1
a,theta=0.5,curve,-0.8532110091743119,-0.8532110091743119,0.005386751956905966,,1
a,theta=0.5,curve,-0.8515429524603837,-0.8515429524603837,0.005509873741044946,,1
a,theta=0.5,curve,-0.8498748957464554,-0.8498748957464554,0.005634386731784513,,1
a,theta=0.5,curve,-0.8482068390325271,-0.8482068390325271,0.005760290929124334,,1
a,theta=0.5,curve,-0.8465387823185988,-0.8465387823185988,0.005887586333064632,,1
a,theta=0.5,curve,-0.8448707256046706,-0.8448707256046706,0.006016272943605405,,1
a,theta=0.5,curve,-0.8432026688907424,-0.8432026688907424,0.006146350760746544,,1
a,theta=0.5,curve,-0.841534612176814,-0.841534612176814,0.006277819784488048,,1
a,theta=0.5,curve,-0.8398665554628857,-0.8398665554628857,0.00641068001483025,,1
a,theta=0.5,curve,-0.8381984987489575,-0.8381984987489575,0.006544931451772817,,1
a,theta=0.5,curve,-0.8365304420350292,-0.8365304420350292,0.00668057409531575,,1
a,theta=0.5,curve,-0.8348623853211009,-0.8348623853211009,0.00681760794545927,,1
a,theta=0.5,curve,-0.8331943286071727,-0.8331943286071727,0.006956033002203044,,1
a,theta=0.5,curve,-0.8315262718932444,-0.8315262718932444,0.007095849265547294,,1
a,theta=0.5,curve,-0.8298582151793161,-0.8298582151793161,0.00723705673549202,,1
a,theta=0.5,curve,-0.8281901584653878,-0.8281901584653878,0.007379655412037001,,1
a,theta=0.5,curve,-0.8265221017514596,-0.8265221017514596,0.007523645295182679,,1
a,theta=0.5,curve,-0.8248540450375312,-0.8248540450375312,0.007669026384928834,,1
a,theta=0.5,curve,-0.823185988323603,-0.823185988323603,0.007815798681275243,,1
a,theta=0.5,curve,-0.8215179316096748,-0.8215179316096748,0.007963962184222129,,1
a,theta=0.5,curve,-0.8198498748957465,-0.8198498748957465,0.008113516893769601,,1
a,theta=0.5,curve,-0.8181818181818181,-0.8181818181818181,0.008264462809917328,,1
a,theta=0.5,curve,-0.8165137614678899,-0.8165137614678899,0.008416799932665642,,1
a,theta=0.5,curve,-0.8148457047539617,-0.8148457047539617,0.00857052826201432,,1
a,theta=0.5,curve,-0.8131776480400333,-0.8131776480400333,0.008725647797963365,,1
a,theta=0.5,curve,-0.8115095913261051,-0.8115095913261051,0.008882158540512886,,1
a,theta=0.5,curve,-0.8098415346121768,-0.8098415346121768,0.009040060489662993,,1
a,theta=0.5,curve,-0.8081734778982486,-0.8081734778982486,0.009199353645413466,,1
a,theta=0.5,curve,-0.8065054211843203,-0.8065054211843203,0.009360038007764304,,1
a,theta=0.5,curve,-0.804837364470392,-0.804837364470392,0.00952211357671573,,1
a,theta=0.5,curve,-0.8031693077564637,-0.8031693077564637,0.009685580352267409,,1
a,theta=0.5,curve,-0.8015012510425354,-0.8015012510425354,0.009850438334419676,,1
a,theta=0.5,curve,-0.7998331943286072,-0.7998331943286072,0.010016687523172307,,1
a,theta=0.5,curve,-0.7981651376146789,-0.7981651376146789,0.010184327918525304,,1
a,theta=0.5,curve,-0.7964970809007507,-0.7964970809007507,0.010353359520478778,,1
a,theta=0.5,curve,-0.7948290241868223,-0.7948290241868223,0.010523782329032838,,1
a,theta=0.5,curve,-0.7931609674728941,-0.7931609674728941,0.010695596344187264,,1
a,theta=0.5,curve,-0.7914929107589658,-0.7914929107589658,0.010868801565942277,,1
a,theta=0.5,curve,-0.7898248540450375,-0.7898248540450375,0.011043397994297544,,1
a,theta=0.5,curve,-0.7881567973311092,-0.7881567973311092,0.011219385629253176,,1
a,theta=0.5,curve,-0.786488740617181,-0.786488740617181,0.011396764470809395,,1
a,theta=0.5,curve,-0.7848206839032528,-0.7848206839032528,0.01157553451896598,,1
a,theta=0.5,curve,-0.7831526271893244,-0.7831526271893244,0.01175569577372293,,1
a,theta=0.5,curve,-0.7814845704753962,-0.7814845704753962,0.011937248235080467,,1
a,theta=0.5,curve,-0.7798165137614679,-0.7798165137614679,0.01212019190303848,,1
a,theta=0.5,curve,-0.7781484570475397,-0.7781484570475397,0.012304526777596858,,1
a,theta=0.5,curve,-0.7764804003336113,-0.7764804003336113,0.012490252858755713,,1
a,theta=0.5,curve,-0.7748123436196831,-0.7748123436196831,0.012677370146515043,,1
a,theta=0.5,curve,-0.7731442869057548,-0.7731442869057548,0.012865878640874628,,1
a,theta=0.5,curve,-0.7714762301918265,-0.7714762301918265,0.0130557783418348,,1
a,theta=0.5,curve,-0.7698081734778983,-0.7698081734778983,0.013247069249395338,,1
a,theta=0.5,curve,-0.76814011676397,-0.76814011676397,0.01343975136355624,,1
a,theta=0.5,curve,-0.7664720600500416,-0.7664720600500416,0.013633824684317841,,1
a,theta=0.5,curve,-0.7648040033361134,-0.7648040033361134,0.013829289211679696,,1
a,theta=0.5,curve,-0.7631359466221852,-0.7631359466221852,0.014026144945642027,,1
a,theta=0.5,curve,-0.7614678899082569,-0.7614678899082569,0.014224391886204946,,1
a,theta=0.5,curve,-0.7597998331943286,-0.7597998331943286,0.01442403003336823,,1
a,theta=0.5,curve,-0.7581317764804003,-0.7581317764804003,0.014625059387131767,,1
a,theta=0.5,curve,-0.7564637197664721,-0.7564637197664721,0.014827479947495892,,1
a,theta=0.5,curve,-0.7547956630525439,-0.7547956630525439,0.015031291714460382,,1
a,theta=0.5,curve,-0.7531276063386155,-0.7531276063386155,0.015236494688025348,,1
a,theta=0.5,curve,-0.7514595496246872,-0.7514595496246872,0.01544308886819079,,1
a,theta=0.5,curve,-0.749791492910759,-0.749791492910759,0.01565107425495671,,1
a,theta=0.5,curve,-0.7481234361968307,-0.7481234361968307,0.015860450848322993,,1
a,theta=0.5,curve,-0.7464553794829024,-0.7464553794829024,0.016071218648289864,,1
a,theta=0.5,curve,-0.7447873227689741,-0.7447873227689741,0.01628337765485699,,1
a,theta=0.5,curve,-0.7431192660550459,-0.7431192660550459,0.01649692786802459,,1
a,theta=0.5,curve,-0.7414512093411176,-0.7414512093411176,0.01671186928779267,,1
a,theta=0.5,curve,-0.7397831526271894,-0.7397831526271894,0.016928201914161112,,1
a,theta=0.5,curve,-0.7381150959132611,-0.7381150959132611,0.01714592574713003,,1
a,theta=0.5,curve,-0.7364470391993327,-0.7364470391993327,0.017365040786699537,,1
a,theta=0.5,curve,-0.7347789824854045,-0.7347789824854045,0.017585547032869298,,1
a,theta=0.5,curve,-0.7331109257714763,-0.7331109257714763,0.017807444485639645,,1
a,theta=0.5,curve,-0.731442869057548,-0.731442869057548,0.01803073314501047,,1
a,theta=0.5,curve,-0.7297748123436196,-0.7297748123436196,0.018255413010981547,,1
a,theta=0.5,curve,-0.7281067556296914,-0.7281067556296914,0.0184814840835531,,1
a,theta=0.5,curve,-0.7264386989157632,-0.7264386989157632,0.018708946362725132,,1
a,theta=0.5,curve,-0.7247706422018348,-0.7247706422018348,0.018937799848497527,,1
a,theta=0.5,curve,-0.7231025854879066,-0.7231025854879066,0.0191680445408704,,1
a,theta=0.5,curve,-0.7214345287739783,-0.7214345287739783,0.019399680439843858,,1
a,theta=0.5,curve,-0.7197664720600501,-0.7197664720600501,0.019632707545417682,,1
a,theta=0.5,curve,-0.7180984153461218,-0.7180984153461218,0.019867125857591872,,1
a,theta=0.5,curve,-0.7164303586321935,-0.7164303586321935,0.02010293537636665,,1
a,theta=0.5,curve,-0.7147623019182652,-0.7147623019182652,0.02034013610174168,,1
a,theta=0.5,curve,-0.713094245204337,-0.713094245204337,0.020578728033717297,,1
a,theta=0.5,curve,-0.7114261884904087,-0.7114261884904087,0.02081871117229328,,1
a,theta=0.5,curve,-0.7097581317764804,-0.7097581317764804,0.02106008551746963,,1
a,theta=0.5,curve,-0.7080900750625521,-0.7080900750625521,0.021302851069246675,,1
a,theta=0.5,curve,-0.7064220183486238,-0.7064220183486238,0.021547007827623976,,1
a,theta=0.5,curve,-0.7047539616346956,-0.7047539616346956,0.021792555792601642,,1
a,theta=0.5,curve,-0.7030859049207674,-0.7030859049207674,0.022039494964179895,,1
a,theta=0.5,curve,-0.7014178482068391,-0.7014178482068391,0.022287825342358625,,1
a,theta=0.5,curve,-0.6997497914929107,-0.6997497914929107,0.02253754692713761,,1
a,theta=0.5,curve,-0.6980817347789825,-0.6980817347789825,0.02278865971851718,,1
a,theta=0.5,curve,-0.6964136780650543,-0.6964136780650543,0.023041163716497115,,1
a,theta=0.5,curve,-0.6947456213511259,-0.6947456213511259,0.023295058921077416,,1
a,theta=0.5,curve,-0.6930775646371976,-0.6930775646371976,0.023550345332258416,,1
a,theta=0.5,curve,-0.6914095079232694,-0.6914095079232694,0.02380702295003967,,1
a,theta=0.5,curve,-0.6897414512093412,-0.6897414512093412,0.0240650917744214,,1
a,theta=0.5,curve,-0.6880733944954129,-0.6880733944954129,0.024324551805403605,,1
a,theta=0.5,curve,-0.6864053377814846,-0.6864053377814846,0.024585403042986287,,1
a,theta=0.5,curve,-0.6847372810675563,-0.6847372810675563,0.024847645487169223,,1
a,theta=0.5,curve,-0.683069224353628,-0.683069224353628,0.025111279137952747,,1
a,theta=0.5,curve,-0.6814011676396998,-0.6814011676396998,0.025376303995336635,,1
a,theta=0.5,curve,-0.6797331109257715,-0.6797331109257715,0.025642720059321,,1
a,theta=0.5,curve,-0.6780650542118432,-0.6780650542118432,0.02591052732990584,,1
a,theta=0.5,curve,-0.6763969974979149,-0.6763969974979149,0.02617972580709116,,1
a,theta=0.5,curve,-0.6747289407839867,-0.6747289407839867,0.02645031549087684,,1
a,theta=0.5,curve,-0.6730608840700584,-0.6730608840700584,0.026722296381263,,1
a,theta=0.5,curve,-0.67139282735613,-0.67139282735613,0.026995668478249524,,1
a,theta=0.5,curve,-0.6697247706422018,-0.6697247706422018,0.027270431781836524,,1
a,theta=0.5,curve,-0.6680567139282736,-0.6680567139282736,0.027546586292024,,1
a,theta=0.5,curve,-0.6663886572143454,-0.6663886572143454,0.02782413200881184,,1
a,theta=0.5,curve,-0.664720600500417,-0.664720600500417,0.02810306893220016,,1
a,theta=0.5,curve,-0.6630525437864887,-0.6630525437864887,0.028383397062189064,,1
a,theta=0.5,curve,-0.6613844870725605,-0.6613844870725605,0.028665116398778223,,1
a,theta=0.5,curve,-0.6597164303586323,-0.6597164303586323,0.02894822694196786,,1
a,theta=0.5,curve,-0.6580483736447039,-0.6580483736447039,0.02923272869175808,,1
a,theta=0.5,curve,-0.6563803169307756,-0.6563803169307756,0.029518621648148557,,1
a,theta=0.5,curve,-0.6547122602168474,-0.6547122602168474,0.02980590581113951,,1
a,theta=0.5,curve,-0.6530442035029191,-0.6530442035029191,0.03009458118073094,,1
a,theta=0.5,curve,-0.6513761467889909,-0.6513761467889909,0.030384647756922845,,1
a,theta=0.5,curve,-0.6497080900750626,-0.6497080900750626,0.030676105539715004,,1
a,theta=0.5,curve,-0.6480400333611342,-0.6480400333611342,0.03096895452910786,,1
a,theta=0.5,curve,-0.646371976647206,-0.646371976647206,0.031263194725101084,,1
a,theta=0.5,curve,-0.6447039199332778,-0.6447039199332778,0.03155882612769467,,1
a,theta=0.5,curve,-0.6430358632193495,-0.6430358632193495,0.03185584873688885,,1
a,theta=0.5,curve,-0.6413678065054211,-0.6413678065054211,0.03215426255268328,,1
a,theta=0.5,curve,-0.6396997497914929,-0.6396997497914929,0.03245406757507818,,1
a,theta=0.5,curve,-0.6380316930775647,-0.6380316930775647,0.032755263804073564,,1
a,theta=0.5,curve,-0.6363636363636364,-0.6363636363636364,0.03305785123966931,,1
a,theta=0.5,curve,-0.6346955796497081,-0.6346955796497081,0.033361829881865646,,1
a,theta=0.5,curve,-0.6330275229357798,-0.6330275229357798,0.033667199730662456,,1
a,theta=0.5,curve,-0.6313594662218516,-0.6313594662218516,0.03397396078605952,,1
a,theta=0.5,curve,-0.6296914095079233,-0.6296914095079233,0.03428211304805717,,1
a,theta=0.5,curve,-0.628023352793995,-0.628023352793995,0.0345916565166553,,1
a,theta=0.5,curve,-0.6263552960800667,-0.6263552960800667,0.03490259119185368,,1
a,theta=0.5,curve,-0.6246872393661385,-0.6246872393661385,0.03521491707365254,,1
a,theta=0.5,curve,-0.6230191826522102,-0.6230191826522102,0.035528634162051875,,1
a,theta=0.5,curve,-0.6213511259382819,-0.6213511259382819,0.035843742457051575,,1
a,theta=0.5,curve,-0.6196830692243536,-0.6196830692243536,0.03616024195865197,,1
a,theta=0.5,curve,-0.6180150125104253,-0.6180150125104253,0.036478132666852625,,1
a,theta=0.5,curve,-0.6163469557964971,-0.6163469557964971,0.03679741458165375,,1
a,theta=0.5,curve,-0.6146788990825689,-0.6146788990825689,0.03711808770305525,,1
a,theta=0.5,curve,-0.6130108423686406,-0.6130108423686406,0.03744015203105733,,1
a,theta=0.5,curve,-0.6113427856547122,-0.6113427856547122,0.037763607565659774,,1
a,theta=0.5,curve,-0.609674728940784,-0.609674728940784,0.038088454306862585,,1
a,theta=0.5,curve,-0.6080066722268558,-0.6080066722268558,0.03841469225466587,,1
a,theta=0.5,curve,-0.6063386155129274,-0.6063386155129274,0.038742321409069636,,1
a,theta=0.5,curve,-0.6046705587989991,-0.6046705587989991,0.039071341770073875,,1
a,theta=0.5,curve,-0.6030025020850709,-0.6030025020850709,0.03940175333767859,,1
a,theta=0.5,curve,-0.6013344453711427,-0.6013344453711427,0.03973355611188356,,1
a,theta=0.5,curve,-0.5996663886572143,-0.5996663886572143,0.04006675009268923,,1
a,theta=0.5,curve,-0.5979983319432861,-0.5979983319432861,0.04040133528009515,,1
a,theta=0.5,curve,-0.5963302752293578,-0.5963302752293578,0.04073731167410155,,1
a,theta=0.5,curve,-0.5946622185154296,-0.5946622185154296,0.041074679274708314,,1
a,theta=0.5,curve,-0.5929941618015013,-0.5929941618015013,0.041413438081915666,,1
a,theta=0.5,curve,-0.591326105087573,-0.591326105087573,0.04175358809572327,,1
a,theta=0.5,curve,-0.5896580483736447,-0.5896580483736447,0.042095129316131574,,1
a,theta=0.5,curve,-0.5879899916597164,-0.5879899916597164,0.04243806174314013,,1
a,theta=0.5,curve,-0.5863219349457882,-0.5863219349457882,0.042782385376749166,,1
a,theta=0.5,curve,-0.5846538782318599,-0.5846538782318599,0.04312810021695879,,1
a,theta=0.5,curve,-0.5829858215179315,-0.5829858215179315,0.04347520626376866,,1
a,theta=0.5,curve,-0.5813177648040033,-0.5813177648040033,0.04382370351717901,,1
a,theta=0.5,curve,-0.5796497080900751,-0.5796497080900751,0.04417359197718973,,1
a,theta=0.5,curve,-0.5779816513761469,-0.5779816513761469,0.044524871643801034,,1
a,theta=0.5,curve,-0.5763135946622185,-0.5763135946622185,0.04487754251701259,,1
a,theta=0.5,curve,-0.5746455379482902,-0.5746455379482902,0.04523160459682485,,1
a,theta=0.5,curve,-0.572977481234362,-0.572977481234362,0.04558705788323747,,1
a,theta=0.5,curve,-0.5713094245204338,-0.5713094245204338,0.045943902376250456,,1
a,theta=0.5,curve,-0.5696413678065054,-0.5696413678065054,0.04630213807586392,,1
a,theta=0.5,curve,-0.5679733110925771,-0.5679733110925771,0.04666176498207775,,1
a,theta=0.5,curve,-0.5663052543786489,-0.5663052543786489,0.04702278309489216,,1
a,theta=0.5,curve,-0.5646371976647206,-0.5646371976647206,0.04738519241430683,,1
a,theta=0.5,curve,-0.5629691409507924,-0.5629691409507924,0.04774899294032209,,1
a,theta=0.5,curve,-0.5613010842368641,-0.5613010842368641,0.04811418467293771,,1
a,theta=0.5,curve,-0.5596330275229358,-0.5596330275229358,0.04848076761215392,,1
a,theta=0.5,curve,-0.5579649708090075,-0.5579649708090075,0.04884874175797038,,1
a,theta=0.5,curve,-0.5562969140950793,-0.5562969140950793,0.04921810711038732,,1
a,theta=0.5,curve,-0.554628857381151,-0.554628857381151,0.04958886366940485,,1
a,theta=0.5,curve,-0.5529608006672226,-0.5529608006672226,0.04996101143502263,,1
a,theta=0.5,curve,-0.5512927439532944,-0.5512927439532944,0.050334550407241,,1
a,theta=0.5,curve,-0.5496246872393662,-0.5496246872393662,0.05070948058605973,,1
a,theta=0.5,curve,-0.5479566305254379,-0.5479566305254379,0.05108580197147883,,1
a,theta=0.5,curve,-0.5462885738115096,-0.5462885738115096,0.0514635145634984,,1
a,theta=0.5,curve,-0.5446205170975813,-0.5446205170975813,0.051842618362118564,,1
a,theta=0.5,curve,-0.5429524603836531,-0.5429524603836531,0.05222311336733909,,1
a,theta=0.5,curve,-0.5412844036697249,-0.5412844036697249,0.05260499957915998,,1
a,theta=0.5,curve,-0.5396163469557965,-0.5396163469557965,0.05298827699758146,,1
a,theta=0.5,curve,-0.5379482902418682,-0.5379482902418682,0.053372945622603196,,1
a,theta=0.5,curve,-0.53628023352794,-0.53628023352794,0.05375900545422552,,1
a,theta=0.5,curve,-0.5346121768140117,-0.5346121768140117,0.0541464564924482,,1
a,theta=0.5,curve,-0.5329441201000834,-0.5329441201000834,0.054535298737271254,,1
a,theta=0.5,curve,-0.5312760633861551,-0.5312760633861551,0.05492553218869489,,1
a,theta=0.5,curve,-0.5296080066722268,-0.5296080066722268,0.055317156846718896,,1
a,theta=0.5,curve,-0.5279399499582986,-0.5279399499582986,0.055710172711343375,,1
a,theta=0.5,curve,-0.5262718932443704,-0.5262718932443704,0.05610457978256833,,1
a,theta=0.5,curve,-0.5246038365304421,-0.5246038365304421,0.05650037806039376,,1
a,theta=0.5,curve,-0.5229357798165137,-0.5229357798165137,0.05689756754481945,,1
a,theta=0.5,curve,-0.5212677231025855,-0.5212677231025855,0.05729614823584572,,1
a,theta=0.5,curve,-0.5195996663886573,-0.5195996663886573,0.05769612013347236,,1
a,theta=0.5,curve,-0.517931609674729,-0.517931609674729,0.058097483237699366,,1
a,theta=0.5,curve,-0.5162635529608006,-0.5162635529608006,0.05850023754852707,,1
a,theta=0.5,curve,-0.5145954962468724,-0.5145954962468724,0.058904383065955024,,1
a,theta=0.5,curve,-0.5129274395329442,-0.5129274395329442,0.059309919789983456,,1
a,theta=0.5,curve,-0.5112593828190158,-0.5112593828190158,0.059716847720612365,,1
a,theta=0.5,curve,-0.5095913261050876,-0.5095913261050876,0.06012516685784175,,1
a,theta=0.5,curve,-0.5079232693911593,-0.5079232693911593,0.06053487720167139,,1
a,theta=0.5,curve,-0.5062552126772311,-0.5062552126772311,0.060945978752101615,,1
a,theta=0.5,curve,-0.5045871559633028,-0.5045871559633028,0.061358471509132206,,1
a,theta=0.5,curve,-0.5029190992493745,-0.5029190992493745,0.06177235547276316,,1
a,theta=0.5,curve,-0.5012510425354462,-0.5012510425354462,0.06218763064299482,,1
a,theta=0.5,curve,-0.49958298582151794,-0.49958298582151794,0.06260429701982673,,1
a,theta=0.5,curve,-0.4979149291075897,-0.4979149291075897,0.06302235460325911,,1
a,theta=0.5,curve,-0.4962468723936614,-0.4962468723936614,0.06344180339329208,,1
a,theta=0.5,curve,-0.49457881567973316,-0.49457881567973316,0.06386264338992542,,1
a,theta=0.5,curve,-0.49291075896580483,-0.49291075896580483,0.06428487459315901,,1
a,theta=0.5,curve,-0.4912427022518766,-0.4912427022518766,0.06470849700299319,,1
a,theta=0.5,curve,-0.48957464553794827,-0.48957464553794827,0.06513351061942774,,1
a,theta=0.5,curve,-0.48790658882402005,-0.48790658882402005,0.06555991544246276,,1
a,theta=0.5,curve,-0.4862385321100917,-0.4862385321100917,0.06598771147209836,,1
a,theta=0.5,curve,-0.4845704753961635,-0.4845704753961635,0.06641689870833423,,1
a,theta=0.5,curve,-0.48290241868223527,-0.48290241868223527,0.06684747715117056,,1
a,theta=0.5,curve,-0.48123436196830693,-0.48123436196830693,0.06727944680060749,,1
a,theta=0.5,curve,-0.4795663052543787,-0.4795663052543787,0.06771280765664467,,1
a,theta=0.5,curve,-0.4778982485404504,-0.4778982485404504,0.06814755971928232,,1
a,theta=0.5,curve,-0.47623019182652215,-0.47623019182652215,0.06858370298852046,,1
a,theta=0.5,curve,-0.4745621351125938,-0.4745621351125938,0.06902123746435895,,1
a,theta=0.5,curve,-0.4728940783986656,-0.4728940783986656,0.06946016314679793,,1
a,theta=0.5,curve,-0.47122602168473726,-0.47122602168473726,0.06990048003583749,,1
a,theta=0.5,curve,-0.46955796497080904,-0.46955796497080904,0.07034218813147741,,1
a,theta=0.5,curve,-0.4678899082568807,-0.4678899082568807,0.07078528743371781,,1
a,theta=0.5,curve,-0.4662218515429525,-0.4662218515429525,0.07122977794255858,,1
a,theta=0.5,curve,-0.46455379482902426,-0.46455379482902426,0.07167565965799971,,1
a,theta=0.5,curve,-0.4628857381150959,-0.4628857381150959,0.07212293258004132,,1
a,theta=0.5,curve,-0.4612176814011677,-0.4612176814011677,0.0725715967086834,,1
a,theta=0.5,curve,-0.45954962468723937,-0.45954962468723937,0.07302165204392586,,1
a,theta=0.5,curve,-0.45788156797331114,-0.45788156797331114,0.07347309858576878,,1
a,theta=0.5,curve,-0.4562135112593828,-0.4562135112593828,0.0739259363342123,,1
a,theta=0.5,curve,-0.4545454545454546,-0.4545454545454546,0.07438016528925617,,1
a,theta=0.5,curve,-0.45287739783152625,-0.45287739783152625,0.07483578545090053,,1
a,theta=0.5,curve,-0.45120934111759803,-0.45120934111759803,0.07529279681914525,,1
a,theta=0.5,curve,-0.4495412844036697,-0.4495412844036697,0.07575119939399044,,1
a,theta=0.5,curve,-0.44787322768974147,-0.44787322768974147,0.076210993175436,,1
a,theta=0.5,curve,-0.44620517097581325,-0.44620517097581325,0.07667217816348204,,1
a,theta=0.5,curve,-0.4445371142618849,-0.4445371142618849,0.07713475435812844,,1
a,theta=0.5,curve,-0.4428690575479567,-0.4428690575479567,0.07759872175937543,,1
a,theta=0.5,curve,-0.44120100083402836,-0.44120100083402836,0.0780640803672229,,1
a,theta=0.5,curve,-0.43953294412010013,-0.43953294412010013,0.07853083018167073,,1
a,theta=0.5,curve,-0.4378648874061718,-0.4378648874061718,0.07899897120271904,,1
a,theta=0.5,curve,-0.4361968306922436,-0.4361968306922436,0.07946850343036771,,1
a,theta=0.5,curve,-0.43452877397831524,-0.43452877397831524,0.07993942686461686,,1
a,theta=0.5,curve,-0.432860717264387,-0.432860717264387,0.08041174150546637,,1
a,theta=0.5,curve,-0.4311926605504587,-0.4311926605504587,0.08088544735291636,,1
a,theta=0.5,curve,-0.42952460383653046,-0.42952460383653046,0.08136054440696683,,1
a,theta=0.5,curve,-0.42785654712260224,-0.42785654712260224,0.08183703266761766,,1
a,theta=0.5,curve,-0.4261884904086739,-0.4261884904086739,0.08231491213486908,,1
a,theta=0.5,curve,-0.4245204336947457,-0.4245204336947457,0.08279418280872086,,1
a,theta=0.5,curve,-0.42285237698081735,-0.42285237698081735,0.08327484468917323,,1
a,theta=0.5,curve,-0.4211843202668891,-0.4211843202668891,0.08375689777622586,,1
a,theta=0.5,curve,-0.4195162635529608,-0.4195162635529608,0.08424034206987896,,1
a,theta=0.5,curve,-0.41784820683903257,-0.41784820683903257,0.08472517757013243,,1
a,theta=0.5,curve,-0.41618015012510423,-0.41618015012510423,0.08521140427698637,,1
a,theta=0.5,curve,-0.414512093411176,-0.414512093411176,0.08569902219044079,,1
a,theta=0.5,curve,-0.4128440366972477,-0.4128440366972477,0.08618803131049574,,1
a,theta=0.5,curve,-0.41117597998331945,-0.41117597998331945,0.08667843163715105,,1
a,theta=0.5,curve,-0.4095079232693912,-0.4095079232693912,0.08717022317040679,,1
a,theta=0.5,curve,-0.4078398665554629,-0.4078398665554629,0.08766340591026306,,1
a,theta=0.5,curve,-0.40617180984153467,-0.40617180984153467,0.08815797985671969,,1
a,theta=0.5,curve,-0.40450375312760634,-0.40450375312760634,0.08865394500977669,,1
a,theta=0.5,curve,-0.4028356964136781,-0.4028356964136781,0.08915130136943422,,1
a,theta=0.5,curve,-0.4011676396997498,-0.4011676396997498,0.08965004893569212,,1
a,theta=0.5,curve,-0.39949958298582156,-0.39949958298582156,0.09015018770855049,,1
a,theta=0.5,curve,-0.3978315262718932,-0.3978315262718932,0.09065171768800939,,1
a,theta=0.5,curve,-0.396163469557965,-0.396163469557965,0.09115463887406866,,1
a,theta=0.5,curve,-0.3944954128440368,-0.3944954128440368,0.09165895126672835,,1
a,theta=0.5,curve,-0.39282735613010844,-0.39282735613010844,0.09216465486598863,,1
a,theta=0.5,curve,-0.3911592994161802,-0.3911592994161802,0.09267174967184921,,1
a,theta=0.5,curve,-0.3894912427022519,-0.3894912427022519,0.09318023568431016,,1
a,theta=0.5,curve,-0.38782318598832366,-0.38782318598832366,0.09369011290337165,,1
a,theta=0.5,curve,-0.3861551292743953,-0.3861551292743953,0.0942013813290335,,1
a,theta=0.5,curve,-0.3844870725604671,-0.3844870725604671,0.09471404096129582,,1
a,theta=0.5,curve,-0.38281901584653877,-0.38281901584653877,0.09522809180015873,,1
a,theta=0.5,curve,-0.38115095913261055,-0.38115095913261055,0.09574353384562195,,1
a,theta=0.5,curve,-0.3794829024186822,-0.3794829024186822,0.09626036709768576,,1
a,theta=0.5,curve,-0.377814845704754,-0.377814845704754,0.09677859155634982,,1
a,theta=0.5,curve,-0.37614678899082576,-0.37614678899082576,0.09729820722161442,,1
a,theta=0.5,curve,-0.37447873227689743,-0.37447873227689743,0.09781921409347932,,1
a,theta=0.5,curve,-0.3728106755629692,-0.3728106755629692,0.09834161217194476,,1
a,theta=0.5,curve,-0.3711426188490409,-0.3711426188490409,0.09886540145701062,,1
a,theta=0.5,curve,-0.36947456213511265,-0.36947456213511265,0.09939058194867689,,1
a,theta=0.5,curve,-0.3678065054211843,-0.3678065054211843,0.09991715364694376,,1
a,theta=0.5,curve,-0.3661384487072561,-0.3661384487072561,0.10044511655181093,,1
a,theta=0.5,curve,-0.36447039199332776,-0.36447039199332776,0.10097447066327869,,1
a,theta=0.5,curve,-0.36280233527939953,-0.36280233527939953,0.10150521598134676,,1
a,theta=0.5,curve,-0.3611342785654712,-0.3611342785654712,0.10203735250601526,,1
a,theta=0.5,curve,-0.359466221851543,-0.359466221851543,0.10257088023728417,,1
a,theta=0.5,curve,-0.35779816513761475,-0.35779816513761475,0.10310579917515356,,1
a,theta=0.5,curve,-0.3561301084236864,-0.3561301084236864,0.10364210931962337,,1
a,theta=0.5,curve,-0.3544620517097582,-0.3544620517097582,0.10417981067069365,,1
a,theta=0.5,curve,-0.35279399499582986,-0.35279399499582986,0.10471890322836447,,1
a,theta=0.5,curve,-0.35112593828190164,-0.35112593828190164,0.10525938699263565,,1
a,theta=0.5,curve,-0.3494578815679733,-0.3494578815679733,0.10580126196350731,,1
a,theta=0.5,curve,-0.3477898248540451,-0.3477898248540451,0.10634452814097939,,1
a,theta=0.5,curve,-0.34612176814011675,-0.34612176814011675,0.10688918552505183,,1
a,theta=0.5,curve,-0.3444537114261885,-0.3444537114261885,0.10743523411572475,,1
a,theta=0.5,curve,-0.3427856547122602,-0.3427856547122602,0.10798267391299804,,1
a,theta=0.5,curve,-0.34111759799833197,-0.34111759799833197,0.10853150491687186,,1
a,theta=0.5,curve,-0.33944954128440374,-0.33944954128440374,0.1090817271273461,,1
a,theta=0.5,curve,-0.3377814845704754,-0.3377814845704754,0.10963334054442087,,1
a,theta=0.5,curve,-0.3361134278565472,-0.3361134278565472,0.110186345168096,,1
a,theta=0.5,curve,-0.33444537114261885,-0.33444537114261885,0.11074074099837167,,1
a,theta=0.5,curve,-0.33277731442869063,-0.33277731442869063,0.11129652803524764,,1
a,theta=0.5,curve,-0.3311092577147623,-0.3311092577147623,0.1118537062787241,,1
a,theta=0.5,curve,-0.32944120100083407,-0.32944120100083407,0.11241227572880097,,1
a,theta=0.5,curve,-0.32777314428690574,-0.32777314428690574,0.11297223638547826,,1
a,theta=0.5,curve,-0.3261050875729775,-0.3261050875729775,0.11353358824875598,,1
a,theta=0.5,curve,-0.3244370308590492,-0.3244370308590492,0.11409633131863434,,1
a,theta=0.5,curve,-0.32276897414512096,-0.32276897414512096,0.11466046559511295,,1
a,theta=0.5,curve,-0.32110091743119273,-0.32110091743119273,0.11522599107819204,,1
a,theta=0.5,curve,-0.3194328607172644,-0.3194328607172644,0.11579290776787166,,1
a,theta=0.5,curve,-0.3177648040033362,-0.3177648040033362,0.11636121566415164,,1
a,theta=0.5,curve,-0.31609674728940784,-0.31609674728940784,0.11693091476703205,,1
a,theta=0.5,curve,-0.3144286905754796,-0.3144286905754796,0.11750200507651287,,1
a,theta=0.5,curve,-0.3127606338615513,-0.3127606338615513,0.11807448659259412,,1
a,theta=0.5,curve,-0.31109257714762306,-0.31109257714762306,0.11864835931527584,,1
a,theta=0.5,curve,-0.3094245204336947,-0.3094245204336947,0.11922362324455815,,1
a,theta=0.5,curve,-0.3077564637197665,-0.3077564637197665,0.11980027838044072,,1
a,theta=0.5,curve,-0.3060884070058383,-0.3060884070058383,0.12037832472292381,,1
a,theta=0.5,curve,-0.30442035029190995,-0.30442035029190995,0.12095776227200739,,1
a,theta=0.5,curve,-0.3027522935779817,-0.3027522935779817,0.12153859102769132,,1
a,theta=0.5,curve,-0.3010842368640534,-0.3010842368640534,0.12212081098997568,,1
a,theta=0.5,curve,-0.29941618015012517,-0.29941618015012517,0.12270442215886046,,1
a,theta=0.5,curve,-0.29774812343619683,-0.29774812343619683,0.12328942453434572,,1
a,theta=0.5,curve,-0.2960800667222686,-0.2960800667222686,0.12387581811643139,,1
a,theta=0.5,curve,-0.2944120100083403,-0.2944120100083403,0.1244636029051176,,1
a,theta=0.5,curve,-0.29274395329441205,-0.29274395329441205,0.12505277890040423,,1
a,theta=0.5,curve,-0.2910758965804837,-0.2910758965804837,0.12564334610229133,,1
a,theta=0.5,curve,-0.2894078398665555,-0.2894078398665555,0.1262353045107788,,1
a,theta=0.5,curve,-0.28773978315262727,-0.28773978315262727,0.1268286541258667,,1
a,theta=0.5,curve,-0.28607172643869894,-0.28607172643869894,0.127423394947555,,1
a,theta=0.5,curve,-0.2844036697247707,-0.2844036697247707,0.12801952697584373,,1
a,theta=0.5,curve,-0.2827356130108424,-0.2827356130108424,0.12861705021073294,,1
a,theta=0.5,curve,-0.28106755629691416,-0.28106755629691416,0.12921596465222263,,1
a,theta=0.5,curve,-0.2793994995829858,-0.2793994995829858,0.12981627030031279,,1
a,theta=0.5,curve,-0.2777314428690576,-0.2777314428690576,0.13041796715500337,,1
a,theta=0.5,curve,-0.27606338615512926,-0.27606338615512926,0.13102105521629442,,1
a,theta=0.5,curve,-0.27439532944120104,-0.27439532944120104,0.13162553448418585,,1
a,theta=0.5,curve,-0.2727272727272727,-0.2727272727272727,0.1322314049586777,,1
a,theta=0.5,curve,-0.2710592160133445,-0.2710592160133445,0.13283866663977,,1
a,theta=0.5,curve,-0.26939115929941626,-0.26939115929941626,0.13344731952746275,,1
a,theta=0.5,curve,-0.2677231025854879,-0.2677231025854879,0.1340573636217559,,1
a,theta=0.5,curve,-0.2660550458715597,-0.2660550458715597,0.1346687989226495,,1
a,theta=0.5,curve,-0.26438698915763137,-0.26438698915763137,0.13528162543014371,,1
a,theta=0.5,curve,-0.26271893244370315,-0.26271893244370315,0.1358958431442382,,1
a,theta=0.5,curve,-0.2610508757297748,-0.2610508757297748,0.13651145206493326,,1
a,theta=0.5,curve,-0.2593828190158466,-0.2593828190158466,0.13712845219222863,,1
a,theta=0.5,curve,-0.25771476230191825,-0.25771476230191825,0.13774684352612443,,1
a,theta=0.5,curve,-0.25604670558799003,-0.25604670558799003,0.1383666260666207,,1
a,theta=0.5,curve,-0.2543786488740617,-0.2543786488740617,0.1389877998137174,,1
a,theta=0.5,curve,-0.2527105921601335,-0.2527105921601335,0.1396103647674145,,1
a,theta=0.5,curve,-0.25104253544620525,-0.25104253544620525,0.1402343209277121,,1
a,theta=0.5,curve,-0.24937447873227692,-0.24937447873227692,0.14085966829461027,,1
a,theta=0.5,curve,-0.2477064220183487,-0.2477064220183487,0.1414864068681087,,1
a,theta=0.5,curve,-0.24603836530442036,-0.24603836530442036,0.14211453664820772,,1
a,theta=0.5,curve,-0.24437030859049214,-0.24437030859049214,0.1427440576349071,,1
a,theta=0.5,curve,-0.2427022518765638,-0.2427022518765638,0.14337496982820686,,1
a,theta=0.5,curve,-0.24103419516263558,-0.24103419516263558,0.14400727322810708,,1
a,theta=0.5,curve,-0.23936613844870724,-0.23936613844870724,0.14464096783460773,,1
a,theta=0.5,curve,-0.23769808173477902,-0.23769808173477902,0.14527605364770885,,1
a,theta=0.5,curve,-0.2360300250208507,-0.2360300250208507,0.1459125306674105,,1
a,theta=0.5,curve,-0.23436196830692246,-0.23436196830692246,0.14655039889371252,,1
a,theta=0.5,curve,-0.23269391159299424,-0.23269391159299424,0.14718965832661496,,1
a,theta=0.5,curve,-0.2310258548790659,-0.2310258548790659,0.14783030896611793,,1
a,theta=0.5,curve,-0.22935779816513768,-0.22935779816513768,0.1484723508122212,,1
a,theta=0.5,curve,-0.22768974145120935,-0.22768974145120935,0.14911578386492497,,1
a,theta=0.5,curve,-0.22602168473728113,-0.22602168473728113,0.14976060812422914,,1
a,theta=0.5,curve,-0.2243536280233528,-0.2243536280233528,0.1504068235901338,,1
a,theta=0.5,curve,-0.22268557130942457,-0.22268557130942457,0.15105443026263887,,1
a,theta=0.5,curve,-0.22101751459549623,-0.22101751459549623,0.15170342814174448,,1
a,theta=0.5,curve,-0.219349457881568,-0.219349457881568,0.15235381722745045,,1
a,theta=0.5,curve,-0.21768140116763968,-0.21768140116763968,0.15300559751975695,,1
a,theta=0.5,curve,-0.21601334445371145,-0.21601334445371145,0.15365876901866377,,1
a,theta=0.5,curve,-0.21434528773978323,-0.21434528773978323,0.15431333172417105,,1
a,theta=0.5,curve,-0.2126772310258549,-0.2126772310258549,0.15496928563627876,,1
a,theta=0.5,curve,-0.21100917431192667,-0.21100917431192667,0.15562663075498695,,1
a,theta=0.5,curve,-0.20934111759799834,-0.20934111759799834,0.1562853670802955,,1
a,theta=0.5,curve,-0.20767306088407012,-0.20767306088407012,0.15694549461220453,,1
a,theta=0.5,curve,-0.20600500417014178,-0.20600500417014178,0.15760701335071414,,1
a,theta=0.5,curve,-0.20433694745621356,-0.20433694745621356,0.15826992329582407,,1
a,theta=0.5,curve,-0.20266889074228522,-0.20266889074228522,0.15893422444753452,,1
a,theta=0.5,curve,-0.201000834028357,-0.201000834028357,0.15959991680584534,,1
a,theta=0.5,curve,-0.19933277731442867,-0.19933277731442867,0.16026700037075658,,1
a,theta=0.5,curve,-0.19766472060050044,-0.19766472060050044,0.16093547514226825,,1
a,theta=0.5,curve,-0.19599666388657222,-0.19599666388657222,0.16160534112038039,,1
a,theta=0.5,curve,-0.19432860717264389,-0.19432860717264389,0.16227659830509295,,1
a,theta=0.5,curve,-0.19266055045871566,-0.19266055045871566,0.16294924669640592,,1
a,theta=0.5,curve,-0.19099249374478733,-0.19099249374478733,0.1636232862943195,,1
a,theta=0.5,curve,-0.1893244370308591,-0.1893244370308591,0.16429871709883337,,1
a,theta=0.5,curve,-0.18765638031693077,-0.18765638031693077,0.16497553910994783,,1
a,theta=0.5,curve,-0.18598832360300255,-0.18598832360300255,0.1656537523276626,,1
a,theta=0.5,curve,-0.1843202668890742,-0.1843202668890742,0.1663333567519778,,1
a,theta=0.5,curve,-0.182652210175146,-0.182652210175146,0.16701435238289342,,1
a,theta=0.5,curve,-0.18098415346121777,-0.18098415346121777,0.1676967392204095,,1
a,theta=0.5,curve,-0.17931609674728943,-0.17931609674728943,0.16838051726452602,,1
a,theta=0.5,curve,-0.1776480400333612,-0.1776480400333612,0.169065686515243,,1
a,theta=0.5,curve,-0.17597998331943288,-0.17597998331943288,0.16975224697256053,,1
a,theta=0.5,curve,-0.17431192660550465,-0.17431192660550465,0.17044019863647836,,1
a,theta=0.5,curve,-0.17264386989157632,-0.17264386989157632,0.17112954150699677,,1
a,theta=0.5,curve,-0.1709758131776481,-0.1709758131776481,0.1718202755841155,,1
a,theta=0.5,curve,-0.16930775646371976,-0.16930775646371976,0.1725124008678347,,1
a,theta=0.5,curve,-0.16763969974979154,-0.16763969974979154,0.17320591735815427,,1
a,theta=0.5,curve,-0.1659716430358632,-0.1659716430358632,0.17390082505507432,,1
a,theta=0.5,curve,-0.16430358632193498,-0.16430358632193498,0.17459712395859484,,1
a,theta=0.5,curve,-0.16263552960800676,-0.16263552960800676,0.17529481406871578,,1
a,theta=0.5,curve,-0.16096747289407842,-0.16096747289407842,0.17599389538543725,,1
a,theta=0.5,curve,-0.1592994161801502,-0.1592994161801502,0.1766943679087591,,1
a,theta=0.5,curve,-0.15763135946622187,-0.15763135946622187,0.17739623163868146,,1
a,theta=0.5,curve,-0.15596330275229364,-0.15596330275229364,0.17809948657520414,,1
a,theta=0.5,curve,-0.1542952460383653,-0.1542952460383653,0.1788041327183273,,1
a,theta=0.5,curve,-0.15262718932443708,-0.15262718932443708,0.17951017006805087,,1
a,theta=0.5,curve,-0.15095913261050875,-0.15095913261050875,0.18021759862437486,,1
a,theta=0.5,curve,-0.14929107589658053,-0.14929107589658053,0.18092641838729934,,1
a,theta=0.5,curve,-0.1476230191826522,-0.1476230191826522,0.18163662935682434,,1
a,theta=0.5,curve,-0.14595496246872397,-0.14595496246872397,0.18234823153294966,,1
a,theta=0.5,curve,-0.14428690575479575,-0.14428690575479575,0.18306122491567545,,1
a,theta=0.5,curve,-0.1426188490408674,-0.1426188490408674,0.18377560950500177,,1
a,theta=0.5,curve,-0.1409507923269392,-0.1409507923269392,0.18449138530092846,,1
a,theta=0.5,curve,-0.13928273561301086,-0.13928273561301086,0.18520855230345556,,1
a,theta=0.5,curve,-0.13761467889908263,-0.13761467889908263,0.1859271105125831,,1
a,theta=0.5,curve,-0.1359466221851543,-0.1359466221851543,0.18664705992831104,,1
a,theta=0.5,curve,-0.13427856547122607,-0.13427856547122607,0.18736840055063947,,1
a,theta=0.5,curve,-0.13261050875729774,-0.13261050875729774,0.18809113237956848,,1
a,theta=0.5,curve,-0.13094245204336952,-0.13094245204336952,0.18881525541509775,,1
a,theta=0.5,curve,-0.12927439532944118,-0.12927439532944118,0.18954076965722766,,1
a,theta=0.5,curve,-0.12760633861551296,-0.12760633861551296,0.19026767510595782,,1
a,theta=0.5,curve,-0.12593828190158474,-0.12593828190158474,0.19099597176128846,,1
a,theta=0.5,curve,-0.1242702251876564,-0.1242702251876564,0.19172565962321952,,1
a,theta=0.5,curve,-0.12260216847372818,-0.12260216847372818,0.192456738691751,,1
a,theta=0.5,curve,-0.12093411175979984,-0.12093411175979984,0.19318920896688296,,1
a,theta=0.5,curve,-0.11926605504587162,-0.11926605504587162,0.19392307044861534,,1
a,theta=0.5,curve,-0.11759799833194329,-0.11759799833194329,0.1946583231369483,,1
a,theta=0.5,curve,-0.11592994161801506,-0.11592994161801506,0.19539496703188158,,1
a,theta=0.5,curve,-0.11426188490408673,-0.11426188490408673,0.1961330021334154,,1
a,theta=0.5,curve,-0.11259382819015851,-0.11259382819015851,0.19687242844154956,,1
a,theta=0.5,curve,-0.11092577147623017,-0.11092577147623017,0.1976132459562841,,1
a,theta=0.5,curve,-0.10925771476230195,-0.10925771476230195,0.19835545467761917,,1
a,theta=0.5,curve,-0.10758965804837373,-0.10758965804837373,0.19909905460555466,,1
a,theta=0.5,curve,-0.10592160133444539,-0.10592160133444539,0.19984404574009051,,1
a,theta=0.5,curve,-0.10425354462051717,-0.10425354462051717,0.2005904280812269,,1
a,theta=0.5,curve,-0.10258548790658883,-0.10258548790658883,0.20133820162896382,,1
a,theta=0.5,curve,-0.10091743119266061,-0.10091743119266061,0.20208736638330105,,1
a,theta=0.5,curve,-0.09924937447873228,-0.09924937447873228,0.2028379223442388,,1
a,theta=0.5,curve,-0.09758131776480405,-0.09758131776480405,0.20358986951177693,,1
a,theta=0.5,curve,-0.09591326105087572,-0.09591326105087572,0.20434320788591548,,1
a,theta=0.5,curve,-0.0942452043369475,-0.0942452043369475,0.2050979374666545,,1
a,theta=0.5,curve,-0.09257714762301927,-0.09257714762301927,0.20585405825399394,,1
a,theta=0.5,curve,-0.09090909090909094,-0.09090909090909094,0.2066115702479338,,1
a,theta=0.5,curve,-0.08924103419516272,-0.08924103419516272,0.20737047344847415,,1
a,theta=0.5,curve,-0.08757297748123438,-0.08757297748123438,0.20813076785561502,,1
a,theta=0.5,curve,-0.08590492076730616,-0.08590492076730616,0.2088924534693562,,1
a,theta=0.5,curve,-0.08423686405337782,-0.08423686405337782,0.20965553028969797,,1
a,theta=0.5,curve,-0.0825688073394496,-0.0825688073394496,0.21041999831664004,,1
a,theta=0.5,curve,-0.08090075062552127,-0.08090075062552127,0.21118585755018254,,1
a,theta=0.5,curve,-0.07923269391159304,-0.07923269391159304,0.21195310799032552,,1
a,theta=0.5,curve,-0.07756463719766471,-0.07756463719766471,0.2127217496370689,,1
a,theta=0.5,curve,-0.07589658048373649,-0.07589658048373649,0.21349178249041278,,1
a,theta=0.5,curve,-0.07422852376980826,-0.07422852376980826,0.21426320655035708,,1
a,theta=0.5,curve,-0.07256046705587993,-0.07256046705587993,0.2150360218169019,,1
a,theta=0.5,curve,-0.0708924103419517,-0.0708924103419517,0.21581022829004703,,1
a,theta=0.5,curve,-0.06922435362802337,-0.06922435362802337,0.21658582596979276,,1
a,theta=0.5,curve,-0.06755629691409515,-0.06755629691409515,0.21736281485613884,,1
a,theta=0.5,curve,-0.06588824020016681,-0.06588824020016681,0.2181411949490853,,1
a,theta=0.5,curve,-0.06422018348623859,-0.06422018348623859,0.21892096624863222,,1
a,theta=0.5,curve,-0.06255212677231026,-0.06255212677231026,0.21970212875477962,,1
a,theta=0.5,curve,-0.060884070058382034,-0.060884070058382034,0.2204846824675274,,1
a,theta=0.5,curve,-0.0592160133444537,-0.0592160133444537,0.2212686273868758,,1
a,theta=0.5,curve,-0.057547956630525476,-0.057547956630525476,0.22205396351282447,,1
a,theta=0.5,curve,-0.05587989991659725,-0.05587989991659725,0.2228406908453736,,1
a,theta=0.5,curve,-0.05421184320266892,-0.05421184320266892,0.22362880938452329,,1
a,theta=0.5,curve,-0.052543786488740696,-0.052543786488740696,0.22441831913027332,,1
a,theta=0.5,curve,-0.05087572977481236,-0.05087572977481236,0.22520922008262373,,1
a,theta=0.5,curve,-0.04920767306088414,-0.04920767306088414,0.22600151224157466,,1
a,theta=0.5,curve,-0.047539616346955804,-0.047539616346955804,0.22679519560712597,,1
a,theta=0.5,curve,-0.04587155963302758,-0.04587155963302758,0.22759027017927774,,1
a,theta=0.5,curve,-0.04420350291909925,-0.04420350291909925,0.2283867359580301,,1
a,theta=0.5,curve,-0.042535446205171024,-0.042535446205171024,0.22918459294338273,,1
a,theta=0.5,curve,-0.04086738949124269,-0.04086738949124269,0.22998384113533593,,1
a,theta=0.5,curve,-0.039199332777314466,-0.039199332777314466,0.2307844805338895,,1
a,theta=0.5,curve,-0.03753127606338624,-0.03753127606338624,0.23158651113904344,,1
a,theta=0.5,curve,-0.03586321934945791,-0.03586321934945791,0.2323899329507979,,1
a,theta=0.5,curve,-0.034195162635529686,-0.034195162635529686,0.23319474596915274,,1
a,theta=0.5,curve,-0.03252710592160135,-0.03252710592160135,0.23400095019410805,,1
a,theta=0.5,curve,-0.030859049207673128,-0.030859049207673128,0.23480854562566378,,1
a,theta=0.5,curve,-0.029190992493744794,-0.029190992493744794,0.2356175322638201,,1
a,theta=0.5,curve,-0.02752293577981657,-0.02752293577981657,0.23642791010857667,,1
a,theta=0.5,curve,-0.025854879065888237,-0.025854879065888237,0.23723967915993388,,1
a,theta=0.5,curve,-0.024186822351960013,-0.024186822351960013,0.23805283941789135,,1
a,theta=0.5,curve,-0.02251876563803168,-0.02251876563803168,0.2388673908824493,,1
a,theta=0.5,curve,-0.020850708924103456,-0.020850708924103456,0.2396833335536077,,1
a,theta=0.5,curve,-0.019182652210175233,-0.019182652210175233,0.2405006674313665,,1
a,theta=0.5,curve,-0.0175145954962469,-0.0175145954962469,0.24131939251572576,,1
a,theta=0.5,curve,-0.015846538782318675,-0.015846538782318675,0.2421395088066855,,1
a,theta=0.5,curve,-0.014178482068390341,-0.014178482068390341,0.24296101630424577,,1
a,theta=0.5,curve,-0.012510425354462118,-0.012510425354462118,0.24378391500840635,,1
a,theta=0.5,curve,-0.010842368640533784,-0.010842368640533784,0.24460820491916746,,1
a,theta=0.5,curve,-0.00917431192660556,-0.00917431192660556,0.24543388603652894,,1
a,theta=0.5,curve,-0.007506255212677226,-0.007506255212677226,0.24626095836049083,,1
a,theta=0.5,curve,-0.005838198498749003,-0.005838198498749003,0.2470894218910532,,1
a,theta=0.5,curve,-0.004170141784820669,-0.004170141784820669,0.247919276628216,,1
a,theta=0.5,curve,-0.002502085070892446,-0.002502085070892446,0.24875052257197922,,1
a,theta=0.5,curve,-0.0008340283569642226,-0.0008340283569642226,0.2495831597223429,,1
a,theta=0.5,curve,0.0008340283569641116,0.0008340283569641116,0.25041718807930713,,1
a,theta=0.5,curve,0.002502085070892335,0.002502085070892335,0.25125260764287166,,1
a,theta=0.5,curve,0.004170141784820558,0.004170141784820558,0.25208941841303667,,1
a,theta=0.5,curve,0.005838198498749003,0.005838198498749003,0.2529276203898022,,1
a,theta=0.5,curve,0.007506255212677226,0.007506255212677226,0.2537672135731681,,1
a,theta=0.5,curve,0.00917431192660545,0.00917431192660545,0.2546081979631344,,1
a,theta=0.5,curve,0.010842368640533673,0.010842368640533673,0.25545057355970113,,1
a,theta=0.5,curve,0.012510425354462118,0.012510425354462118,0.25629434036286847,,1
a,theta=0.5,curve,0.014178482068390341,0.014178482068390341,0.25713949837263606,,1
a,theta=0.5,curve,0.015846538782318564,0.015846538782318564,0.2579860475890042,,1
a,theta=0.5,curve,0.017514595496246788,0.017514595496246788,0.25883398801197266,,1
a,theta=0.5,curve,0.01918265221017501,0.01918265221017501,0.2596833196415417,,1
a,theta=0.5,curve,0.020850708924103456,0.020850708924103456,0.26053404247771117,,1
a,theta=0.5,curve,0.02251876563803168,0.02251876563803168,0.26138615652048103,,1
a,theta=0.5,curve,0.024186822351959902,0.024186822351959902,0.26223966176985125,,1
a,theta=0.5,curve,0.025854879065888126,0.025854879065888126,0.26309455822582195,,1
a,theta=0.5,curve,0.02752293577981657,0.02752293577981657,0.26395084588839324,,1
a,theta=0.5,curve,0.029190992493744794,0.029190992493744794,0.2648085247575649,,1
a,theta=0.5,curve,0.030859049207673017,0.030859049207673017,0.2656675948333369,,1
a,theta=0.5,curve,0.03252710592160124,0.03252710592160124,0.2665280561157094,,1
a,theta=0.5,curve,0.034195162635529464,0.034195162635529464,0.2673899086046823,,1
a,theta=0.5,curve,0.03586321934945791,0.03586321934945791,0.2682531523002558,,1
a,theta=0.5,curve,0.03753127606338613,0.03753127606338613,0.2691177872024296,,1
a,theta=0.5,curve,0.039199332777314355,0.039199332777314355,0.2699838133112038,,1
a,theta=0.5,curve,0.04086738949124258,0.04086738949124258,0.2708512306265785,,1
a,theta=0.5,curve,0.042535446205171024,0.042535446205171024,0.27172003914855375,,1
a,theta=0.5,curve,0.04420350291909925,0.04420350291909925,0.2725902388771293,,1
a,theta=0.5,curve,0.04587155963302747,0.04587155963302747,0.2734618298123053,,1
a,theta=0.5,curve,0.04753961634695569,0.04753961634695569,0.27433481195408177,,1
a,theta=0.5,curve,0.04920767306088414,0.04920767306088414,0.27520918530245875,,1
a,theta=0.5,curve,0.05087572977481236,0.05087572977481236,0.27608494985743615,,1
a,theta=0.5,curve,0.052543786488740585,0.052543786488740585,0.2769621056190139,,1
a,theta=0.5,curve,0.05421184320266881,0.05421184320266881,0.2778406525871921,,1
a,theta=0.5,curve,0.05587989991659703,0.05587989991659703,0.27872059076197075,,1
a,theta=0.5,curve,0.057547956630525476,0.057547956630525476,0.27960192014334995,,1
a,theta=0.5,curve,0.0592160133444537,0.0592160133444537,0.2804846407313295,,1
a,theta=0.5,curve,0.06088407005838192,0.06088407005838192,0.2813687525259094,,1
a,theta=0.5,curve,0.06255212677231015,0.06255212677231015,0.2822542555270898,,1
a,theta=0.5,curve,0.06422018348623859,0.06422018348623859,0.2831411497348708,,1
a,theta=0.5,curve,0.06588824020016681,0.06588824020016681,0.28402943514925216,,1
a,theta=0.5,curve,0.06755629691409504,0.06755629691409504,0.2849191117702339,,1
a,theta=0.5,curve,0.06922435362802326,0.06922435362802326,0.28581017959781607,,1
a,theta=0.5,curve,0.07089241034195148,0.07089241034195148,0.28670263863199863,,1
a,theta=0.5,curve,0.07256046705587993,0.07256046705587993,0.28759648887278183,,1
a,theta=0.5,curve,0.07422852376980815,0.07422852376980815,0.2884917303201653,,1
a,theta=0.5,curve,0.07589658048373638,0.07589658048373638,0.28938836297414927,,1
a,theta=0.5,curve,0.0775646371976646,0.0775646371976646,0.2902863868347336,,1
a,theta=0.5,curve,0.07923269391159304,0.07923269391159304,0.29118580190191856,,1
a,theta=0.5,curve,0.08090075062552127,0.08090075062552127,0.29208660817570387,,1
a,theta=0.5,curve,0.08256880733944949,0.08256880733944949,0.29298880565608953,,1
a,theta=0.5,curve,0.08423686405337771,0.08423686405337771,0.2938923943430757,,1
a,theta=0.5,curve,0.08590492076730594,0.08590492076730594,0.29479737423666225,,1
a,theta=0.5,curve,0.08757297748123438,0.08757297748123438,0.2957037453368494,,1
a,theta=0.5,curve,0.0892410341951626,0.0892410341951626,0.29661150764363686,,1
a,theta=0.5,curve,0.09090909090909083,0.09090909090909083,0.29752066115702475,,1
a,theta=0.5,curve,0.09257714762301905,0.09257714762301905,0.2984312058770131,,1
a,theta=0.5,curve,0.0942452043369475,0.0942452043369475,0.299343141803602,,1
a,theta=0.5,curve,0.09591326105087572,0.09591326105087572,0.30025646893679125,,1
a,theta=0.5,curve,0.09758131776480394,0.09758131776480394,0.3011711872765809,,1
a,theta=0.5,curve,0.09924937447873217,0.09924937447873217,0.302087296822971,,1
a,theta=0.5,curve,0.10091743119266061,0.10091743119266061,0.30300479757596166,,1
a,theta=0.5,curve,0.10258548790658883,0.10258548790658883,0.3039236895355526,,1
a,theta=0.5,curve,0.10425354462051706,0.10425354462051706,0.30484397270174407,,1
a,theta=0.5,curve,0.10592160133444528,0.10592160133444528,0.3057656470745359,,1
a,theta=0.5,curve,0.1075896580483735,0.1075896580483735,0.3066887126539283,,1
a,theta=0.5,curve,0.10925771476230195,0.10925771476230195,0.3076131694399211,,1
a,theta=0.5,curve,0.11092577147623017,0.11092577147623017,0.30853901743251433,,1
a,theta=0.5,curve,0.1125938281901584,0.1125938281901584,0.3094662566317079,,1
a,theta=0.5,curve,0.11426188490408662,0.11426188490408662,0.31039488703750195,,1
a,theta=0.5,curve,0.11592994161801506,0.11592994161801506,0.3113249086498966,,1
a,theta=0.5,curve,0.11759799833194329,0.11759799833194329,0.3122563214688916,,1
a,theta=0.5,curve,0.11926605504587151,0.11926605504587151,0.31318912549448696,,1
a,theta=0.5,curve,0.12093411175979973,0.12093411175979973,0.3141233207266828,,1
a,theta=0.5,curve,0.12260216847372796,0.12260216847372796,0.3150589071654791,,1
a,theta=0.5,curve,0.1242702251876564,0.1242702251876564,0.3159958848108759,,1
a,theta=0.5,curve,0.12593828190158463,0.12593828190158463,0.3169342536628731,,1
a,theta=0.5,curve,0.12760633861551285,0.12760633861551285,0.3178740137214706,,1
a,theta=0.5,curve,0.12927439532944107,0.12927439532944107,0.31881516498666873,,1
a,theta=0.5,curve,0.13094245204336952,0.13094245204336952,0.3197577074584673,,1
a,theta=0.5,curve,0.13261050875729774,0.13261050875729774,0.32070164113686617,,1
a,theta=0.5,curve,0.13427856547122596,0.13427856547122596,0.3216469660218656,,1
a,theta=0.5,curve,0.1359466221851542,0.1359466221851542,0.3225936821134654,,1
a,theta=0.5,curve,0.13761467889908263,0.13761467889908263,0.3235417894116657,,1
a,theta=0.5,curve,0.13928273561301086,0.13928273561301086,0.3244912879164664,,1
a,theta=0.5,curve,0.14095079232693908,0.14095079232693908,0.32544217762786753,,1
a,theta=0.5,curve,0.1426188490408673,0.1426188490408673,0.32639445854586907,,1
a,theta=0.5,curve,0.14428690575479552,0.14428690575479552,0.3273481306704711,,1
a,theta=0.5,curve,0.14595496246872397,0.14595496246872397,0.3283031940016736,,1
a,theta=0.5,curve,0.1476230191826522,0.1476230191826522,0.32925964853947653,,1
a,theta=0.5,curve,0.14929107589658042,0.14929107589658042,0.3302174942838798,,1
a,theta=0.5,curve,0.15095913261050864,0.15095913261050864,0.3311767312348836,,1
a,theta=0.5,curve,0.15262718932443708,0.15262718932443708,0.3321373593924879,,1
a,theta=0.5,curve,0.1542952460383653,0.1542952460383653,0.3330993787566926,,1
a,theta=0.5,curve,0.15596330275229353,0.15596330275229353,0.33406278932749767,,1
a,theta=0.5,curve,0.15763135946622175,0.15763135946622175,0.3350275911049032,,1
a,theta=0.5,curve,0.15929941618014998,0.15929941618014998,0.3359937840889091,,1
a,theta=0.5,curve,0.16096747289407842,0.16096747289407842,0.33696136827951567,,1
a,theta=0.5,curve,0.16263552960800665,0.16263552960800665,0.33793034367672253,,1
a,theta=0.5,curve,0.16430358632193487,0.16430358632193487,0.3389007102805298,,1
a,theta=0.5,curve,0.1659716430358631,0.1659716430358631,0.3398724680909375,,1
a,theta=0.5,curve,0.16763969974979154,0.16763969974979154,0.3408456171079458,,1
a,theta=0.5,curve,0.16930775646371976,0.16930775646371976,0.34182015733155446,,1
a,theta=0.5,curve,0.17097581317764798,0.17097581317764798,0.3427960887617635,,1
a,theta=0.5,curve,0.1726438698915762,0.1726438698915762,0.343773411398573,,1
a,theta=0.5,curve,0.17431192660550465,0.17431192660550465,0.34475212524198307,,1
a,theta=0.5,curve,0.17597998331943288,0.17597998331943288,0.3457322302919934,,1
a,theta=0.5,curve,0.1776480400333611,0.1776480400333611,0.3467137265486042,,1
a,theta=0.5,curve,0.17931609674728932,0.17931609674728932,0.3476966140118155,,1
a,theta=0.5,curve,0.18098415346121755,0.18098415346121755,0.34868089268162716,,1
a,theta=0.5,curve,0.182652210175146,0.182652210175146,0.3496665625580394,,1
a,theta=0.5,curve,0.1843202668890742,0.1843202668890742,0.350653623641052,,1
a,theta=0.5,curve,0.18598832360300244,0.18598832360300244,0.351642075930665,,1
a,theta=0.5,curve,0.18765638031693066,0.18765638031693066,0.35263191942687844,,1
a,theta=0.5,curve,0.1893244370308591,0.1893244370308591,0.3536231541296925,,1
a,theta=0.5,curve,0.19099249374478733,0.19099249374478733,0.3546157800391068,,1
a,theta=0.5,curve,0.19266055045871555,0.19266055045871555,0.3556097971551216,,1
a,theta=0.5,curve,0.19432860717264377,0.19432860717264377,0.3566052054777368,,1
a,theta=0.5,curve,0.195996663886572,0.195996663886572,0.3576020050069525,,1
a,theta=0.5,curve,0.19766472060050044,0.19766472060050044,0.3586001957427687,,1
a,theta=0.5,curve,0.19933277731442867,0.19933277731442867,0.35959977768518525,,1
a,theta=0.5,curve,0.2010008340283569,0.2010008340283569,0.3606007508342022,,1
a,theta=0.5,curve,0.2026688907422851,0.2026688907422851,0.36160311518981963,,1
a,theta=0.5,curve,0.20433694745621356,0.20433694745621356,0.3626068707520376,,1
a,theta=0.5,curve,0.20600500417014178,0.20600500417014178,0.3636120175208559,,1
a,theta=0.5,curve,0.20767306088407,0.20767306088407,0.36461855549627464,,1
a,theta=0.5,curve,0.20934111759799823,0.20934111759799823,0.36562648467829384,,1
a,theta=0.5,curve,0.21100917431192645,0.21100917431192645,0.36663580506691346,,1
a,theta=0.5,curve,0.2126772310258549,0.2126772310258549,0.36764651666213366,,1
a,theta=0.5,curve,0.21434528773978312,0.21434528773978312,0.3686586194639542,,1
a,theta=0.5,curve,0.21601334445371134,0.21601334445371134,0.3696721134723751,,1
a,theta=0.5,curve,0.21768140116763957,0.21768140116763957,0.3706869986873965,,1
a,theta=0.5,curve,0.219349457881568,0.219349457881568,0.37170327510901846,,1
a,theta=0.5,curve,0.22101751459549623,0.22101751459549623,0.3727209427372407,,1
a,theta=0.5,curve,0.22268557130942446,0.22268557130942446,0.37374000157206344,,1
a,theta=0.5,curve,0.22435362802335268,0.22435362802335268,0.3747604516134866,,1
a,theta=0.5,curve,0.22602168473728113,0.22602168473728113,0.3757822928615103,,1
a,theta=0.5,curve,0.22768974145120935,0.22768974145120935,0.3768055253161343,,1
a,theta=0.5,curve,0.22935779816513757,0.22935779816513757,0.3778301489773588,,1
a,theta=0.5,curve,0.2310258548790658,0.2310258548790658,0.3788561638451837,,1
a,theta=0.5,curve,0.23269391159299402,0.23269391159299402,0.37988356991960903,,1
a,theta=0.5,curve,0.23436196830692246,0.23436196830692246,0.3809123672006349,,1
a,theta=0.5,curve,0.2360300250208507,0.2360300250208507,0.3819425556882612,,1
a,theta=0.5,curve,0.2376980817347789,0.2376980817347789,0.38297413538248787,,1
a,theta=0.5,curve,0.23936613844870713,0.23936613844870713,0.38400710628331497,,1
a,theta=0.5,curve,0.24103419516263558,0.24103419516263558,0.38504146839074266,,1
a,theta=0.5,curve,0.2427022518765638,0.2427022518765638,0.38607722170477066,,1
a,theta=0.5,curve,0.24437030859049202,0.24437030859049202,0.3871143662253991,,1
a,theta=0.5,curve,0.24603836530442025,0.24603836530442025,0.38815290195262797,,1
a,theta=0.5,curve,0.24770642201834847,0.24770642201834847,0.3891928288864573,,1
a,theta=0.5,curve,0.24937447873227692,0.24937447873227692,0.3902341470268872,,1
a,theta=0.5,curve,0.25104253544620514,0.25104253544620514,0.39127685637391735,,1
a,theta=0.5,curve,0.25271059216013336,0.25271059216013336,0.392320956927548,,1
a,theta=0.5,curve,0.2543786488740616,0.2543786488740616,0.39336644868777904,,1
a,theta=0.5,curve,0.25604670558799003,0.25604670558799003,0.39441333165461073,,1
a,theta=0.5,curve,0.25771476230191825,0.25771476230191825,0.3954616058280427,,1
a,theta=0.5,curve,0.2593828190158465,0.2593828190158465,0.39651127120807506,,1
a,theta=0.5,curve,0.2610508757297747,0.2610508757297747,0.3975623277947079,,1
a,theta=0.5,curve,0.26271893244370315,0.26271893244370315,0.39861477558794134,,1
a,theta=0.5,curve,0.26438698915763137,0.26438698915763137,0.39966861458777503,,1
a,theta=0.5,curve,0.2660550458715596,0.2660550458715596,0.4007238447942092,,1
a,theta=0.5,curve,0.2677231025854878,0.2677231025854878,0.40178046620724384,,1
a,theta=0.5,curve,0.26939115929941604,0.26939115929941604,0.40283847882687884,,1
a,theta=0.5,curve,0.2710592160133445,0.2710592160133445,0.40389788265311444,,1
a,theta=0.5,curve,0.2727272727272727,0.2727272727272727,0.4049586776859504,,1
a,theta=0.5,curve,0.27439532944120093,0.27439532944120093,0.4060208639253867,,1
a,theta=0.5,curve,0.27606338615512915,0.27606338615512915,0.4070844413714236,,1
a,theta=0.5,curve,0.2777314428690576,0.2777314428690576,0.4081494100240609,,1
a,theta=0.5,curve,0.2793994995829858,0.2793994995829858,0.40921576988329866,,1
a,theta=0.5,curve,0.28106755629691405,0.28106755629691405,0.4102835209491368,,1
a,theta=0.5,curve,0.28273561301084227,0.28273561301084227,0.4113526632215753,,1
a,theta=0.5,curve,0.2844036697247705,0.2844036697247705,0.41242319670061434,,1
a,theta=0.5,curve,0.28607172643869894,0.28607172643869894,0.4134951213862539,,1
a,theta=0.5,curve,0.28773978315262716,0.28773978315262716,0.4145684372784938,,1
a,theta=0.5,curve,0.2894078398665554,0.2894078398665554,0.41564314437733413,,1
a,theta=0.5,curve,0.2910758965804836,0.2910758965804836,0.41671924268277494,,1
a,theta=0.5,curve,0.29274395329441205,0.29274395329441205,0.4177967321948163,,1
a,theta=0.5,curve,0.2944120100083403,0.2944120100083403,0.4188756129134579,,1
a,theta=0.5,curve,0.2960800667222685,0.2960800667222685,0.4199558848387,,1
a,theta=0.5,curve,0.2977481234361967,0.2977481234361967,0.4210375479705425,,1
a,theta=0.5,curve,0.29941618015012494,0.29941618015012494,0.4221206023089855,,1
a,theta=0.5,curve,0.3010842368640534,0.3010842368640534,0.423205047854029,,1
a,theta=0.5,curve,0.3027522935779816,0.3027522935779816,0.4242908846056729,,1
a,theta=0.5,curve,0.30442035029190984,0.30442035029190984,0.4253781125639172,,1
a,theta=0.5,curve,0.30608840700583806,0.30608840700583806,0.4264667317287619,,1
a,theta=0.5,curve,0.3077564637197665,0.3077564637197665,0.4275567421002072,,1
a,theta=0.5,curve,0.3094245204336947,0.3094245204336947,0.4286481436782529,,1
a,theta=0.5,curve,0.31109257714762295,0.31109257714762295,0.4297409364628989,,1
a,theta=0.5,curve,0.3127606338615512,0.3127606338615512,0.4308351204541454,,1
a,theta=0.5,curve,0.3144286905754796,0.3144286905754796,0.4319306956519925,,1
a,theta=0.5,curve,0.31609674728940784,0.31609674728940784,0.43302766205643983,,1
a,theta=0.5,curve,0.31776480400333607,0.31776480400333607,0.43412601966748765,,1
a,theta=0.5,curve,0.3194328607172643,0.3194328607172643,0.43522576848513594,,1
a,theta=0.5,curve,0.3211009174311925,0.3211009174311925,0.4363269085093846,,1
a,theta=0.5,curve,0.32276897414512096,0.32276897414512096,0.4374294397402339,,1
a,theta=0.5,curve,0.3244370308590492,0.3244370308590492,0.4385333621776835,,1
a,theta=0.5,curve,0.3261050875729774,0.3261050875729774,0.43963867582173355,,1
a,theta=0.5,curve,0.3277731442869056,0.3277731442869056,0.440745380672384,,1
a,theta=0.5,curve,0.32944120100083407,0.32944120100083407,0.44185347672963504,,1
a,theta=0.5,curve,0.3311092577147623,0.3311092577147623,0.44296296399348634,,1
a,theta=0.5,curve,0.3327773144286905,0.3327773144286905,0.44407384246393816,,1
a,theta=0.5,curve,0.33444537114261874,0.33444537114261874,0.44518611214099035,,1
a,theta=0.5,curve,0.33611342785654696,0.33611342785654696,0.446299773024643,,1
a,theta=0.5,curve,0.3377814845704754,0.3377814845704754,0.4474148251148963,,1
a,theta=0.5,curve,0.33944954128440363,0.33944954128440363,0.44853126841174984,,1
a,theta=0.5,curve,0.34111759799833186,0.34111759799833186,0.4496491029152038,,1
a,theta=0.5,curve,0.3427856547122601,0.3427856547122601,0.45076832862525823,,1
a,theta=0.5,curve,0.3444537114261885,0.3444537114261885,0.4518889455419133,,1
a,theta=0.5,curve,0.34612176814011675,0.34612176814011675,0.4530109536651685,,1
a,theta=0.5,curve,0.34778982485404497,0.34778982485404497,0.4541343529950243,,1
a,theta=0.5,curve,0.3494578815679732,0.3494578815679732,0.4552591435314805,,1
a,theta=0.5,curve,0.35112593828190164,0.35112593828190164,0.4563853252745373,,1
a,theta=0.5,curve,0.35279399499582986,0.35279399499582986,0.45751289822419433,,1
a,theta=0.5,curve,0.3544620517097581,0.3544620517097581,0.45864186238045185,,1
a,theta=0.5,curve,0.3561301084236863,0.3561301084236863,0.4597722177433098,,1
a,theta=0.5,curve,0.35779816513761453,0.35779816513761453,0.4609039643127682,,1
a,theta=0.5,curve,0.359466221851543,0.359466221851543,0.4620371020888272,,1
a,theta=0.5,curve,0.3611342785654712,0.3611342785654712,0.46317163107148646,,1
a,theta=0.5,curve,0.3628023352793994,0.3628023352793994,0.46430755126074613,,1
a,theta=0.5,curve,0.36447039199332765,0.36447039199332765,0.4654448626566063,,1
a,theta=0.5,curve,0.3661384487072561,0.3661384487072561,0.4665835652590671,,1
a,theta=0.5,curve,0.3678065054211843,0.3678065054211843,0.4677236590681281,,1
a,theta=0.5,curve,0.36947456213511254,0.36947456213511254,0.46886514408378954,,1
a,theta=0.5,curve,0.37114261884904076,0.37114261884904076,0.4700080203060515,,1
a,theta=0.5,curve,0.372810675562969,0.372810675562969,0.4711522877349138,,1
a,theta=0.5,curve,0.37447873227689743,0.37447873227689743,0.47229794637037675,,1
a,theta=0.5,curve,0.37614678899082565,0.37614678899082565,0.47344499621244,,1
a,theta=0.5,curve,0.3778148457047539,0.3778148457047539,0.4745934372611037,,1
a,theta=0.5,curve,0.3794829024186821,0.3794829024186821,0.4757432695163678,,1
a,theta=0.5,curve,0.38115095913261055,0.38115095913261055,0.4768944929782325,,1
a,theta=0.5,curve,0.38281901584653877,0.38281901584653877,0.4780471076466975,,1
a,theta=0.5,curve,0.384487072560467,0.384487072560467,0.479201113521763,,1
a,theta=0.5,curve,0.3861551292743952,0.3861551292743952,0.4803565106034288,,1
a,theta=0.5,curve,0.38782318598832344,0.38782318598832344,0.48151329889169514,,1
a,theta=0.5,curve,0.3894912427022519,0.3894912427022519,0.48267147838656205,,1
a,theta=0.5,curve,0.3911592994161801,0.3911592994161801,0.48383104908802926,,1
a,theta=0.5,curve,0.39282735613010833,0.39282735613010833,0.4849920109960969,,1
a,theta=0.5,curve,0.39449541284403655,0.39449541284403655,0.48615436411076496,,1
a,theta=0.5,curve,0.396163469557965,0.396163469557965,0.48731810843203366,,1
a,theta=0.5,curve,0.3978315262718932,0.3978315262718932,0.4884832439599026,,1
a,theta=0.5,curve,0.39949958298582144,0.39949958298582144,0.48964977069437204,,1
a,theta=0.5,curve,0.40116763969974967,0.40116763969974967,0.4908176886354419,,1
a,theta=0.5,curve,0.4028356964136781,0.4028356964136781,0.49198699778311233,,1
a,theta=0.5,curve,0.40450375312760634,0.40450375312760634,0.493157698137383,,1
a,theta=0.5,curve,0.40617180984153456,0.40617180984153456,0.4943297896982542,,1
a,theta=0.5,curve,0.4078398665554628,0.4078398665554628,0.4955032724657258,,1
a,theta=0.5,curve,0.409507923269391,0.409507923269391,0.49667814643979785,,1
a,theta=0.5,curve,0.41117597998331945,0.41117597998331945,0.4978544116204705,,1
a,theta=0.5,curve,0.4128440366972477,0.4128440366972477,0.4990320680077434,,1
a,theta=0.5,curve,0.4145120934111759,0.4145120934111759,0.5002111156016168,,1
a,theta=0.5,curve,0.4161801501251041,0.4161801501251041,0.5013915544020906,,1
a,theta=0.5,curve,0.41784820683903257,0.41784820683903257,0.502573384409165,,1
a,theta=0.5,curve,0.4195162635529608,0.4195162635529608,0.5037566056228397,,1
a,theta=0.5,curve,0.421184320266889,0.421184320266889,0.5049412180431149,,1
a,theta=0.5,curve,0.42285237698081724,0.42285237698081724,0.5061272216699904,,1
a,theta=0.5,curve,0.42452043369474546,0.42452043369474546,0.5073146165034664,,1
a,theta=0.5,curve,0.4261884904086739,0.4261884904086739,0.5085034025435431,,1
a,theta=0.5,curve,0.4278565471226021,0.4278565471226021,0.5096935797902199,,1
a,theta=0.5,curve,0.42952460383653035,0.42952460383653035,0.5108851482434973,,1
a,theta=0.5,curve,0.4311926605504586,0.4311926605504586,0.512078107903375,,1
a,theta=0.5,curve,0.432860717264387,0.432860717264387,0.5132724587698534,,1
a,theta=0.5,curve,0.43452877397831524,0.43452877397831524,0.5144682008429321,,1
a,theta=0.5,curve,0.43619683069224346,0.43619683069224346,0.5156653341226112,,1
a,theta=0.5,curve,0.4378648874061717,0.4378648874061717,0.5168638586088907,,1
a,theta=0.5,curve,0.43953294412010013,0.43953294412010013,0.5180637743017709,,1
a,theta=0.5,curve,0.44120100083402836,0.44120100083402836,0.5192650812012513,,1
a,theta=0.5,curve,0.4428690575479566,0.4428690575479566,0.5204677793073321,,1
a,theta=0.5,curve,0.4445371142618848,0.4445371142618848,0.5216718686200135,,1
a,theta=0.5,curve,0.446205170975813,0.446205170975813,0.5228773491392952,,1
a,theta=0.5,curve,0.44787322768974147,0.44787322768974147,0.5240842208651775,,1
a,theta=0.5,curve,0.4495412844036697,0.4495412844036697,0.5252924837976601,,1
a,theta=0.5,curve,0.4512093411175979,0.4512093411175979,0.5265021379367432,,1
a,theta=0.5,curve,0.45287739783152614,0.45287739783152614,0.5277131832824267,,1
a,theta=0.5,curve,0.4545454545454546,0.4545454545454546,0.5289256198347108,,1
a,theta=0.5,curve,0.4562135112593828,0.4562135112593828,0.5301394475935952,,1
a,theta=0.5,curve,0.45788156797331103,0.45788156797331103,0.53135466655908,,1
a,theta=0.5,curve,0.45954962468723926,0.45954962468723926,0.5325712767311652,,1
a,theta=0.5,curve,0.4612176814011675,0.4612176814011675,0.533789278109851,,1
a,theta=0.5,curve,0.4628857381150959,0.4628857381150959,0.5350086706951372,,1
a,theta=0.5,curve,0.46455379482902415,0.46455379482902415,0.5362294544870239,,1
a,theta=0.5,curve,0.46622185154295237,0.46622185154295237,0.5374516294855108,,1
a,theta=0.5,curve,0.4678899082568806,0.4678899082568806,0.5386751956905983,,1
a,theta=0.5,curve,0.46955796497080904,0.46955796497080904,0.5399001531022865,,1
a,theta=0.5,curve,0.47122602168473726,0.47122602168473726,0.5411265017205747,,1
a,theta=0.5,curve,0.4728940783986655,0.4728940783986655,0.5423542415454635,,1
a,theta=0.5,curve,0.4745621351125937,0.4745621351125937,0.5435833725769528,,1
a,theta=0.5,curve,0.47623019182652215,0.47623019182652215,0.5448138948150426,,1
a,theta=0.5,curve,0.4778982485404504,0.4778982485404504,0.5460458082597327,,1
a,theta=0.5,curve,0.4795663052543786,0.4795663052543786,0.5472791129110233,,1
a,theta=0.5,curve,0.4812343619683068,0.4812343619683068,0.5485138087689142,,1
a,theta=0.5,curve,0.48290241868223505,0.48290241868223505,0.5497498958334057,,1
a,theta=0.5,curve,0.4845704753961635,0.4845704753961635,0.5509873741044977,,1
a,theta=0.5,curve,0.4862385321100917,0.4862385321100917,0.5522262435821901,,1
a,theta=0.5,curve,0.48790658882401994,0.48790658882401994,0.5534665042664828,,1
a,theta=0.5,curve,0.48957464553794816,0.48957464553794816,0.554708156157376,,1
a,theta=0.5,curve,0.4912427022518766,0.4912427022518766,0.5559511992548698,,1
a,theta=0.5,curve,0.49291075896580483,0.49291075896580483,0.5571956335589638,,1
a,theta=0.5,curve,0.49457881567973305,0.49457881567973305,0.5584414590696584,,1
a,theta=0.5,curve,0.4962468723936613,0.4962468723936613,0.5596886757869534,,1
a,theta=0.5,curve,0.4979149291075895,0.4979149291075895,0.5609372837108487,,1
a,theta=0.5,curve,0.49958298582151794,0.49958298582151794,0.5621872828413448,,1
a,theta=0.5,curve,0.5012510425354462,0.5012510425354462,0.563438673178441,,1
a,theta=0.5,curve,0.5029190992493744,0.5029190992493744,0.5646914547221378,,1
a,theta=0.5,curve,0.5045871559633026,0.5045871559633026,0.5659456274724348,,1
a,theta=0.5,curve,0.5062552126772311,0.5062552126772311,0.5672011914293327,,1
a,theta=0.5,curve,0.5079232693911593,0.5079232693911593,0.5684581465928307,,1
a,theta=0.5,curve,0.5095913261050875,0.5095913261050875,0.5697164929629291,,1
a,theta=0.5,curve,0.5112593828190157,0.5112593828190157,0.5709762305396281,,1
a,theta=0.5,curve,0.512927439532944,0.512927439532944,0.5722373593229274,,1
a,theta=0.5,curve,0.5145954962468724,0.5145954962468724,0.5734998793128274,,1
a,theta=0.5,curve,0.5162635529608006,0.5162635529608006,0.5747637905093277,,1
a,theta=0.5,curve,0.5179316096747288,0.5179316096747288,0.5760290929124283,,1
a,theta=0.5,curve,0.5195996663886571,0.5195996663886571,0.5772957865221294,,1
a,theta=0.5,curve,0.5212677231025855,0.5212677231025855,0.5785638713384312,,1
a,theta=0.5,curve,0.5229357798165137,0.5229357798165137,0.5798333473613332,,1
a,theta=0.5,curve,0.524603836530442,0.524603836530442,0.5811042145908356,,1
a,theta=0.5,curve,0.5262718932443702,0.5262718932443702,0.5823764730269385,,1
a,theta=0.5,curve,0.5279399499582986,0.5279399499582986,0.583650122669642,,1
a,theta=0.5,curve,0.5296080066722268,0.5296080066722268,0.5849251635189457,,1
a,theta=0.5,curve,0.5312760633861551,0.5312760633861551,0.58620159557485,,1
a,theta=0.5,curve,0.5329441201000833,0.5329441201000833,0.5874794188373547,,1
a,theta=0.5,curve,0.5346121768140115,0.5346121768140115,0.5887586333064597,,1
a,theta=0.5,curve,0.53628023352794,0.53628023352794,0.5900392389821655,,1
a,theta=0.5,curve,0.5379482902418682,0.5379482902418682,0.5913212358644714,,1
a,theta=0.5,curve,0.5396163469557964,0.5396163469557964,0.5926046239533778,,1
a,theta=0.5,curve,0.5412844036697246,0.5412844036697246,0.5938894032488846,,1
a,theta=0.5,curve,0.5429524603836531,0.5429524603836531,0.5951755737509922,,1
a,theta=0.5,curve,0.5446205170975813,0.5446205170975813,0.5964631354596999,,1
a,theta=0.5,curve,0.5462885738115095,0.5462885738115095,0.597752088375008,,1
a,theta=0.5,curve,0.5479566305254377,0.5479566305254377,0.5990424324969167,,1
a,theta=0.5,curve,0.549624687239366,0.549624687239366,0.6003341678254257,,1
a,theta=0.5,curve,0.5512927439532944,0.5512927439532944,0.6016272943605354,,1
a,theta=0.5,curve,0.5529608006672226,0.5529608006672226,0.6029218121022453,,1
a,theta=0.5,curve,0.5546288573811509,0.5546288573811509,0.6042177210505557,,1
a,theta=0.5,curve,0.5562969140950791,0.5562969140950791,0.6055150212054665,,1
a,theta=0.5,curve,0.5579649708090075,0.5579649708090075,0.6068137125669779,,1
a,theta=0.5,curve,0.5596330275229358,0.5596330275229358,0.6081137951350897,,1
a,theta=0.5,curve,0.561301084236864,0.561301084236864,0.6094152689098018,,1
a,theta=0.5,curve,0.5629691409507922,0.5629691409507922,0.6107181338911143,,1
a,theta=0.5,curve,0.5646371976647206,0.5646371976647206,0.6120223900790275,,1
a,theta=0.5,curve,0.5663052543786489,0.5663052543786489,0.613328037473541,,1
a,theta=0.5,curve,0.5679733110925771,0.5679733110925771,0.6146350760746548,,1
a,theta=0.5,curve,0.5696413678065053,0.5696413678065053,0.6159435058823692,,1
a,theta=0.5,curve,0.5713094245204335,0.5713094245204335,0.617253326896684,,1
a,theta=0.5,curve,0.572977481234362,0.572977481234362,0.6185645391175995,,1
a,theta=0.5,curve,0.5746455379482902,0.5746455379482902,0.6198771425451151,,1
a,theta=0.5,curve,0.5763135946622184,0.5763135946622184,0.6211911371792311,,1
a,theta=0.5,curve,0.5779816513761467,0.5779816513761467,0.6225065230199477,,1
a,theta=0.5,curve,0.5796497080900751,0.5796497080900751,0.6238233000672648,,1
a,theta=0.5,curve,0.5813177648040033,0.5813177648040033,0.6251414683211823,,1
a,theta=0.5,curve,0.5829858215179315,0.5829858215179315,0.6264610277817002,,1
a,theta=0.5,curve,0.5846538782318598,0.5846538782318598,0.6277819784488184,,1
a,theta=0.5,curve,0.586321934945788,0.586321934945788,0.6291043203225372,,1
a,theta=0.5,curve,0.5879899916597164,0.5879899916597164,0.6304280534028566,,1
a,theta=0.5,curve,0.5896580483736447,0.5896580483736447,0.6317531776897762,,1
a,theta=0.5,curve,0.5913261050875729,0.5913261050875729,0.6330796931832963,,1
a,theta=0.5,curve,0.5929941618015011,0.5929941618015011,0.6344075998834168,,1
a,theta=0.5,curve,0.5946622185154296,0.5946622185154296,0.6357368977901379,,1
a,theta=0.5,curve,0.5963302752293578,0.5963302752293578,0.6370675869034593,,1
a,theta=0.5,curve,0.597998331943286,0.597998331943286,0.6383996672233812,,1
a,theta=0.5,curve,0.5996663886572142,0.5996663886572142,0.6397331387499033,,1
a,theta=0.5,curve,0.6013344453711427,0.6013344453711427,0.6410680014830262,,1
a,theta=0.5,curve,0.6030025020850709,0.6030025020850709,0.6424042554227494,,1
a,theta=0.5,curve,0.6046705587989991,0.6046705587989991,0.643741900569073,,1
a,theta=0.5,curve,0.6063386155129273,0.6063386155129273,0.6450809369219971,,1
a,theta=0.5,curve,0.6080066722268556,0.6080066722268556,0.6464213644815215,,1
a,theta=0.5,curve,0.609674728940784,0.609674728940784,0.6477631832476466,,1
a,theta=0.5,curve,0.6113427856547122,0.6113427856547122,0.649106393220372,,1
a,theta=0.5,curve,0.6130108423686405,0.6130108423686405,0.6504509943996978,,1
a,theta=0.5,curve,0.6146788990825687,0.6146788990825687,0.651796986785624,,1
a,theta=0.5,curve,0.6163469557964971,0.6163469557964971,0.6531443703781509,,1
a,theta=0.5,curve,0.6180150125104253,0.6180150125104253,0.654493145177278,,1
a,theta=0.5,curve,0.6196830692243536,0.6196830692243536,0.6558433111830055,,1
a,theta=0.5,curve,0.6213511259382818,0.6213511259382818,0.6571948683953335,,1
a,theta=0.5,curve,0.62301918265221,0.62301918265221,0.658547816814262,,1
a,theta=0.5,curve,0.6246872393661385,0.6246872393661385,0.659902156439791,,1
a,theta=0.5,curve,0.6263552960800667,0.6263552960800667,0.6612578872719204,,1
a,theta=0.5,curve,0.6280233527939949,0.6280233527939949,0.6626150093106501,,1
a,theta=0.5,curve,0.6296914095079231,0.6296914095079231,0.6639735225559803,,1
a,theta=0.5,curve,0.6313594662218516,0.6313594662218516,0.6653334270079111,,1
a,theta=0.5,curve,0.6330275229357798,0.6330275229357798,0.6666947226664423,,1
a,theta=0.5,curve,0.634695579649708,0.634695579649708,0.6680574095315737,,1
a,theta=0.5,curve,0.6363636363636362,0.6363636363636362,0.6694214876033057,,1
a,theta=0.5,curve,0.6380316930775645,0.6380316930775645,0.670786956881638,,1
a,theta=0.5,curve,0.6396997497914929,0.6396997497914929,0.6721538173665711,,1
a,theta=0.5,curve,0.6413678065054211,0.6413678065054211,0.6735220690581044,,1
a,theta=0.5,curve,0.6430358632193494,0.6430358632193494,0.6748917119562381,,1
a,theta=0.5,curve,0.6447039199332776,0.6447039199332776,0.6762627460609723,,1
a,theta=0.5,curve,0.646371976647206,0.646371976647206,0.6776351713723071,,1
a,theta=0.5,curve,0.6480400333611342,0.6480400333611342,0.6790089878902421,,1
a,theta=0.5,curve,0.6497080900750625,0.6497080900750625,0.6803841956147776,,1
a,theta=0.5,curve,0.6513761467889907,0.6513761467889907,0.6817607945459135,,1
a,theta=0.5,curve,0.6530442035029191,0.6530442035029191,0.6831387846836501,,1
a,theta=0.5,curve,0.6547122602168474,0.6547122602168474,0.6845181660279869,,1
a,theta=0.5,curve,0.6563803169307756,0.6563803169307756,0.6858989385789241,,1
a,theta=0.5,curve,0.6580483736447038,0.6580483736447038,0.6872811023364618,,1
a,theta=0.5,curve,0.659716430358632,0.659716430358632,0.6886646573006,,1
a,theta=0.5,curve,0.6613844870725605,0.6613844870725605,0.6900496034713387,,1
a,theta=0.5,curve,0.6630525437864887,0.6630525437864887,0.6914359408486778,,1
a,theta=0.5,curve,0.6647206005004169,0.6647206005004169,0.6928236694326172,,1
a,theta=0.5,curve,0.6663886572143451,0.6663886572143451,0.6942127892231571,,1
a,theta=0.5,curve,0.6680567139282736,0.6680567139282736,0.6956033002202976,,1
a,theta=0.5,curve,0.6697247706422018,0.6697247706422018,0.6969952024240383,,1
a,theta=0.5,curve,0.67139282735613,0.67139282735613,0.6983884958343796,,1
a,theta=0.5,curve,0.6730608840700583,0.6730608840700583,0.6997831804513213,,1
a,theta=0.5,curve,0.6747289407839865,0.6747289407839865,0.7011792562748633,,1
a,theta=0.5,curve,0.6763969974979149,0.6763969974979149,0.7025767233050061,,1
a,theta=0.5,curve,0.6780650542118432,0.6780650542118432,0.703975581541749,,1
a,theta=0.5,curve,0.6797331109257714,0.6797331109257714,0.7053758309850925,,1
a,theta=0.5,curve,0.6814011676396996,0.6814011676396996,0.7067774716350363,,1
a,theta=0.5,curve,0.683069224353628,0.683069224353628,0.7081805034915808,,1
a,theta=0.5,curve,0.6847372810675563,0.6847372810675563,0.7095849265547255,,1
a,theta=0.5,curve,0.6864053377814845,0.6864053377814845,0.7109907408244707,,1
a,theta=0.5,curve,0.6880733944954127,0.6880733944954127,0.7123979463008163,,1
a,theta=0.5,curve,0.6897414512093412,0.6897414512093412,0.7138065429837626,,1
a,theta=0.5,curve,0.6914095079232694,0.6914095079232694,0.715216530873309,,1
a,theta=0.5,curve,0.6930775646371976,0.6930775646371976,0.716627909969456,,1
a,theta=0.5,curve,0.6947456213511258,0.6947456213511258,0.7180406802722034,,1
a,theta=0.5,curve,0.696413678065054,0.696413678065054,0.7194548417815512,,1
a,theta=0.5,curve,0.6980817347789825,0.6980817347789825,0.7208703944974997,,1
a,theta=0.5,curve,0.6997497914929107,0.6997497914929107,0.7222873384200483,,1
a,theta=0.5,curve,0.701417848206839,0.701417848206839,0.7237056735491975,,1
a,theta=0.5,curve,0.7030859049207672,0.7030859049207672,0.7251253998849471,,1
a,theta=0.5,curve,0.7047539616346956,0.7047539616346956,0.7265465174272974,,1
a,theta=0.5,curve,0.7064220183486238,0.7064220183486238,0.7279690261762478,,1
a,theta=0.5,curve,0.7080900750625521,0.7080900750625521,0.7293929261317987,,1
a,theta=0.5,curve,0.7097581317764803,0.7097581317764803,0.73081821729395,,1
a,theta=0.5,curve,0.7114261884904085,0.7114261884904085,0.7322448996627018,,1
a,theta=0.5,curve,0.713094245204337,0.713094245204337,0.7336729732380542,,1
a,theta=0.5,curve,0.7147623019182652,0.7147623019182652,0.7351024380200069,,1
a,theta=0.5,curve,0.7164303586321934,0.7164303586321934,0.73653329400856,,1
a,theta=0.5,curve,0.7180984153461216,0.7180984153461216,0.7379655412037136,,1
a,theta=0.5,curve,0.7197664720600501,0.7197664720600501,0.7393991796054677,,1
a,theta=0.5,curve,0.7214345287739783,0.7214345287739783,0.7408342092138221,,1
a,theta=0.5,curve,0.7231025854879065,0.7231025854879065,0.742270630028777,,1
a,theta=0.5,curve,0.7247706422018347,0.7247706422018347,0.7437084420503324,,1
a,theta=0.5,curve,0.726438698915763,0.726438698915763,0.7451476452784881,,1
a,theta=0.5,curve,0.7281067556296914,0.7281067556296914,0.7465882397132445,,1
a,theta=0.5,curve,0.7297748123436196,0.7297748123436196,0.7480302253546012,,1
a,theta=0.5,curve,0.7314428690575479,0.7314428690575479,0.7494736022025582,,1
a,theta=0.5,curve,0.7331109257714761,0.7331109257714761,0.7509183702571157,,1
a,theta=0.5,curve,0.7347789824854045,0.7347789824854045,0.7523645295182738,,1
a,theta=0.5,curve,0.7364470391993327,0.7364470391993327,0.7538120799860323,,1
a,theta=0.5,curve,0.738115095913261,0.738115095913261,0.7552610216603911,,1
a,theta=0.5,curve,0.7397831526271892,0.7397831526271892,0.7567113545413504,,1
a,theta=0.5,curve,0.7414512093411176,0.7414512093411176,0.7581630786289103,,1
a,theta=0.5,curve,0.7431192660550459,0.7431192660550459,0.7596161939230704,,1
a,theta=0.5,curve,0.7447873227689741,0.7447873227689741,0.7610707004238311,,1
a,theta=0.5,curve,0.7464553794829023,0.7464553794829023,0.7625265981311921,,1
a,theta=0.5,curve,0.7481234361968305,0.7481234361968305,0.7639838870451535,,1
a,theta=0.5,curve,0.749791492910759,0.749791492910759,0.7654425671657157,,1
a,theta=0.5,curve,0.7514595496246872,0.7514595496246872,0.766902638492878,,1
a,theta=0.5,curve,0.7531276063386154,0.7531276063386154,0.7683641010266409,,1
a,theta=0.5,curve,0.7547956630525436,0.7547956630525436,0.769826954767004,,1
a,theta=0.5,curve,0.7564637197664721,0.7564637197664721,0.771291199713968,,1
a,theta=0.5,curve,0.7581317764804003,0.7581317764804003,0.7727568358675321,,1
a,theta=0.5,curve,0.7597998331943285,0.7597998331943285,0.7742238632276967,,1
a,theta=0.5,curve,0.7614678899082568,0.7614678899082568,0.7756922817944616,,1
a,theta=0.5,curve,0.763135946622185,0.763135946622185,0.7771620915678271,,1
a,theta=0.5,curve,0.7648040033361134,0.7648040033361134,0.7786332925477931,,1
a,theta=0.5,curve,0.7664720600500416,0.7664720600500416,0.7801058847343595,,1
a,theta=0.5,curve,0.7681401167639699,0.7681401167639699,0.7815798681275262,,1
a,theta=0.5,curve,0.7698081734778981,0.7698081734778981,0.7830552427272934,,1
a,theta=0.5,curve,0.7714762301918265,0.7714762301918265,0.7845320085336613,,1
a,theta=0.5,curve,0.7731442869057548,0.7731442869057548,0.7860101655466294,,1
a,theta=0.5,curve,0.774812343619683,0.774812343619683,0.7874897137661979,,1
a,theta=0.5,curve,0.7764804003336112,0.7764804003336112,0.7889706531923669,,1
a,theta=0.5,curve,0.7781484570475397,0.7781484570475397,0.7904529838251365,,1
a,theta=0.5,curve,0.7798165137614679,0.7798165137614679,0.7919367056645064,,1
a,theta=0.5,curve,0.7814845704753961,0.7814845704753961,0.7934218187104767,,1
a,theta=0.5,curve,0.7831526271893243,0.7831526271893243,0.7949083229630474,,1
a,theta=0.5,curve,0.7848206839032525,0.7848206839032525,0.7963962184222185,,1
a,theta=0.5,curve,0.786488740617181,0.786488740617181,0.7978855050879904,,1
a,theta=0.5,curve,0.7881567973311092,0.7881567973311092,0.7993761829603624,,1
a,theta=0.5,curve,0.7898248540450374,0.7898248540450374,0.8008682520393349,,1
a,theta=0.5,curve,0.7914929107589657,0.7914929107589657,0.8023617123249078,,1
a,theta=0.5,curve,0.7931609674728941,0.7931609674728941,0.8038565638170814,,1
a,theta=0.5,curve,0.7948290241868223,0.7948290241868223,0.8053528065158552,,1
a,theta=0.5,curve,0.7964970809007506,0.7964970809007506,0.8068504404212294,,1
a,theta=0.5,curve,0.7981651376146788,0.7981651376146788,0.8083494655332042,,1
a,theta=0.5,curve,0.799833194328607,0.799833194328607,0.8098498818517793,,1
a,theta=0.5,curve,0.8015012510425354,0.8015012510425354,0.8113516893769551,,1
a,theta=0.5,curve,0.8031693077564637,0.8031693077564637,0.8128548881087311,,1
a,theta=0.5,curve,0.8048373644703919,0.8048373644703919,0.8143594780471075,,1
a,theta=0.5,curve,0.8065054211843201,0.8065054211843201,0.8158654591920844,,1
a,theta=0.5,curve,0.8081734778982486,0.8081734778982486,0.817372831543662,,1
a,theta=0.5,curve,0.8098415346121768,0.8098415346121768,0.8188815951018398,,1
a,theta=0.5,curve,0.811509591326105,0.811509591326105,0.820391749866618,,1
a,theta=0.5,curve,0.8131776480400332,0.8131776480400332,0.8219032958379967,,1
a,theta=0.5,curve,0.8148457047539615,0.8148457047539615,0.8234162330159758,,1
a,theta=0.5,curve,0.8165137614678899,0.8165137614678899,0.8249305614005555,,1
a,theta=0.5,curve,0.8181818181818181,0.8181818181818181,0.8264462809917354,,1
a,theta=0.5,curve,0.8198498748957463,0.8198498748957463,0.827963391789516,,1
a,theta=0.5,curve,0.8215179316096746,0.8215179316096746,0.8294818937938968,,1
a,theta=0.5,curve,0.823185988323603,0.823185988323603,0.8310017870048783,,1
a,theta=0.5,curve,0.8248540450375312,0.8248540450375312,0.8325230714224601,,1
a,theta=0.5,curve,0.8265221017514595,0.8265221017514595,0.8340457470466422,,1
a,theta=0.5,curve,0.8281901584653877,0.8281901584653877,0.8355698138774248,,1
a,theta=0.5,curve,0.8298582151793161,0.8298582151793161,0.8370952719148081,,1
a,theta=0.5,curve,0.8315262718932444,0.8315262718932444,0.8386221211587916,,1
a,theta=0.5,curve,0.8331943286071726,0.8331943286071726,0.8401503616093755,,1
a,theta=0.5,curve,0.8348623853211008,0.8348623853211008,0.84167999326656,,1
a,theta=0.5,curve,0.836530442035029,0.836530442035029,0.8432110161303448,,1
a,theta=0.5,curve,0.8381984987489575,0.8381984987489575,0.8447434302007303,,1
a,theta=0.5,curve,0.8398665554628857,0.8398665554628857,0.8462772354777159,,1
a,theta=0.5,curve,0.8415346121768139,0.8415346121768139,0.8478124319613021,,1
a,theta=0.5,curve,0.8432026688907421,0.8432026688907421,0.8493490196514887,,1
a,theta=0.5,curve,0.8448707256046706,0.8448707256046706,0.850886998548276,,1
a,theta=0.5,curve,0.8465387823185988,0.8465387823185988,0.8524263686516634,,1
a,theta=0.5,curve,0.848206839032527,0.848206839032527,0.8539671299616514,,1
a,theta=0.5,curve,0.8498748957464553,0.8498748957464553,0.8555092824782397,,1
a,theta=0.5,curve,0.8515429524603835,0.8515429524603835,0.8570528262014284,,1
a,theta=0.5,curve,0.8532110091743119,0.8532110091743119,0.8585977611312179,,1
a,theta=0.5,curve,0.8548790658882401,0.8548790658882401,0.8601440872676076,,1
a,theta=0.5,curve,0.8565471226021684,0.8565471226021684,0.8616918046105977,,1
a,theta=0.5,curve,0.8582151793160966,0.8582151793160966,0.8632409131601883,,1
a,theta=0.5,curve,0.859883236030025,0.859883236030025,0.8647914129163794,,1
a,theta=0.5,curve,0.8615512927439533,0.8615512927439533,0.8663433038791709,,1
a,theta=0.5,curve,0.8632193494578815,0.8632193494578815,0.8678965860485628,,1
a,theta=0.5,curve,0.8648874061718097,0.8648874061718097,0.869451259424555,,1
a,theta=0.5,curve,0.8665554628857381,0.8665554628857381,0.8710073240071481,,1
a,theta=0.5,curve,0.8682235195996664,0.8682235195996664,0.8725647797963413,,1
a,theta=0.5,curve,0.8698915763135946,0.8698915763135946,0.8741236267921348,,1
a,theta=0.5,curve,0.8715596330275228,0.8715596330275228,0.875683864994529,,1
a,theta=0.5,curve,0.873227689741451,0.873227689741451,0.8772454944035235,,1
a,theta=0.5,curve,0.8748957464553795,0.8748957464553795,0.8788085150191186,,1
a,theta=0.5,curve,0.8765638031693077,0.8765638031693077,0.8803729268413141,,1
a,theta=0.5,curve,0.8782318598832359,0.8782318598832359,0.8819387298701099,,1
a,theta=0.5,curve,0.8798999165971642,0.8798999165971642,0.8835059241055062,,1
a,theta=0.5,curve,0.8815679733110926,0.8815679733110926,0.8850745095475031,,1
a,theta=0.5,curve,0.8832360300250208,0.8832360300250208,0.8866444861961003,,1
a,theta=0.5,curve,0.884904086738949,0.884904086738949,0.8882158540512979,,1
a,theta=0.5,curve,0.8865721434528773,0.8865721434528773,0.889788613113096,,1
a,theta=0.5,curve,0.8882402001668055,0.8882402001668055,0.8913627633814944,,1
a,theta=0.5,curve,0.8899082568807339,0.8899082568807339,0.8929383048564935,,1
a,theta=0.5,curve,0.8915763135946622,0.8915763135946622,0.8945152375380929,,1
a,theta=0.5,curve,0.8932443703085904,0.8932443703085904,0.8960935614262927,,1
a,theta=0.5,curve,0.8949124270225186,0.8949124270225186,0.897673276521093,,1
a,theta=0.5,curve,0.896580483736447,0.896580483736447,0.8992543828224939,,1
a,theta=0.5,curve,0.8982485404503753,0.8982485404503753,0.900836880330495,,1
a,theta=0.5,curve,0.8999165971643035,0.8999165971643035,0.9024207690450966,,1
a,theta=0.5,curve,0.9015846538782317,0.9015846538782317,0.9040060489662985,,1
a,theta=0.5,curve,0.9032527105921602,0.9032527105921602,0.9055927200941013,,1
a,theta=0.5,curve,0.9049207673060884,0.9049207673060884,0.9071807824285041,,1
a,theta=0.5,curve,0.9065888240200166,0.9065888240200166,0.9087702359695075,,1
a,theta=0.5,curve,0.9082568807339448,0.9082568807339448,0.9103610807171112,,1
a,theta=0.5,curve,0.9099249374478731,0.9099249374478731,0.9119533166713154,,1
a,theta=0.5,curve,0.9115929941618015,0.9115929941618015,0.9135469438321203,,1
a,theta=0.5,curve,0.9132610508757297,0.9132610508757297,0.9151419621995254,,1
a,theta=0.5,curve,0.914929107589658,0.914929107589658,0.9167383717735309,,1
a,theta=0.5,curve,0.9165971643035862,0.9165971643035862,0.9183361725541369,,1
a,theta=0.5,curve,0.9182652210175146,0.9182652210175146,0.9199353645413435,,1
a,theta=0.5,curve,0.9199332777314428,0.9199332777314428,0.9215359477351505,,1
a,theta=0.5,curve,0.9216013344453711,0.9216013344453711,0.9231379221355577,,1
a,theta=0.5,curve,0.9232693911592993,0.9232693911592993,0.9247412877425655,,1
a,theta=0.5,curve,0.9249374478732275,0.9249374478732275,0.9263460445561736,,1
a,theta=0.5,curve,0.926605504587156,0.926605504587156,0.9279521925763825,,1
a,theta=0.5,curve,0.9282735613010842,0.9282735613010842,0.9295597318031915,,1
a,theta=0.5,curve,0.9299416180150124,0.9299416180150124,0.931168662236601,,1
a,theta=0.5,curve,0.9316096747289406,0.9316096747289406,0.932778983876611,,1
a,theta=0.5,curve,0.9332777314428691,0.9332777314428691,0.9343906967232215,,1
a,theta=0.5,curve,0.9349457881567973,0.9349457881567973,0.9360038007764324,,1
a,theta=0.5,curve,0.9366138448707255,0.9366138448707255,0.9376182960362436,,1
a,theta=0.5,curve,0.9382819015846537,0.9382819015846537,0.9392341825026553,,1
a,theta=0.5,curve,0.939949958298582,0.939949958298582,0.9408514601756675,,1
a,theta=0.5,curve,0.9416180150125104,0.9416180150125104,0.9424701290552803,,1
a,theta=0.5,curve,0.9432860717264386,0.9432860717264386,0.9440901891414933,,1
a,theta=0.5,curve,0.9449541284403669,0.9449541284403669,0.9457116404343068,,1
a,theta=0.5,curve,0.9466221851542951,0.9466221851542951,0.9473344829337207,,1
a,theta=0.5,curve,0.9482902418682235,0.9482902418682235,0.9489587166397352,,1
a,theta=0.5,curve,0.9499582985821518,0.9499582985821518,0.95058434155235,,1
a,theta=0.5,curve,0.95162635529608,0.95162635529608,0.9522113576715653,,1
a,theta=0.5,curve,0.9532944120100082,0.9532944120100082,0.9538397649973809,,1
a,theta=0.5,curve,0.9549624687239366,0.9549624687239366,0.9554695635297973,,1
a,theta=0.5,curve,0.9566305254378649,0.9566305254378649,0.9571007532688138,,1
a,theta=0.5,curve,0.9582985821517931,0.9582985821517931,0.9587333342144307,,1
a,theta=0.5,curve,0.9599666388657213,0.9599666388657213,0.9603673063666482,,1
a,theta=0.5,curve,0.9616346955796495,0.9616346955796495,0.9620026697254661,,1
a,theta=0.5,curve,0.963302752293578,0.963302752293578,0.9636394242908846,,1
a,theta=0.5,curve,0.9649708090075062,0.9649708090075062,0.9652775700629034,,1
a,theta=0.5,curve,0.9666388657214344,0.9666388657214344,0.9669171070415226,,1
a,theta=0.5,curve,0.9683069224353626,0.9683069224353626,0.9685580352267422,,1
a,theta=0.5,curve,0.9699749791492911,0.9699749791492911,0.9702003546185625,,1
a,theta=0.5,curve,0.9716430358632193,0.9716430358632193,0.971844065216983,,1
a,theta=0.5,curve,0.9733110925771475,0.9733110925771475,0.9734891670220039,,1
a,theta=0.5,curve,0.9749791492910758,0.9749791492910758,0.9751356600336253,,1
a,theta=0.5,curve,0.976647206005004,0.976647206005004,0.9767835442518472,,1
a,theta=0.5,curve,0.9783152627189324,0.9783152627189324,0.9784328196766696,,1
a,theta=0.5,curve,0.9799833194328607,0.9799833194328607,0.9800834863080924,,1
a,theta=0.5,curve,0.9816513761467889,0.9816513761467889,0.9817355441461155,,1
a,theta=0.5,curve,0.9833194328607171,0.9833194328607171,0.9833889931907391,,1
a,theta=0.5,curve,0.9849874895746455,0.9849874895746455,0.9850438334419634,,1
a,theta=0.5,curve,0.9866555462885738,0.9866555462885738,0.9867000648997879,,1
a,theta=0.5,curve,0.988323603002502,0.988323603002502,0.9883576875642128,,1
a,theta=0.5,curve,0.9899916597164302,0.9899916597164302,0.9900167014352381,,1
a,theta=0.5,curve,0.9916597164303587,0.9916597164303587,0.9916771065128641,,1
a,theta=0.5,curve,0.9933277731442869,0.9933277731442869,0.9933389027970904,,1
a,theta=0.5,curve,0.9949958298582151,0.9949958298582151,0.9950020902879171,,1
a,theta=0.5,curve,0.9966638865721433,0.9966638865721433,0.9966666689853442,,1
a,theta=0.5,curve,0.9983319432860716,0.9983319432860716,0.9983326388893717,,1
a,theta=0.5,curve,1.0,1.0,1.0,,1
b,"SSPRK(3,3)",interval,0.0,1.3228756555322954,1.0,outward,1
b,"SSPRK(3,3)",interval,1.3228756555322954,2.0,1.0,inward,1
b,"SSPRK(3,3)",threshold,1.3228756555322954,1.3228756555322954,1.0,inward,1
b,classical RK4,interval,0.0,0.8660254037844386,0.0,inward,1
b,classical RK4,interval,0.8660254037844386,2.0,0.0,outward,1
b,classical RK4,threshold,0.8660254037844386,0.8660254037844386,0.0,outward,1
